Date,Close,AdjClose
2006-06-21,1.128906011581421,0.9824457764625549
2006-06-22,1.102344036102295,0.9593295454978943
2006-06-23,1.0990630388259888,0.9564746618270874
2006-06-26,1.103124976158142,0.9600094556808472
2006-06-27,1.0618749856948853,0.9241110682487488
2006-06-28,1.0748440027236938,0.9353975653648376
2006-06-29,1.1398439407348633,0.9919641613960266
2006-06-30,1.128906011581421,0.9824457764625549
2006-07-03,1.142030954360962,0.9938677549362183
2006-07-05,1.0970309972763062,0.954706072807312
2006-07-06,1.0906250476837158,0.9491313695907593
2006-07-07,1.0667190551757812,0.9283264875411987
2006-07-10,1.049062967300415,0.9129613041877747
2006-07-11,1.066249966621399,0.927918553352356
2006-07-12,1.024062991142273,0.8912045955657959
2006-07-13,0.9914060235023499,0.8627844452857971
2006-07-14,0.971094012260437,0.8451076149940491
2006-07-17,0.9757810235023499,0.8491865992546082
2006-07-18,0.981249988079071,0.8539460897445679
2006-07-19,1.002500057220459,0.8724389672279358
2006-07-20,0.9751560091972351,0.8486425280570984
2006-07-21,0.953125,0.8294699788093567
2006-07-24,0.9882810115814209,0.8600648641586304
2006-07-25,0.9979689717292786,0.8684959411621094
2006-07-26,1.0,0.8702634572982788
2006-07-27,0.989844024181366,0.8614251613616943
2006-07-28,1.0293749570846558,0.8958274126052856
2006-07-31,1.027343988418579,0.8940598368644714
2006-08-01,0.9921879768371582,0.863464891910553
2006-08-02,1.0104689598083496,0.8793742060661316
2006-08-03,1.027343988418579,0.8940598368644714
2006-08-04,1.017969012260437,0.8859012722969055
2006-08-07,1.0056250095367432,0.8751586675643921
2006-08-08,0.9929689764976501,0.864144504070282
2006-08-09,0.9925000071525574,0.8637365698814392
2006-08-10,1.0051560401916504,0.8747506141662598
2006-08-11,0.9953129887580872,0.8661845326423645
2006-08-14,1.0043749809265137,0.8740707635879517
2006-08-15,1.0567189455032349,0.9196239709854126
2006-08-16,1.107030987739563,0.9634087085723877
2006-08-17,1.114063024520874,0.9695284962654114
2006-08-18,1.1124999523162842,0.9681681990623474
2006-08-21,1.0921880006790161,0.9504915475845337
2006-08-22,1.0950000286102295,0.9529386758804321
2006-08-23,1.0765630006790161,0.9368934631347656
2006-08-24,1.0848439931869507,0.9441002607345581
2006-08-25,1.089063048362732,0.9477716088294983
2006-08-28,1.104688048362732,0.9613695740699768
2006-08-29,1.111719012260437,0.9674883484840393
2006-08-30,1.1215629577636719,0.976055383682251
2006-08-31,1.120313048362732,0.9749674201011658
2006-09-01,1.1304689645767212,0.9838058948516846
2006-09-05,1.1507810354232788,1.001482605934143
2006-09-06,1.1059379577636719,0.962457537651062
2006-09-07,1.096094012260437,0.9538907408714294
2006-09-08,1.107030987739563,0.9634087085723877
2006-09-11,1.1218750476837158,0.976326584815979
2006-09-12,1.1654690504074097,1.0142650604248047
2006-09-13,1.178905963897705,1.025958776473999
2006-09-14,1.1776560544967651,1.0248706340789795
2006-09-15,1.1890629529953003,1.0347977876663208
2006-09-18,1.1881250143051147,1.0339818000793457
2006-09-19,1.1737500429153442,1.021471619606018
2006-09-20,1.2085939645767212,1.0517953634262085
2006-09-21,1.1929689645767212,1.0381970405578613
2006-09-22,1.1723439693450928,1.0202481746673584
2006-09-25,1.2156250476837158,1.0579137802124023
2006-09-26,1.2256250381469727,1.0666166543960571
2006-09-27,1.2193750143051147,1.0611779689788818
2006-09-28,1.2265629768371582,1.067433476448059
2006-09-29,1.2171880006790161,1.0592743158340454
2006-10-02,1.1875,1.0334380865097046
2006-10-03,1.195937991142273,1.040781021118164
2006-10-04,1.2507810592651367,1.0885088443756104
2006-10-05,1.2671879529953003,1.1027872562408447
2006-10-06,1.2601560354232788,1.0966676473617554
2006-10-09,1.2664060592651367,1.1021069288253784
2006-10-10,1.2734379768371582,1.1082264184951782
2006-10-11,1.2687499523162842,1.1041470766067505
2006-10-12,1.3109380006790161,1.1408613920211792
2006-10-13,1.320937991142273,1.1495646238327026
2006-10-16,1.323438048362732,1.1517398357391357
2006-10-17,1.2976560592651367,1.129302740097046
2006-10-18,1.2796880006790161,1.11366605758667
2006-10-19,1.290624976158142,1.1231836080551147
2006-10-20,1.2937500476837158,1.1259031295776367
2006-10-23,1.3168749809265137,1.1460281610488892
2006-10-24,1.3043750524520874,1.1351501941680908
2006-10-25,1.3203129768371582,1.1490203142166138
2006-10-26,1.341405987739563,1.1673765182495117
2006-10-27,1.3034379482269287,1.1343344449996948
2006-10-30,1.318750023841858,1.147660493850708
2006-10-31,1.3265630006790161,1.1544593572616577
2006-11-01,1.290624976158142,1.1231836080551147
2006-11-02,1.2918750047683716,1.1242715120315552
2006-11-03,1.2843749523162842,1.1177444458007812
2006-11-06,1.3132810592651367,1.1429002285003662
2006-11-07,1.339843988418579,1.1660172939300537
2006-11-08,1.357969045639038,1.181791067123413
2006-11-09,1.339063048362732,1.1653375625610352
2006-11-10,1.3539060354232788,1.1782549619674683
2006-11-13,1.3757810592651367,1.1972920894622803
2006-11-14,1.410938024520874,1.2278878688812256
2006-11-15,1.4198440313339233,1.2356384992599487
2006-11-16,1.4343750476837158,1.2482843399047852
2006-11-17,1.431249976158142,1.2455648183822632
2006-11-20,1.4367189407348633,1.2503238916397095
2006-11-21,1.4406249523162842,1.2537232637405396
2006-11-22,1.4587500095367432,1.2694969177246094
2006-11-24,1.4495309591293335,1.2614741325378418
2006-11-27,1.3842190504074097,1.2046353816986084
2006-11-28,1.388280987739563,1.2081704139709473
2006-11-29,1.410938024520874,1.2278878688812256
2006-11-30,1.4065630435943604,1.2240805625915527
2006-12-01,1.3878129720687866,1.2077629566192627
2006-12-04,1.4226560592651367,1.238085150718689
2006-12-05,1.4295309782028198,1.2440686225891113
2006-12-06,1.4190629720687866,1.234958291053772
2006-12-07,1.384374976158142,1.2047706842422485
2006-12-08,1.3984379768371582,1.2170093059539795
2006-12-11,1.4093749523162842,1.226527452468872
2006-12-12,1.3909380435943604,1.2104824781417847
2006-12-13,1.394531011581421,1.213609218597412
2006-12-14,1.424219012260437,1.2394455671310425
2006-12-15,1.433593988418579,1.2476046085357666
2006-12-18,1.4007810354232788,1.2190488576889038
2006-12-19,1.395313024520874,1.214289903640747
2006-12-20,1.301563024520874,1.2059078216552734
2006-12-21,1.283594012260437,1.18925940990448
2006-12-22,1.259374976158142,1.1668204069137573
2006-12-26,1.265625,1.172611117362976
2006-12-27,1.2779690027236938,1.1840481758117676
2006-12-28,1.2671879529953003,1.1740591526031494
2006-12-29,1.2662500143051147,1.1731901168823242
2007-01-03,1.270313024520874,1.1769543886184692
2007-01-04,1.3159379959106445,1.2192262411117554
2007-01-05,1.296875,1.2015644311904907
2007-01-08,1.3049999475479126,1.2090922594070435
2007-01-09,1.320937991142273,1.2238589525222778
2007-01-10,1.355468988418579,1.255852222442627
2007-01-11,1.3781249523162842,1.2768429517745972
2007-01-12,1.3921879529953003,1.289872407913208
2007-01-16,1.3921879529953003,1.289872407913208
2007-01-17,1.3668750524520874,1.266419529914856
2007-01-18,1.3109380006790161,1.2145940065383911
2007-01-19,1.314844012260437,1.2182129621505737
2007-01-22,1.2890629768371582,1.1943265199661255
2007-01-23,1.2829689979553223,1.1886802911758423
2007-01-24,1.321874976158142,1.2247270345687866
2007-01-25,1.285938024520874,1.1914310455322266
2007-01-26,1.2770309448242188,1.1831787824630737
2007-01-29,1.2845309972763062,1.1901278495788574
2007-01-30,1.2879689931869507,1.1933128833770752
2007-01-31,1.303905963897705,1.2080786228179932
2007-02-01,1.305469036102295,1.209526777267456
2007-02-02,1.3167190551757812,1.2199500799179077
2007-02-05,1.3121880292892456,1.2157520055770874
2007-02-06,1.306249976158142,1.2102503776550293
2007-02-07,1.3373440504074097,1.239059329032898
2007-02-08,1.3378130197525024,1.239493489265442
2007-02-09,1.2960939407348633,1.2008405923843384
2007-02-12,1.2857810258865356,1.1912857294082642
2007-02-13,1.2998440265655518,1.204314947128296
2007-02-14,1.3387500047683716,1.2403618097305298
2007-02-15,1.3529690504074097,1.2535362243652344
2007-02-16,1.348438024520874,1.249337911605835
2007-02-20,1.364063024520874,1.2638145685195923
2007-02-21,1.3729690313339233,1.2720659971237183
2007-02-22,1.3875000476837158,1.2855291366577148
2007-02-23,1.375,1.273947834968567
2007-02-26,1.3624999523162842,1.2623662948608398
2007-02-27,1.2312500476837158,1.1407623291015625
2007-02-28,1.2576559782028198,1.1652272939682007
2007-03-01,1.2445310354232788,1.1530672311782837
2007-03-02,1.2009379863739014,1.112677812576294
2007-03-05,1.1843750476837158,1.0973325967788696
2007-03-06,1.2276560068130493,1.1374326944351196
2007-03-07,1.216405987739563,1.1270091533660889
2007-03-08,1.239063024520874,1.1480011940002441
2007-03-09,1.2346880435943604,1.1439474821090698
2007-03-12,1.246093988418579,1.1545155048370361
2007-03-13,1.1989059448242188,1.1107953786849976
2007-03-14,1.2321879863739014,1.1416313648223877
2007-03-15,1.2287499904632568,1.1384462118148804
2007-03-16,1.2242189645767212,1.134247899055481
2007-03-19,1.2489060163497925,1.157120943069458
2007-03-20,1.265625,1.172611117362976
2007-03-21,1.3125,1.2160407304763794
2007-03-22,1.3046879768371582,1.2088030576705933
2007-03-23,1.2932809591293335,1.1982343196868896
2007-03-26,1.3032809495925903,1.2074997425079346
2007-03-27,1.2892190217971802,1.1946431398391724
2007-03-28,1.2625000476837158,1.1698845624923706
2007-03-29,1.260938048362732,1.168437123298645
2007-03-30,1.2653130292892456,1.1724913120269775
2007-04-02,1.2606250047683716,1.1681467294692993
2007-04-03,1.297031044960022,1.2018823623657227
2007-04-04,1.3046879768371582,1.208977460861206
2007-04-05,1.318750023841858,1.222008228302002
2007-04-09,1.312343955039978,1.2160718441009521
2007-04-10,1.3224999904632568,1.2254828214645386
2007-04-11,1.295469045639038,1.2004348039627075
2007-04-12,1.3179689645767212,1.2212843894958496
2007-04-13,1.3226560354232788,1.2256275415420532
2007-04-16,1.3457809686660767,1.2470561265945435
2007-04-17,1.3512500524520874,1.2521239519119263
2007-04-18,1.346094012260437,1.24734628200531
2007-04-19,1.3471879959106445,1.2483597993850708
2007-04-20,1.3674999475479126,1.2671818733215332
2007-04-23,1.3681249618530273,1.267760992050171
2007-04-24,1.3790630102157593,1.277896761894226
2007-04-25,1.4187500476837158,1.3146722316741943
2007-04-26,1.433593988418579,1.3284274339675903
2007-04-27,1.435155987739563,1.3298746347427368
2007-04-30,1.397655963897705,1.2951254844665527
2007-05-01,1.40625,1.303088903427124
2007-05-02,1.424219012260437,1.319739580154419
2007-05-03,1.435155987739563,1.3298746347427368
2007-05-04,1.4385939836502075,1.3330605030059814
2007-05-07,1.4353129863739014,1.3300200700759888
2007-05-08,1.4345309734344482,1.3292951583862305
2007-05-09,1.4451559782028198,1.3391411304473877
2007-05-10,1.4089059829711914,1.3055506944656372
2007-05-11,1.4420310258865356,1.3362451791763306
2007-05-14,1.4212499856948853,1.3169887065887451
2007-05-15,1.4007810354232788,1.2980214357376099
2007-05-16,1.4268749952316284,1.322201132774353
2007-05-17,1.4115630388259888,1.3080127239227295
2007-05-18,1.4346879720687866,1.3294408321380615
2007-05-21,1.4546879529953003,1.3479734659194946
2007-05-22,1.4564059972763062,1.3495656251907349
2007-05-23,1.443593978881836,1.337693452835083
2007-05-24,1.4028129577636719,1.299904227256775
2007-05-25,1.4178129434585571,1.3138034343719482
2007-05-29,1.4359380006790161,1.3305989503860474
2007-05-30,1.4614059925079346,1.3541991710662842
2007-05-31,1.4798439741134644,1.3712842464447021
2007-06-01,1.4785939455032349,1.3701258897781372
2007-06-04,1.4828130006790161,1.374035358428955
2007-06-05,1.4848439693450928,1.3759175539016724
2007-06-06,1.4509379863739014,1.344498872756958
2007-06-07,1.402500033378601,1.2996141910552979
2007-06-08,1.4401559829711914,1.334507703781128
2007-06-11,1.4343750476837158,1.3291513919830322
2007-06-12,1.4149999618530273,1.31119704246521
2007-06-13,1.4429689645767212,1.3371145725250244
2007-06-14,1.4684380292892456,1.3607150316238403
2007-06-15,1.496093988418579,1.3863425254821777
2007-06-18,1.4945310354232788,1.3848938941955566
2007-06-19,1.4926559925079346,1.383156418800354
2007-06-20,1.4659379720687866,1.3583984375
2007-06-21,1.4934380054473877,1.3838812112808228
2007-06-22,1.4642189741134644,1.356805443763733
2007-06-25,1.457031011581421,1.3501445055007935
2007-06-26,1.4406249523162842,1.334942102432251
2007-06-27,1.473438024520874,1.3653481006622314
2007-06-28,1.477187991142273,1.3688228130340576
2007-06-29,1.4864059686660767,1.3773647546768188
2007-07-02,1.5053130388259888,1.3948853015899658
2007-07-03,1.522655963897705,1.4109560251235962
2007-07-05,1.5399999618530273,1.4270271062850952
2007-07-06,1.558593988418579,1.4442572593688965
2007-07-09,1.559999942779541,1.445560097694397
2007-07-10,1.5345309972763062,1.4219597578048706
2007-07-11,1.5604690313339233,1.4459949731826782
2007-07-12,1.600780963897705,1.4833494424819946
2007-07-13,1.6243749856948853,1.5052129030227661
2007-07-16,1.622655987739563,1.5036194324493408
2007-07-17,1.6389060020446777,1.5186775922775269
2007-07-18,1.640625,1.5202703475952148
2007-07-19,1.6478129625320435,1.5269312858581543
2007-07-20,1.6339060068130493,1.5140446424484253
2007-07-23,1.631250023841858,1.5115833282470703
2007-07-24,1.5868749618530273,1.4704633951187134
2007-07-25,1.589063048362732,1.4724913835525513
2007-07-26,1.553905963897705,1.4399131536483765
2007-07-27,1.4920309782028198,1.3825775384902954
2007-07-30,1.5340629816055298,1.4215260744094849
2007-07-31,1.46875,1.3610042333602905
2007-08-01,1.486562967300415,1.3775103092193604
2007-08-02,1.5159380435943604,1.4047303199768066
2007-08-03,1.4557809829711914,1.3489865064620972
2007-08-06,1.484375,1.3754831552505493
2007-08-07,1.5026559829711914,1.3924226760864258
2007-08-08,1.546718955039978,1.4332534074783325
2007-08-09,1.4695310592651367,1.3617281913757324
2007-08-10,1.4418749809265137,1.3361005783081055
2007-08-13,1.4606250524520874,1.3534750938415527
2007-08-14,1.4140629768371582,1.3103288412094116
2007-08-15,1.361719012260437,1.2618247270584106
2007-08-16,1.330469012260437,1.2328672409057617
2007-08-17,1.3778129816055298,1.2767384052276611
2007-08-20,1.386718988418579,1.284990906715393
2007-08-21,1.425781011581421,1.3211872577667236
2007-08-22,1.4590630531311035,1.3520275354385376
2007-08-23,1.453125,1.3465253114700317
2007-08-24,1.496093988418579,1.3863425254821777
2007-08-27,1.4667190313339233,1.3591222763061523
2007-08-28,1.403905987739563,1.3009170293807983
2007-08-29,1.4810940027236938,1.372442603111267
2007-08-30,1.503906011581421,1.3935811519622803
2007-08-31,1.5301560163497925,1.417905569076538
2007-09-04,1.5835939645767212,1.4674233198165894
2007-09-05,1.5509380102157593,1.43716299533844
2007-09-06,1.546875,1.4333982467651367
2007-09-07,1.4957809448242188,1.386052131652832
2007-09-10,1.4934380054473877,1.3838812112808228
2007-09-11,1.53125,1.418919324874878
2007-09-12,1.5379689931869507,1.425145149230957
2007-09-13,1.5446879863739014,1.4313714504241943
2007-09-14,1.544530987739563,1.4312258958816528
2007-09-17,1.5185940265655518,1.4071917533874512
2007-09-18,1.5978130102157593,1.480599284172058
2007-09-19,1.6073440313339233,1.4894311428070068
2007-09-20,1.5970309972763062,1.479874610900879
2007-09-21,1.616405963897705,1.4978278875350952
2007-09-24,1.6339060068130493,1.5140446424484253
2007-09-25,1.662343978881836,1.5403958559036255
2007-09-26,1.6771880388259888,1.5541515350341797
2007-09-27,1.699218988418579,1.5745660066604614
2007-09-28,1.6890629529953003,1.565155267715454
2007-10-01,1.7179689407348633,1.5919408798217773
2007-10-02,1.7218749523162842,1.5955601930618286
2007-10-03,1.6953129768371582,1.570946455001831
2007-10-04,1.703125,1.5781855583190918
2007-10-05,1.7818750143051147,1.6511585712432861
2007-10-08,1.7953130006790161,1.663610577583313
2007-10-09,1.8156249523162842,1.6824328899383545
2007-10-10,1.825780987739563,1.6918436288833618
2007-10-11,1.772655963897705,1.642615795135498
2007-10-12,1.8239059448242188,1.6901061534881592
2007-10-15,1.7934379577636719,1.6618733406066895
2007-10-16,1.785156011581421,1.6541990041732788
2007-10-17,1.8232810497283936,1.689526915550232
2007-10-18,1.8356250524520874,1.7009655237197876
2007-10-19,1.7478129863739014,1.6195955276489258
2007-10-22,1.7846879959106445,1.653765320777893
2007-10-23,1.8465629816055298,1.7111014127731323
2007-10-24,1.835155963897705,1.7005306482315063
2007-10-25,1.8143750429153442,1.6812745332717896
2007-10-26,1.8371880054473877,1.7024139165878296
2007-10-29,1.8551559448242188,1.7190637588500977
2007-10-30,1.855468988418579,1.7193537950515747
2007-10-31,1.9135940074920654,1.7732146978378296
2007-11-01,1.8562500476837158,1.720077395439148
2007-11-02,1.875938057899475,1.7383215427398682
2007-11-05,1.853124976158142,1.7171814441680908
2007-11-06,1.883594036102295,1.7454158067703247
2007-11-07,1.795469045639038,1.6637554168701172
2007-11-08,1.667188048362732,1.5448848009109497
2007-11-09,1.5723439455032349,1.4569988250732422
2007-11-12,1.4898439645767212,1.3805506229400635
2007-11-13,1.6104689836502075,1.4923267364501953
2007-11-14,1.5885939598083496,1.4720561504364014
2007-11-15,1.558593988418579,1.4442572593688965
2007-11-16,1.5892189741134644,1.4726353883743286
2007-11-19,1.5487500429153442,1.4351353645324707
2007-11-20,1.5603129863739014,1.4458502531051636
2007-11-21,1.5125000476837158,1.401544451713562
2007-11-23,1.549375057220459,1.4357147216796875
2007-11-26,1.5078129768371582,1.397201418876648
2007-11-27,1.5543750524520874,1.4403477907180786
2007-11-28,1.647655963897705,1.5267856121063232
2007-11-29,1.660156011581421,1.5383687019348145
2007-11-30,1.6478129625320435,1.5269312858581543
2007-12-03,1.6176559925079346,1.4989867210388184
2007-12-04,1.602187991142273,1.484653353691101
2007-12-05,1.6589059829711914,1.5372108221054077
2007-12-06,1.695937991142273,1.5715261697769165
2007-12-07,1.7073440551757812,1.5820950269699097
2007-12-10,1.717344045639038,1.59136164188385
2007-12-11,1.6432809829711914,1.522732138633728
2007-12-12,1.6653130054473877,1.5431472063064575
2007-12-13,1.640781044960022,1.52041494846344
2007-12-14,1.615625023841858,1.4971046447753906
2007-12-17,1.5415630340576172,1.4284754991531372
2007-12-18,1.544374942779541,1.4310810565948486
2007-12-19,1.558593988418579,1.4442572593688965
2007-12-20,1.5403130054473877,1.5040346384048462
2007-12-21,1.59375,1.556213140487671
2007-12-24,1.6124999523162842,1.5745213031768799
2007-12-26,1.628906011581421,1.590540885925293
2007-12-27,1.5835939645767212,1.5462957620620728
2007-12-28,1.5792189836502075,1.5420244932174683
2007-12-31,1.5503129959106445,1.5137991905212402
2008-01-02,1.5007810592651367,1.4654338359832764
2008-01-03,1.509374976158142,1.4738248586654663
2008-01-04,1.378749966621399,1.346277117729187
2008-01-07,1.3609379529953003,1.3288841247558594
2008-01-08,1.298280954360962,1.2677029371261597
2008-01-09,1.339843988418579,1.3082867860794067
2008-01-10,1.3406250476837158,1.3090497255325317
2008-01-11,1.3035939931869507,1.2728908061981201
2008-01-14,1.337656021118164,1.3061505556106567
2008-01-15,1.276563048362732,1.2464964389801025
2008-01-16,1.239063024520874,1.2098798751831055
2008-01-17,1.2050000429153442,1.176619052886963
2008-01-18,1.198438048362732,1.1702117919921875
2008-01-22,1.1332809925079346,1.1065891981124878
2008-01-23,1.1432809829711914,1.1163538694381714
2008-01-24,1.176563024520874,1.148851752281189
2008-01-25,1.125,1.0985031127929688
2008-01-28,1.1421879529953003,1.1152862310409546
2008-01-29,1.1475000381469727,1.1204731464385986
2008-01-30,1.1460939645767212,1.1191002130508423
2008-01-31,1.1726560592651367,1.1450368165969849
2008-02-01,1.2109379768371582,1.1824170351028442
2008-02-04,1.1685940027236938,1.14107084274292
2008-02-05,1.1129690408706665,1.0867558717727661
2008-02-06,1.0656249523162842,1.0405267477035522
2008-02-07,1.087499976158142,1.0618864297866821
2008-02-08,1.1015629768371582,1.075618028640747
2008-02-11,1.1262500286102295,1.0997239351272583
2008-02-12,1.117969036102295,1.0916378498077393
2008-02-13,1.1578129529953003,1.1305432319641113
2008-02-14,1.121250033378601,1.0948413610458374
2008-02-15,1.1171879768371582,1.090875267982483
2008-02-19,1.1065629720687866,1.0805003643035889
2008-02-20,1.1167190074920654,1.0904172658920288
2008-02-21,1.0996880531311035,1.0737876892089844
2008-02-22,1.109375,1.0832464694976807
2008-02-25,1.1139060258865356,1.0876702070236206
2008-02-26,1.1242189407348633,1.0977404117584229
2008-02-27,1.1314059495925903,1.1047582626342773
2008-02-28,1.107030987739563,1.0809571743011475
2008-02-29,1.0740629434585571,1.0487656593322754
2008-03-03,1.050781011581421,1.0260319709777832
2008-03-04,1.0593750476837158,1.0344237089157104
2008-03-05,1.0796879529953003,1.0542584657669067
2008-03-06,1.0246880054473877,1.0005537271499634
2008-03-07,1.0192190408706665,0.9952136874198914
2008-03-10,0.9785940051078796,0.9555453658103943
2008-03-11,1.0673439502716064,1.0422048568725586
2008-03-12,1.0465630292892456,1.0219136476516724
2008-03-13,1.063438057899475,1.0383912324905396
2008-03-14,1.0206249952316284,0.9965866208076477
2008-03-17,0.9943749904632568,0.9709546566009521
2008-03-18,1.080469012260437,1.0550211668014526
2008-03-19,1.026563048362732,1.0023846626281738
2008-03-20,1.0556249618530273,1.030761957168579
2008-03-24,1.1421879529953003,1.1152862310409546
2008-03-25,1.1507810354232788,1.1236767768859863
2008-03-26,1.1281249523162842,1.1015546321868896
2008-03-27,1.1050000190734863,1.0789743661880493
2008-03-28,1.0882810354232788,1.0626492500305176
2008-03-31,1.0929689407348633,1.067226529121399
2008-04-01,1.1848440170288086,1.156937599182129
2008-04-02,1.1929689645767212,1.164871096611023
2008-04-03,1.1950000524520874,1.1668545007705688
2008-04-04,1.2009379863739014,1.1726526021957397
2008-04-07,1.1942189931869507,1.1660919189453125
2008-04-08,1.183593988418579,1.155717134475708
2008-04-09,1.1578129529953003,1.1305432319641113
2008-04-10,1.1853129863739014,1.157395601272583
2008-04-11,1.1217190027236938,1.0952996015548706
2008-04-14,1.105468988418579,1.0794320106506348
2008-04-15,1.107030987739563,1.0809571743011475
2008-04-16,1.188905954360962,1.1609039306640625
2008-04-17,1.191406011581421,1.163345217704773
2008-04-18,1.2389060258865356,1.209726333618164
2008-04-21,1.2554689645767212,1.225899338722229
2008-04-22,1.2312500476837158,1.202250599861145
2008-04-23,1.2443749904632568,1.2150665521621704
2008-04-24,1.2612500190734863,1.2315446138381958
2008-04-25,1.2625000476837158,1.232764720916748
2008-04-28,1.2668750286102295,1.2370365858078003
2008-04-29,1.2825000286102295,1.2522939443588257
2008-04-30,1.263280987739563,1.2335273027420044
2008-05-01,1.342344045639038,1.3107280731201172
2008-05-02,1.357030987739563,1.325069546699524
2008-05-05,1.3395309448242188,1.307981252670288
2008-05-06,1.368906021118164,1.3366643190383911
2008-05-07,1.3156249523162842,1.2846384048461914
2008-05-08,1.3173439502716064,1.2863167524337769
2008-05-09,1.3165630102157593,1.2855546474456787
2008-05-12,1.3657809495925903,1.3336132764816284
2008-05-13,1.3737499713897705,1.3413945436477661
2008-05-14,1.3623440265655518,1.3302568197250366
2008-05-15,1.415624976158142,1.382283091545105
2008-05-16,1.415624976158142,1.382283091545105
2008-05-19,1.4018750190734863,1.3688571453094482
2008-05-20,1.376405954360962,1.3439881801605225
2008-05-21,1.3198440074920654,1.2887580394744873
2008-05-22,1.317188024520874,1.2861645221710205
2008-05-23,1.3128130435943604,1.2818926572799683
2008-05-27,1.3571879863739014,1.3252226114273071
2008-05-28,1.3729690313339233,1.3406320810317993
2008-05-29,1.3979690074920654,1.365043044090271
2008-05-30,1.4140629768371582,1.3807580471038818
2008-06-02,1.3823440074920654,1.3497860431671143
2008-06-03,1.365468978881836,1.3333085775375366
2008-06-04,1.3887499570846558,1.3560410737991333
2008-06-05,1.441249966621399,1.4073045253753662
2008-06-06,1.3457809686660767,1.3140839338302612
2008-06-09,1.3431249856948853,1.311490774154663
2008-06-10,1.325624942779541,1.2944027185440063
2008-06-11,1.2648439407348633,1.235053300857544
2008-06-12,1.2671879529953003,1.2373425960540771
2008-06-13,1.314687967300415,1.2837235927581787
2008-06-16,1.3335939645767212,1.3021841049194336
2008-06-17,1.3270310163497925,1.2957757711410522
2008-06-18,1.2976560592651367,1.2670925855636597
2008-06-19,1.334375023841858,1.302946925163269
2008-06-20,1.2687499523162842,1.2388670444488525
2008-06-23,1.240468978881836,1.2112525701522827
2008-06-24,1.2321879863739014,1.203667402267456
2008-06-25,1.2587499618530273,1.2296143770217896
2008-06-26,1.1696879863739014,1.1426141262054443
2008-06-27,1.1729689836502075,1.1458189487457275
2008-06-30,1.1460939645767212,1.1195659637451172
2008-07-01,1.1760940551757812,1.148871660232544
2008-07-02,1.1184380054473877,1.0925503969192505
2008-07-03,1.1124999523162842,1.0867496728897095
2008-07-07,1.1293749809265137,1.1032341718673706
2008-07-08,1.169374942779541,1.1423081159591675
2008-07-09,1.124843955039978,1.0988081693649292
2008-07-10,1.1442190408706665,1.117734432220459
2008-07-11,1.1089060306549072,1.0832386016845703
2008-07-14,1.0928130149841309,1.0675183534622192
2008-07-15,1.0881249904632568,1.0629388093948364
2008-07-16,1.1401560306549072,1.1137653589248657
2008-07-17,1.1353130340576172,1.109034776687622
2008-07-18,1.1209379434585571,1.0949923992156982
2008-07-21,1.1218750476837158,1.0959075689315796
2008-07-22,1.1209379434585571,1.0949923992156982
2008-07-23,1.1465630531311035,1.1200242042541504
2008-07-24,1.1073440313339233,1.081713080406189
2008-07-25,1.1370309591293335,1.1107126474380493
2008-07-28,1.1024999618530273,1.0769813060760498
2008-07-29,1.1354689598083496,1.1091872453689575
2008-07-30,1.1549999713897705,1.1282659769058228
2008-07-31,1.1510939598083496,1.1244503259658813
2008-08-01,1.1232810020446777,1.0972812175750732
2008-08-04,1.100780963897705,1.0753017663955688
2008-08-05,1.1684379577636719,1.141392707824707
2008-08-06,1.2034380435943604,1.1755824089050293
2008-08-07,1.1909379959106445,1.1633720397949219
2008-08-08,1.2376559972763062,1.2090086936950684
2008-08-11,1.260938048362732,1.2317519187927246
2008-08-12,1.2659380435943604,1.2366359233856201
2008-08-13,1.2598439455032349,1.2306833267211914
2008-08-14,1.2899999618530273,1.260141372680664
2008-08-15,1.290781021118164,1.26090407371521
2008-08-18,1.2628129720687866,1.2335834503173828
2008-08-19,1.2312500476837158,1.2027508020401
2008-08-20,1.2242189645767212,1.1958831548690796
2008-08-21,1.2096879482269287,1.1816880702972412
2008-08-22,1.243749976158142,1.2149615287780762
2008-08-25,1.1974999904632568,1.1697821617126465
2008-08-26,1.1926560401916504,1.1650503873825073
2008-08-27,1.204530954360962,1.1766505241394043
2008-08-28,1.2110940217971802,1.1830615997314453
2008-08-29,1.1731250286102295,1.1459712982177734
2008-09-02,1.1435940265655518,1.117124080657959
2008-09-03,1.122655987739563,1.0966709852218628
2008-09-04,1.0503129959106445,1.0260019302368164
2008-09-05,1.046718955039978,1.0224913358688354
2008-09-08,1.0348440408706665,1.010891079902649
2008-09-09,0.9959380030632019,0.9728856086730957
2008-09-10,1.0049999952316284,0.9817377924919128
2008-09-11,1.0456249713897705,1.0214226245880127
2008-09-12,1.0496879816055298,1.0253918170928955
2008-09-15,0.9810940027236938,0.958385169506073
2008-09-16,0.987500011920929,0.9646428823471069
2008-09-17,0.8890630006790161,0.868484377861023
2008-09-18,0.9532809853553772,0.9312160015106201
2008-09-19,0.989687979221344,0.9667802453041077
2008-09-22,0.9148439764976501,0.8936686515808105
2008-09-23,0.8968750238418579,0.876115620136261
2008-09-24,0.9154689908027649,0.8942793607711792
2008-09-25,0.9248440265655518,0.9034373164176941
2008-09-26,0.918749988079071,0.8974844217300415
2008-09-29,0.7414060235023499,0.7242454290390015
2008-09-30,0.8184379935264587,0.7994940280914307
2008-10-01,0.7970309853553772,0.7785824537277222
2008-10-02,0.7328130006790161,0.7158510088920593
2008-10-03,0.6992189884185791,0.6830345392227173
2008-10-06,0.6337500214576721,0.6190809607505798
2008-10-07,0.5703129768371582,0.5571123361587524
2008-10-08,0.5557810068130493,0.5429167151451111
2008-10-09,0.5128129720687866,0.5009432435035706
2008-10-10,0.5204690098762512,0.5084220170974731
2008-10-13,0.6484379768371582,0.6334289908409119
2008-10-14,0.588280975818634,0.5746644139289856
2008-10-15,0.4807809889316559,0.4696526527404785
2008-10-16,0.5354689955711365,0.523074746131897
2008-10-17,0.534375011920929,0.522006094455719
2008-10-20,0.5703129768371582,0.5571123361587524
2008-10-21,0.5129690170288086,0.5010955929756165
2008-10-22,0.4782809913158417,0.4672105014324188
2008-10-23,0.473906010389328,0.46293678879737854
2008-10-24,0.4465630054473877,0.43622663617134094
2008-10-27,0.4204689860343933,0.41073665022850037
2008-10-28,0.508437991142273,0.4966695308685303
2008-10-29,0.5139060020446777,0.5020108819007874
2008-10-30,0.5406249761581421,0.5281113386154175
2008-10-31,0.5434380173683167,0.5308592319488525
2008-11-03,0.5459380149841309,0.5333014130592346
2008-11-04,0.5770310163497925,0.5636746883392334
2008-11-05,0.5140630006790161,0.502164363861084
2008-11-06,0.46546900272369385,0.45469504594802856
2008-11-07,0.4857810139656067,0.4745369851589203
2008-11-10,0.4776560068130493,0.4665999710559845
2008-11-11,0.45875000953674316,0.44813159108161926
2008-11-12,0.4123440086841583,0.4027998149394989
2008-11-13,0.4606249928474426,0.44996321201324463
2008-11-14,0.4153130054473877,0.4056999683380127
2008-11-17,0.39921900629997253,0.3899785280227661
2008-11-18,0.3956249952316284,0.3864678144454956
2008-11-19,0.35468798875808716,0.34647828340530396
2008-11-20,0.32234400510787964,0.31488287448883057
2008-11-21,0.3476560115814209,0.3396090269088745
2008-11-24,0.3890630006790161,0.38005757331848145
2008-11-25,0.3864060044288635,0.37746211886405945
2008-11-26,0.4182809889316559,0.40859925746917725
2008-11-28,0.41312500834465027,0.40356260538101196
2008-12-01,0.3517189919948578,0.34357789158821106
2008-12-02,0.37421900033950806,0.36555713415145874
2008-12-03,0.392969012260437,0.3838731646537781
2008-12-04,0.37187498807907104,0.3632675111293793
2008-12-05,0.40171900391578674,0.3924207091331482
2008-12-08,0.4335939884185791,0.4235577881336212
2008-12-09,0.43015599250793457,0.4201993942260742
2008-12-10,0.4296880066394806,0.419742226600647
2008-12-11,0.4059379994869232,0.3965420424938202
2008-12-12,0.4217190146446228,0.4119577705860138
2008-12-15,0.40703099966049194,0.39760974049568176
2008-12-16,0.4453130066394806,0.43500563502311707
2008-12-17,0.4348439872264862,0.42477890849113464
2008-12-18,0.4207809865474701,0.4110414683818817
2008-12-19,0.4254690110683441,0.41562092304229736
2008-12-22,0.4089060127735138,0.3994413912296295
2008-12-23,0.4037500023841858,0.3944045603275299
2008-12-24,0.4048439860343933,0.39547333121299744
2008-12-26,0.4051559865474701,0.395778089761734
2008-12-29,0.3948439955711365,0.38570478558540344
2008-12-30,0.4128130078315735,0.40325790643692017
2008-12-31,0.42015600204467773,0.4104308784008026
2009-01-02,0.4571880102157593,0.44660574197769165
2009-01-05,0.4571880102157593,0.44660574197769165
2009-01-06,0.46656298637390137,0.45576369762420654
2009-01-07,0.44046899676322937,0.4302736818790436
2009-01-08,0.44999998807907104,0.43958407640457153
2009-01-09,0.4300000071525574,0.4200470447540283
2009-01-12,0.4140630066394806,0.40447893738746643
2009-01-13,0.41359400749206543,0.4040208160877228
2009-01-14,0.38874998688697815,0.3797517716884613
2009-01-15,0.4001559913158417,0.390893816947937
2009-01-16,0.4101560115814209,0.400662362575531
2009-01-20,0.3710939884185791,0.3625044524669647
2009-01-21,0.3995310068130493,0.3902832567691803
2009-01-22,0.39109399914741516,0.3820416033267975
2009-01-23,0.39265599846839905,0.3835674524307251
2009-01-26,0.3985939919948578,0.3893679976463318
2009-01-27,0.4051559865474701,0.395778089761734
2009-01-28,0.4321880042552948,0.4221844971179962
2009-01-29,0.411406010389328,0.40188342332839966
2009-01-30,0.395781010389328,0.38662007451057434
2009-02-02,0.4060940146446228,0.3966943621635437
2009-02-03,0.419063001871109,0.40936315059661865
2009-02-04,0.4193750023841858,0.4096679389476776
2009-02-05,0.4384379982948303,0.4282898008823395
2009-02-06,0.4607810080051422,0.4501155912876129
2009-02-09,0.465938001871109,0.4551531970500946
2009-02-10,0.4309380054473877,0.4209633469581604
2009-02-11,0.42781299352645874,0.4179106056690216
2009-02-12,0.4375,0.42737340927124023
2009-02-13,0.43281298875808716,0.422794908285141
2009-02-17,0.4000000059604645,0.39074140787124634
2009-02-18,0.39890599250793457,0.38967275619506836
2009-02-19,0.38749998807907104,0.3785308003425598
2009-02-20,0.38859400153160095,0.3795994818210602
2009-02-23,0.3618749976158142,0.3534988760948181
2009-02-24,0.3843750059604645,0.3754781484603882
2009-02-25,0.3799999952316284,0.37120434641838074
2009-02-26,0.359375,0.3510567843914032
2009-02-27,0.3518750071525574,0.3437303304672241
2009-03-02,0.32968801259994507,0.3220570385456085
2009-03-03,0.3290629982948303,0.32144638895988464
2009-03-04,0.34578099846839905,0.3377774655818939
2009-03-05,0.325780987739563,0.31824028491973877
2009-03-06,0.32078099250793457,0.3133560121059418
2009-03-09,0.3062500059604645,0.2991614043712616
2009-03-10,0.3435940146446228,0.33564114570617676
2009-03-11,0.3539060056209564,0.3457143306732178
2009-03-12,0.3778130114078522,0.3690679669380188
2009-03-13,0.38062500953674316,0.371815025806427
2009-03-16,0.36671900749206543,0.35823073983192444
2009-03-17,0.3943749964237213,0.385246604681015
2009-03-18,0.40437498688697815,0.39501523971557617
2009-03-19,0.40421900153160095,0.39486274123191833
2009-03-20,0.39250001311302185,0.3834151029586792
2009-03-23,0.4387499988079071,0.42859455943107605
2009-03-24,0.4232810139656067,0.4134836196899414
2009-03-25,0.4260939955711365,0.4162314534187317
2009-03-26,0.4528129994869232,0.4423319697380066
2009-03-27,0.434688001871109,0.42462655901908875
2009-03-30,0.4126560091972351,0.4031045436859131
2009-03-31,0.4220309853553772,0.41226255893707275
2009-04-01,0.4337500035762787,0.4237101972103119
2009-04-02,0.46156299114227295,0.4508794844150543
2009-04-03,0.47843798995018005,0.4673638939857483
2009-04-06,0.47562500834465027,0.46461600065231323
2009-04-07,0.4495309889316559,0.43912598490715027
2009-04-08,0.46656298637390137,0.45576369762420654
2009-04-09,0.4945310056209564,0.48308441042900085
2009-04-13,0.4932810068130493,0.48186326026916504
2009-04-14,0.4806250035762787,0.4695003032684326
2009-04-15,0.47999998927116394,0.4688897430896759
2009-04-16,0.5037500262260437,0.49209004640579224
2009-04-17,0.5040630102157593,0.4923957586288452
2009-04-20,0.4715630114078522,0.46064794063568115
2009-04-21,0.48515599966049194,0.4739263951778412
2009-04-22,0.489531010389328,0.47820010781288147
2009-04-23,0.4996879994869232,0.48812198638916016
2009-04-24,0.5162500143051147,0.504300594329834
2009-04-27,0.5167189836502075,0.5047588348388672
2009-04-28,0.5095310211181641,0.49773719906806946
2009-04-29,0.5231249928474426,0.5110165476799011
2009-04-30,0.5331249833106995,0.5207851529121399
2009-05-01,0.535938024520874,0.5235329866409302
2009-05-04,0.5585939884185791,0.5456646680831909
2009-05-05,0.5568749904632568,0.5439853072166443
2009-05-06,0.5567190051078796,0.5438330173492432
2009-05-07,0.5301560163497925,0.5178848505020142
2009-05-08,0.5320309996604919,0.5197165608406067
2009-05-11,0.5353130102157593,0.5229225754737854
2009-05-12,0.5220310091972351,0.5099479556083679
2009-05-13,0.49312499165534973,0.4817109704017639
2009-05-14,0.5037500262260437,0.49209004640579224
2009-05-15,0.5026559829711914,0.4910212457180023
2009-05-18,0.5293750166893005,0.5171219706535339
2009-05-19,0.5354689955711365,0.523074746131897
2009-05-20,0.5310940146446228,0.5188011527061462
2009-05-21,0.5117189884185791,0.4998745322227478
2009-05-22,0.5078129768371582,0.49605894088745117
2009-05-26,0.5465630292892456,0.5339123010635376
2009-05-27,0.5375000238418579,0.5250587463378906
2009-05-28,0.5520309805870056,0.5392534136772156
2009-05-29,0.5640630125999451,0.5510071516036987
2009-06-01,0.5981249809265137,0.5842806100845337
2009-06-02,0.5981249809265137,0.5842806100845337
2009-06-03,0.5965629816055298,0.5827546715736389
2009-06-04,0.6085940003395081,0.5945073962211609
2009-06-05,0.6101559996604919,0.5960332155227661
2009-06-08,0.6054689884185791,0.5914545655250549
2009-06-09,0.6156250238418579,0.60137540102005
2009-06-10,0.6107810139656067,0.5966436266899109
2009-06-11,0.6101559996604919,0.5960332155227661
2009-06-12,0.6057810187339783,0.5917593836784363
2009-06-15,0.5796880125999451,0.5662704110145569
2009-06-16,0.5695310235023499,0.5563483834266663
2009-06-17,0.5790629982948303,0.5656598806381226
2009-06-18,0.5760939717292786,0.5627594590187073
2009-06-19,0.5890629887580872,0.5754283666610718
2009-06-22,0.5557810068130493,0.5429167151451111
2009-06-23,0.5526559948921204,0.5398641228675842
2009-06-24,0.5706250071525574,0.5574172139167786
2009-06-25,0.5939059853553772,0.5801591277122498
2009-06-26,0.596094012260437,0.5822965502738953
2009-06-29,0.5978130102157593,0.5839756727218628
2009-06-30,0.5953130125999451,0.5815337300300598
2009-07-01,0.5962499976158142,0.5824489593505859
2009-07-02,0.5706250071525574,0.5574172139167786
2009-07-06,0.5653129816055298,0.5522278547286987
2009-07-07,0.5370309948921204,0.524600625038147
2009-07-08,0.5418750047683716,0.5293325185775757
2009-07-09,0.5429689884185791,0.5304011106491089
2009-07-10,0.5484380125999451,0.535743772983551
2009-07-13,0.5687500238418579,0.5555853843688965
2009-07-14,0.5728129744529724,0.559554398059845
2009-07-15,0.6109380125999451,0.5967968702316284
2009-07-16,0.6256250143051147,0.6111440658569336
2009-07-17,0.6323440074920654,0.6177074313163757
2009-07-20,0.6446880102157593,0.6297657489776611
2009-07-21,0.6546880006790161,0.6395342946052551
2009-07-22,0.6640629768371582,0.6486921906471252
2009-07-23,0.6940630078315735,0.6779979467391968
2009-07-24,0.6934379935264587,0.6773874759674072
2009-07-27,0.6945310235023499,0.6784551739692688
2009-07-28,0.6990630030632019,0.6828823089599609
2009-07-29,0.6934379935264587,0.6773874759674072
2009-07-30,0.7014060020446777,0.6851710081100464
2009-07-31,0.6965630054473877,0.6804401278495789
2009-08-03,0.7176560163497925,0.7010447978973389
2009-08-04,0.7171880006790161,0.7005876898765564
2009-08-05,0.7073439955711365,0.6909714937210083
2009-08-06,0.6949999928474426,0.6789132952690125
2009-08-07,0.7109379768371582,0.6944824457168579
2009-08-10,0.7032809853553772,0.6870025992393494
2009-08-11,0.690625011920929,0.6746395826339722
2009-08-12,0.7118750214576721,0.6953977346420288
2009-08-13,0.7190629839897156,0.7024192810058594
2009-08-14,0.7026559710502625,0.6863919496536255
2009-08-17,0.661719024181366,0.6464026570320129
2009-08-18,0.680312991142273,0.6645662188529968
2009-08-19,0.689844012260437,0.6738766431808472
2009-08-20,0.7065629959106445,0.6902086138725281
2009-08-21,0.724062979221344,0.7073035836219788
2009-08-24,0.7229689955711365,0.7062347531318665
2009-08-25,0.7278130054473877,0.7109668254852295
2009-08-26,0.7259380221366882,0.7091351747512817
2009-08-27,0.728905975818634,0.7120344638824463
2009-08-28,0.7306249737739563,0.7137136459350586
2009-08-31,0.7151560187339783,0.6986028552055359
2009-09-01,0.6885939836502075,0.672655463218689
2009-09-02,0.6871880292892456,0.6712822914123535
2009-09-03,0.6965630054473877,0.6804401278495789
2009-09-04,0.7259380221366882,0.7091351747512817
2009-09-08,0.7404689788818359,0.7233298420906067
2009-09-09,0.7528129816055298,0.7353881001472473
2009-09-10,0.7668750286102295,0.7491246461868286
2009-09-11,0.7681249976158142,0.7503455281257629
2009-09-14,0.7742189764976501,0.7562986612319946
2009-09-15,0.7793750166893005,0.7613353729248047
2009-09-16,0.802187979221344,0.7836202383041382
2009-09-17,0.801563024520874,0.7830096483230591
2009-09-18,0.8054689764976501,0.7868252396583557
2009-09-21,0.8089060187339783,0.7901827692985535
2009-09-22,0.8123440146446228,0.7935412526130676
2009-09-23,0.8039060235023499,0.7852984070777893
2009-09-24,0.7901560068130493,0.7718667984008789
2009-09-25,0.7764059901237488,0.758435070514679
2009-09-28,0.8026559948921204,0.7840776443481445
2009-09-29,0.7959380149841309,0.7775148749351501
2009-09-30,0.7964059710502625,0.7779720425605774
2009-10-01,0.75,0.7326400876045227
2009-10-02,0.7448440194129944,0.7276036143302917
2009-10-05,0.7571880221366882,0.7396617531776428
2009-10-06,0.7834380269050598,0.7653042674064636
2009-10-07,0.7879689931869507,0.7697305679321289
2009-10-08,0.7951560020446777,0.7767510414123535
2009-10-09,0.8032810091972351,0.7846880555152893
2009-10-12,0.8071879744529724,0.7885044813156128
2009-10-13,0.807030975818634,0.7883509397506714
2009-10-14,0.8292189836502075,0.8100255727767944
2009-10-15,0.8262500166893005,0.8071252107620239
2009-10-16,0.815625011920929,0.7967461943626404
2009-10-19,0.8306249976158142,0.8113989233970642
2009-10-20,0.8315629959106445,0.8123152256011963
2009-10-21,0.8282809853553772,0.8091092109680176
2009-10-22,0.8356249928474426,0.8162832856178284
2009-10-23,0.8289059996604919,0.8097197413444519
2009-10-26,0.8229690194129944,0.8039202690124512
2009-10-27,0.7985939979553223,0.7801094651222229
2009-10-28,0.7621880173683167,0.7445462942123413
2009-10-29,0.7873439788818359,0.7691198587417603
2009-10-30,0.7453129887580872,0.7280617952346802
2009-11-02,0.7512500286102295,0.7338614463806152
2009-11-03,0.7564060091972351,0.7388977408409119
2009-11-04,0.7589060068130493,0.741340160369873
2009-11-05,0.7956249713897705,0.7772091627120972
2009-11-06,0.8054689764976501,0.7868252396583557
2009-11-09,0.8399999737739563,0.8205569386482239
2009-11-10,0.8426560163497925,0.8231516480445862
2009-11-11,0.8542190194129944,0.8344470262527466
2009-11-12,0.8453130125999451,0.825747013092041
2009-11-13,0.8595309853553772,0.8396358489990234
2009-11-16,0.8770310282707214,0.8567308783531189
2009-11-17,0.8817189931869507,0.8613104820251465
2009-11-18,0.872655987739563,0.8524571061134338
2009-11-19,0.8445309996604919,0.8249831795692444
2009-11-20,0.8371880054473877,0.8178102970123291
2009-11-23,0.862500011920929,0.8425361514091492
2009-11-24,0.857030987739563,0.8371937870979309
2009-11-25,0.8642190098762512,0.8442155718803406
2009-11-27,0.8384379744529724,0.8190311789512634
2009-11-30,0.8393750190734863,0.8199467062950134
2009-12-01,0.8571879863739014,0.8373472094535828
2009-12-02,0.8601559996604919,0.8402464985847473
2009-12-03,0.8531249761581421,0.8333781957626343
2009-12-04,0.8615630269050598,0.8416210412979126
2009-12-07,0.8531249761581421,0.8333781957626343
2009-12-08,0.8426560163497925,0.8231516480445862
2009-12-09,0.8595309853553772,0.8396358489990234
2009-12-10,0.8682810068130493,0.8481834530830383
2009-12-11,0.8620309829711914,0.8420780897140503
2009-12-14,0.8778129816055298,0.8574947714805603
2009-12-15,0.8685939908027649,0.8484890460968018
2009-12-16,0.8709380030632019,0.8507786393165588
2009-12-17,0.8500000238418579,0.8303254842758179
2009-12-18,0.8765630125999451,0.8562737703323364
2009-12-21,0.8968750238418579,0.876115620136261
2009-12-22,0.9075000286102295,0.8864948749542236
2009-12-23,0.9203130006790161,0.8990111351013184
2009-12-24,0.9371880292892456,0.9154953956604004
2009-12-28,0.9465630054473877,0.9246535301208496
2009-12-29,0.9392189979553223,0.9174793362617493
2009-12-30,0.9446880221366882,0.9228221774101257
2009-12-31,0.9293749928474426,0.907863438129425
2010-01-04,0.9542189836502075,0.9321321845054626
2010-01-05,0.9548439979553223,0.9327428936958313
2010-01-06,0.9443749785423279,0.9225160479545593
2010-01-07,0.9445310235023499,0.9226685166358948
2010-01-08,0.9598439931869507,0.9376271963119507
2010-01-11,0.9528130292892456,0.9307586550712585
2010-01-12,0.9290630221366882,0.9075586199760437
2010-01-13,0.9512500166893005,0.9292320013046265
2010-01-14,0.9524999856948853,0.9304531216621399
2010-01-15,0.9312499761581421,0.9096948504447937
2010-01-19,0.9604690074920654,0.9382376074790955
2010-01-20,0.9335939884185791,0.9119846820831299
2010-01-21,0.9153130054473877,0.8941267728805542
2010-01-22,0.8626559972763062,0.8426887392997742
2010-01-25,0.8676559925079346,0.847572922706604
2010-01-26,0.869530975818634,0.8494044542312622
2010-01-27,0.8824999928474426,0.8620732426643372
2010-01-28,0.8384379744529724,0.8190311789512634
2010-01-29,0.8084380030632019,0.7897254824638367
2010-02-01,0.8253129720687866,0.8062100410461426
2010-02-02,0.8404690027236938,0.8210152983665466
2010-02-03,0.8501560091972351,0.8304778337478638
2010-02-04,0.8018749952316284,0.7833145260810852
2010-02-05,0.8132809996604919,0.7944566011428833
2010-02-08,0.8029689788818359,0.7843830585479736
2010-02-09,0.8195310235023499,0.800561785697937
2010-02-10,0.8160939812660217,0.7972042560577393
2010-02-11,0.8399999737739563,0.8205569386482239
2010-02-12,0.8440629839897156,0.8245260119438171
2010-02-16,0.8653129935264587,0.8452839851379395
2010-02-17,0.8745309710502625,0.8542888760566711
2010-02-18,0.8857809901237488,0.8652783036231995
2010-02-19,0.8846880197525024,0.8642106652259827
2010-02-22,0.8809379935264587,0.8605473637580872
2010-02-23,0.8585940003395081,0.8387205600738525
2010-02-24,0.8754690289497375,0.8552051782608032
2010-02-25,0.877344012260437,0.8570366501808167
2010-02-26,0.8824999928474426,0.8620732426643372
2010-03-01,0.9073439836502075,0.8863423466682434
2010-03-02,0.9128130078315735,0.8916847705841064
2010-03-03,0.9150000214576721,0.8938210606575012
2010-03-04,0.9207810163497925,0.8994683027267456
2010-03-05,0.9479690194129944,0.9260269999504089
2010-03-08,0.9523440003395081,0.9303006529808044
2010-03-09,0.9653130173683167,0.9429693818092346
2010-03-10,0.9784380197525024,0.9557906985282898
2010-03-11,0.9854689836502075,0.9626590609550476
2010-03-12,0.9868749976158142,0.9640323519706726
2010-03-15,0.9828130006790161,0.9600645899772644
2010-03-16,0.9948440194129944,0.9718170166015625
2010-03-17,0.9984380006790161,0.975327730178833
2010-03-18,1.0054689645767212,0.9821957349777222
2010-03-19,0.9939060211181641,0.9709007143974304
2010-03-22,1.011718988418579,0.9883014559745789
2010-03-23,1.0262500047683716,1.0024961233139038
2010-03-24,1.0164060592651367,0.9928798675537109
2010-03-25,1.0120309591293335,0.9886059165000916
2010-03-26,1.015625,0.9921169281005859
2010-03-29,1.0246880054473877,1.0009701251983643
2010-03-30,1.03125,1.0073803663253784
2010-03-31,1.0225000381469727,0.9988330006599426
2010-04-01,1.0215630531311035,0.9979177117347717
2010-04-05,1.039687991142273,1.0156227350234985
2010-04-06,1.045469045639038,1.0212700366973877
2010-04-07,1.0415630340576172,1.0174546241760254
2010-04-08,1.044530987739563,1.02035391330719
2010-04-09,1.0575000047683716,1.0330228805541992
2010-04-12,1.0590629577636719,1.034549355506897
2010-04-13,1.0700000524520874,1.0452333688735962
2010-04-14,1.0957809686660767,1.070417881011963
2010-04-15,1.1053129434585571,1.0797291994094849
2010-04-16,1.0792189836502075,1.05423903465271
2010-04-19,1.0773439407348633,1.0524073839187622
2010-04-20,1.0885939598083496,1.0633970499038696
2010-04-21,1.100780963897705,1.0753017663955688
2010-04-22,1.1123440265655518,1.0865970849990845
2010-04-23,1.1218750476837158,1.0959075689315796
2010-04-26,1.116405963897705,1.0905650854110718
2010-04-27,1.0704690217971802,1.0456914901733398
2010-04-28,1.0714060068130493,1.0466071367263794
2010-04-29,1.1074999570846558,1.0818655490875244
2010-04-30,1.0656249523162842,1.0409597158432007
2010-05-03,1.0942189693450928,1.0688916444778442
2010-05-04,1.0281250476837158,1.0043277740478516
2010-05-05,1.018125057220459,0.9945589900016785
2010-05-06,0.950780987739563,0.9287737011909485
2010-05-07,0.9049999713897705,0.8840523362159729
2010-05-10,0.9953129887580872,0.9722751379013062
2010-05-11,0.9942190051078796,0.9712061882019043
2010-05-12,1.03125,1.0073803663253784
2010-05-13,0.9990630149841309,0.9759383201599121
2010-05-14,0.961562991142273,0.9393063187599182
2010-05-17,0.9674999713897705,0.9451059103012085
2010-05-18,0.9407809972763062,0.9190054535865784
2010-05-19,0.924219012260437,0.9028268456459045
2010-05-20,0.8575000166893005,0.8376519083976746
2010-05-21,0.8751559853553772,0.8548992872238159
2010-05-24,0.8671879768371582,0.8471155762672424
2010-05-25,0.8692190051078796,0.8490995764732361
2010-05-26,0.8481249809265137,0.8284940123558044
2010-05-27,0.914687991142273,0.8935163021087646
2010-05-28,0.9029690027236938,0.8820685148239136
2010-06-01,0.8856250047683716,0.8651260733604431
2010-06-02,0.9290630221366882,0.9075586199760437
2010-06-03,0.9454690217971802,0.9235846400260925
2010-06-04,0.8832809925079346,0.8628363013267517
2010-06-07,0.8503130078315735,0.83063143491745
2010-06-08,0.8467190265655518,0.8271204829216003
2010-06-09,0.8317189812660217,0.8124677538871765
2010-06-10,0.8790630102157593,0.8587158918380737
2010-06-11,0.8954690098762512,0.8747421503067017
2010-06-14,0.8956249952316284,0.8748945593833923
2010-06-15,0.9432809948921204,0.9214475154876709
2010-06-16,0.9523440003395081,0.9303006529808044
2010-06-17,0.957813024520874,0.9356430768966675
2010-06-18,0.9604690074920654,0.9382376074790955
2010-06-21,0.9465630054473877,0.9246535301208496
2010-06-22,0.9279689788818359,0.906489908695221
2010-06-23,0.9214059710502625,0.9000788331031799
2010-06-24,0.8926560282707214,0.8719941973686218
2010-06-25,0.8890630006790161,0.868484377861023
2010-06-28,0.8835939764976501,0.8631420135498047
2010-06-29,0.8154690265655518,0.7965937256813049
2010-06-30,0.7906249761581421,0.7723250389099121
2010-07-01,0.785938024520874,0.7677463293075562
2010-07-02,0.7814059853553772,0.763319194316864
2010-07-06,0.7854689955711365,0.7672882080078125
2010-07-07,0.8353130221366882,0.8159786462783813
2010-07-08,0.8440629839897156,0.8245260119438171
2010-07-09,0.8609380125999451,0.8410103917121887
2010-07-12,0.8656250238418579,0.8455889225006104
2010-07-13,0.8868749737739563,0.8663469552993774
2010-07-14,0.8971880078315735,0.8764213919639587
2010-07-15,0.8993750214576721,0.8785577416419983
2010-07-16,0.8498439788818359,0.830173134803772
2010-07-19,0.8635939955711365,0.8436048626899719
2010-07-20,0.883437991142273,0.8629894256591797
2010-07-21,0.8604689836502075,0.8405522704124451
2010-07-22,0.9035940170288086,0.8826791048049927
2010-07-23,0.9151560068130493,0.8939734697341919
2010-07-26,0.9293749928474426,0.907863438129425
2010-07-27,0.9287499785423279,0.9072527885437012
2010-07-28,0.9145309925079346,0.8933629989624023
2010-07-29,0.900780975818634,0.8799310922622681
2010-07-30,0.9053130149841309,0.8843583464622498
2010-08-02,0.9384379982948303,0.9167165756225586
2010-08-03,0.9310939908027649,0.909542441368103
2010-08-04,0.949999988079071,0.9280108213424683
2010-08-05,0.9454690217971802,0.9235846400260925
2010-08-06,0.9423440098762512,0.9205322265625
2010-08-09,0.9543750286102295,0.9322848320007324
2010-08-10,0.9395310282707214,0.9177843332290649
2010-08-11,0.887499988079071,0.8669574856758118
2010-08-12,0.8725000023841858,0.8523048162460327
2010-08-13,0.8603129982948303,0.8403997421264648
2010-08-16,0.8635939955711365,0.8436048626899719
2010-08-17,0.8854690194129944,0.8649735450744629
2010-08-18,0.8920310139656067,0.8713838458061218
2010-08-19,0.8653129935264587,0.8452839851379395
2010-08-20,0.8675000071525574,0.8474203944206238
2010-08-23,0.8504689931869507,0.8307838439941406
2010-08-24,0.8196880221366882,0.8007152676582336
2010-08-25,0.8342189788818359,0.8149096965789795
2010-08-26,0.8149999976158142,0.7961356043815613
2010-08-27,0.8354690074920654,0.8161309361457825
2010-08-30,0.8173440098762512,0.7984254360198975
2010-08-31,0.8128129839897156,0.793999195098877
2010-09-01,0.859375,0.8394834995269775
2010-09-02,0.8793749809265137,0.8590207099914551
2010-09-03,0.909375011920929,0.8883261680603027
2010-09-07,0.895937979221344,0.8752002716064453
2010-09-08,0.9171879887580872,0.8959583640098572
2010-09-09,0.9240630269050598,0.90267413854599
2010-09-10,0.9307810068130493,0.9092369079589844
2010-09-13,0.9574999809265137,0.935337245464325
2010-09-14,0.9651560187339783,0.9428159594535828
2010-09-15,0.9775000214576721,0.9548743367195129
2010-09-16,0.9850000143051147,0.9622008800506592
2010-09-17,0.9914060235023499,0.9684585332870483
2010-09-20,1.0259380340576172,1.002191185951233
2010-09-21,1.0235940217971802,0.999901533126831
2010-09-22,1.0201560258865356,0.996543288230896
2010-09-23,1.019374966621399,0.9957802295684814
2010-09-24,1.0604690313339233,1.0359233617782593
2010-09-27,1.0495309829711914,1.025238037109375
2010-09-28,1.0510940551757812,1.0267648696899414
2010-09-29,1.0449999570846558,1.020811676979065
2010-09-30,1.0357810258865356,1.0118069648742676
2010-10-01,1.033594012260437,1.0096702575683594
2010-10-04,1.010938048362732,0.98753821849823
2010-10-05,1.0595309734344482,1.0350067615509033
2010-10-06,1.0426559448242188,1.0185222625732422
2010-10-07,1.0484379529953003,1.0241703987121582
2010-10-08,1.0612499713897705,1.0366854667663574
2010-10-11,1.0643750429153442,1.039738655090332
2010-10-12,1.0800000429153442,1.0550018548965454
2010-10-13,1.0967190265655518,1.0713340044021606
2010-10-14,1.0924999713897705,1.067212462425232
2010-10-15,1.1385940313339233,1.112239956855774
2010-10-18,1.1353130340576172,1.109034776687622
2010-10-19,1.1082810163497925,1.0826281309127808
2010-10-20,1.1245310306549072,1.0985021591186523
2010-10-21,1.1290630102157593,1.1029289960861206
2010-10-22,1.1446880102157593,1.1181925535202026
2010-10-25,1.1540629863739014,1.1273503303527832
2010-10-26,1.160938024520874,1.1340663433074951
2010-10-27,1.1692190170288086,1.1421558856964111
2010-10-28,1.1737500429153442,1.146582007408142
2010-10-29,1.1698440313339233,1.1427665948867798
2010-11-01,1.1701560020446777,1.1430710554122925
2010-11-02,1.1946879625320435,1.167035460472107
2010-11-03,1.2064059972763062,1.178482174873352
2010-11-04,1.2348439693450928,1.2062618732452393
2010-11-05,1.2351560592651367,1.2065669298171997
2010-11-08,1.238281011581421,1.209619164466858
2010-11-09,1.222656011581421,1.1943562030792236
2010-11-10,1.21875,1.1905401945114136
2010-11-11,1.2217190265655518,1.1934404373168945
2010-11-12,1.1806249618530273,1.1532979011535645
2010-11-15,1.173280954360962,1.1461238861083984
2010-11-16,1.1339060068130493,1.107660174369812
2010-11-17,1.1401560306549072,1.1137653589248657
2010-11-18,1.1767189502716064,1.1494823694229126
2010-11-19,1.1784379482269287,1.151161551475525
2010-11-22,1.1990629434585571,1.1713088750839233
2010-11-23,1.1615630388259888,1.1346770524978638
2010-11-24,1.2073440551757812,1.1793981790542603
2010-11-26,1.1910940408706665,1.1635240316390991
2010-11-29,1.1906249523162842,1.1630663871765137
2010-11-30,1.159999966621399,1.1331501007080078
2010-12-01,1.209218978881836,1.181229591369629
2010-12-02,1.2346880435943604,1.2061095237731934
2010-12-03,1.2403130531311035,1.211604118347168
2010-12-06,1.2392189502716064,1.2105356454849243
2010-12-07,1.2417190074920654,1.2129775285720825
2010-12-08,1.251405954360962,1.2224403619766235
2010-12-09,1.252500057220459,1.2235091924667358
2010-12-10,1.2692190408706665,1.2398408651351929
2010-12-13,1.2607810497283936,1.2315984964370728
2010-12-14,1.2634379863739014,1.234194040298462
2010-12-15,1.2535940408706665,1.2245779037475586
2010-12-16,1.2714060544967651,1.241977334022522
2010-12-17,1.2753130197525024,1.2457941770553589
2010-12-20,1.2779690027236938,1.2483885288238525
2010-12-21,1.2914060354232788,1.2615149021148682
2010-12-22,1.2926559448242188,1.2627356052398682
2010-12-23,1.2857810258865356,1.2560197114944458
2010-12-27,1.285938024520874,1.2561733722686768
2010-12-28,1.282188057899475,1.2525103092193604
2010-12-29,1.287343978881836,1.2575461864471436
2010-12-30,1.2807810306549072,1.2511354684829712
2010-12-31,1.2723439931869507,1.242893934249878
2011-01-03,1.3114060163497925,1.281051754951477
2011-01-04,1.3090629577636719,1.2787625789642334
2011-01-05,1.331874966621399,1.3010464906692505
2011-01-06,1.340000033378601,1.3089839220046997
2011-01-07,1.3382810354232788,1.3073047399520874
2011-01-10,1.3471879959106445,1.3160057067871094
2011-01-11,1.350780963897705,1.3195149898529053
2011-01-12,1.3698439598083496,1.338137149810791
2011-01-13,1.3729690313339233,1.3411898612976074
2011-01-14,1.3926559686660767,1.360420823097229
2011-01-18,1.400156021118164,1.3677476644515991
2011-01-19,1.368749976158142,1.3370685577392578
2011-01-20,1.3473440408706665,1.3161579370498657
2011-01-21,1.3271880149841309,1.296468734741211
2011-01-24,1.3645310401916504,1.3329468965530396
2011-01-25,1.3674999475479126,1.3358474969863892
2011-01-26,1.383437991142273,1.3514165878295898
2011-01-27,1.399999976158142,1.3675951957702637
2011-01-28,1.3289060592651367,1.2981468439102173
2011-01-31,1.3421880006790161,1.3111213445663452
2011-02-01,1.391563057899475,1.3593535423278809
2011-02-02,1.3871879577636719,1.3550794124603271
2011-02-03,1.3912500143051147,1.3590476512908936
2011-02-04,1.4081250429153442,1.3755322694778442
2011-02-07,1.421718955039978,1.3888113498687744
2011-02-08,1.4418749809265137,1.4085006713867188
2011-02-09,1.4354690313339233,1.4022432565689087
2011-02-10,1.4406249523162842,1.4072797298431396
2011-02-11,1.460155963897705,1.4263585805892944
2011-02-14,1.4671880006790161,1.4332278966903687
2011-02-15,1.4635939598083496,1.429716944694519
2011-02-16,1.482969045639038,1.448643445968628
2011-02-17,1.4817190170288086,1.4474225044250488
2011-02-18,1.4756250381469727,1.4414697885513306
2011-02-22,1.388280987739563,1.3561475276947021
2011-02-23,1.3657809495925903,1.3341681957244873
2011-02-24,1.3790630102157593,1.3471426963806152
2011-02-25,1.4182809591293335,1.3854528665542603
2011-02-28,1.4254690408706665,1.3924744129180908
2011-03-01,1.3799999952316284,1.3480579853057861
2011-03-02,1.3934379816055298,1.3611851930618286
2011-03-03,1.4481250047683716,1.4146062135696411
2011-03-04,1.4321880340576172,1.3990380764007568
2011-03-07,1.3951560258865356,1.3628634214401245
2011-03-08,1.4056249856948853,1.3730899095535278
2011-03-09,1.385938048362732,1.3538585901260376
2011-03-10,1.3440630435943604,1.3129526376724243
2011-03-11,1.359375,1.3279105424880981
2011-03-14,1.3495310544967651,1.3182941675186157
2011-03-15,1.3128130435943604,1.282426118850708
2011-03-16,1.2495310306549072,1.2206089496612549
2011-03-17,1.2712500095367432,1.2418252229690552
2011-03-18,1.2660939693450928,1.2367883920669556
2011-03-21,1.3125,1.2821204662322998
2011-03-22,1.3109380006790161,1.2805947065353394
2011-03-23,1.3240629434585571,1.2934154272079468
2011-03-24,1.3742189407348633,1.342410683631897
2011-03-25,1.3776559829711914,1.3457680940628052
2011-03-28,1.3612500429153442,1.329742193222046
2011-03-29,1.3879690170288086,1.3558428287506104
2011-03-30,1.401563048362732,1.3691219091415405
2011-03-31,1.4057810306549072,1.3732423782348633
2011-04-01,1.4068750143051147,1.3743106126785278
2011-04-04,1.3984379768371582,1.3660690784454346
2011-04-05,1.3898439407348633,1.3576741218566895
2011-04-06,1.3965630531311035,1.3642375469207764
2011-04-07,1.3959380388259888,1.3636270761489868
2011-04-08,1.3823440074920654,1.3503477573394775
2011-04-11,1.3731249570846558,1.3413418531417847
2011-04-12,1.3548439741134644,1.323483943939209
2011-04-13,1.377187967300415,1.345310926437378
2011-04-14,1.371250033378601,1.3395106792449951
2011-04-15,1.3668750524520874,1.3352370262145996
2011-04-18,1.3471879959106445,1.3160057067871094
2011-04-19,1.3642189502716064,1.3326424360275269
2011-04-20,1.4249999523162842,1.3920162916183472
2011-04-21,1.4476560354232788,1.4141477346420288
2011-04-25,1.4559379816055298,1.4222382307052612
2011-04-26,1.471250057220459,1.4371957778930664
2011-04-27,1.4918750524520874,1.457343578338623
2011-04-28,1.488124966621399,1.453680157661438
2011-04-29,1.486875057220459,1.452459454536438
2011-05-02,1.480468988418579,1.4462015628814697
2011-05-03,1.4651559591293335,1.431242823600769
2011-05-04,1.4620310068130493,1.4281902313232422
2011-05-05,1.4443750381469727,1.4109431505203247
2011-05-06,1.455625057220459,1.4219326972961426
2011-05-09,1.4660940170288086,1.4321595430374146
2011-05-10,1.4901560544967651,1.4556645154953003
2011-05-11,1.4682810306549072,1.4342955350875854
2011-05-12,1.4848439693450928,1.4504754543304443
2011-05-13,1.4504690170288086,1.416895866394043
2011-05-16,1.399999976158142,1.3675951957702637
2011-05-17,1.407188057899475,1.3746166229248047
2011-05-18,1.4320310354232788,1.398884892463684
2011-05-19,1.439844012260437,1.4065167903900146
2011-05-20,1.417968988418579,1.3851481676101685
2011-05-23,1.377500057220459,1.345616102218628
2011-05-24,1.3598439693450928,1.3283685445785522
2011-05-25,1.3700000047683716,1.3382892608642578
2011-05-26,1.3875000476837158,1.3553845882415771
2011-05-27,1.4010939598083496,1.3686635494232178
2011-05-31,1.444530963897705,1.4110954999923706
2011-06-01,1.3823440074920654,1.3503477573394775
2011-06-02,1.3889060020446777,1.3567579984664917
2011-06-03,1.347656011581421,1.316462516784668
2011-06-06,1.324218988418579,1.2935683727264404
2011-06-07,1.3204690217971802,1.289905071258545
2011-06-08,1.3004690408706665,1.2703678607940674
2011-06-09,1.3042190074920654,1.2740309238433838
2011-06-10,1.265781044960022,1.2364829778671265
2011-06-13,1.2639060020446777,1.2346510887145996
2011-06-14,1.2956249713897705,1.2656358480453491
2011-06-15,1.250156044960022,1.2212194204330444
2011-06-16,1.2395310401916504,1.2108403444290161
2011-06-17,1.2310940027236938,1.2025986909866333
2011-06-20,1.2431249618530273,1.214350938796997
2011-06-21,1.2960939407348633,1.2660943269729614
2011-06-22,1.278749942779541,1.2491514682769775
2011-06-23,1.3025000095367432,1.2723519802093506
2011-06-24,1.257030963897705,1.2279350757598877
2011-06-27,1.297813057899475,1.267772912979126
2011-06-28,1.3353129625320435,1.3044055700302124
2011-06-29,1.3470309972763062,1.315852165222168
2011-06-30,1.3817189931869507,1.349737286567688
2011-07-01,1.424062967300415,1.3911010026931763
2011-07-05,1.4375,1.4042271375656128
2011-07-06,1.4457809925079346,1.4123165607452393
2011-07-07,1.4874999523162842,1.453070044517517
2011-07-08,1.478281021118164,1.4440640211105347
2011-07-11,1.4264060258865356,1.393390417098999
2011-07-12,1.4026559591293335,1.3701895475387573
2011-07-13,1.414844036102295,1.3820955753326416
2011-07-14,1.3823440074920654,1.3503477573394775
2011-07-15,1.4187500476837158,1.385911226272583
2011-07-18,1.4040629863739014,1.3715640306472778
2011-07-19,1.4682810306549072,1.4342955350875854
2011-07-20,1.454530954360962,1.4208641052246094
2011-07-21,1.475780963897705,1.4416216611862183
2011-07-22,1.5051560401916504,1.470317006111145
2011-07-25,1.5,1.4652801752090454
2011-07-26,1.5053130388259888,1.470470666885376
2011-07-27,1.4292190074920654,1.3961378335952759
2011-07-28,1.433750033378601,1.4005639553070068
2011-07-29,1.4235939979553223,1.390642762184143
2011-08-01,1.413280963897705,1.3805687427520752
2011-08-02,1.3403129577636719,1.3092896938323975
2011-08-03,1.364063024520874,1.3324896097183228
2011-08-04,1.239063024520874,1.2103831768035889
2011-08-05,1.2223440408706665,1.1940512657165527
2011-08-08,1.0792189836502075,1.05423903465271
2011-08-09,1.1790629625320435,1.1517717838287354
2011-08-10,1.0824999809265137,1.0574440956115723
2011-08-11,1.1776560544967651,1.1503976583480835
2011-08-12,1.1973439455032349,1.169629693031311
2011-08-15,1.2324999570846558,1.2039721012115479
2011-08-16,1.211719036102295,1.1836721897125244
2011-08-17,1.198438048362732,1.170698642730713
2011-08-18,1.0817190408706665,1.0566811561584473
2011-08-19,1.042188048362732,1.018065333366394
2011-08-22,1.0489059686660767,1.0246273279190063
2011-08-23,1.1342190504074097,1.1079659461975098
2011-08-24,1.1517189741134644,1.125060796737671
2011-08-25,1.115468978881836,1.0896499156951904
2011-08-26,1.1698440313339233,1.1427665948867798
2011-08-29,1.2374999523162842,1.208856463432312
2011-08-30,1.252344012260437,1.2233567237854004
2011-08-31,1.2581249475479126,1.229003667831421
2011-09-01,1.2334380149841309,1.2048887014389038
2011-09-02,1.175781011581421,1.1485655307769775
2011-09-06,1.1762499809265137,1.1490243673324585
2011-09-07,1.235313057899475,1.2067198753356934
2011-09-08,1.2239060401916504,1.195576786994934
2011-09-09,1.169530987739563,1.1424604654312134
2011-09-12,1.200624942779541,1.1728347539901733
2011-09-13,1.2314059734344482,1.2029037475585938
2011-09-14,1.2667189836502075,1.2373992204666138
2011-09-15,1.3042190074920654,1.2740309238433838
2011-09-16,1.3264060020446777,1.29570472240448
2011-09-19,1.3293750286102295,1.2986046075820923
2011-09-20,1.3179689645767212,1.2874624729156494
2011-09-21,1.2715630531311035,1.2421313524246216
2011-09-22,1.1893750429153442,1.1618454456329346
2011-09-23,1.2139060497283936,1.1858083009719849
2011-09-26,1.2417190074920654,1.2129775285720825
2011-09-27,1.2676559686660767,1.2383143901824951
2011-09-28,1.2301559448242188,1.201682209968567
2011-09-29,1.201719045639038,1.1739035844802856
2011-09-30,1.1398439407348633,1.1134607791900635
2011-10-03,1.080312967300415,1.0553078651428223
2011-10-04,1.1245310306549072,1.0985021591186523
2011-10-05,1.1823439598083496,1.1549769639968872
2011-10-06,1.2214059829711914,1.1931349039077759
2011-10-07,1.2060940265655518,1.1781773567199707
2011-10-10,1.2885940074920654,1.2587676048278809
2011-10-11,1.3048440217971802,1.274641752243042
2011-10-12,1.3198440074920654,1.2892944812774658
2011-10-13,1.3445310592651367,1.3134101629257202
2011-10-14,1.392969012260437,1.3607265949249268
2011-10-17,1.352344036102295,1.3210418224334717
2011-10-18,1.3839060068130493,1.351873517036438
2011-10-19,1.330625057220459,1.2998260259628296
2011-10-20,1.318750023841858,1.2882261276245117
2011-10-21,1.3506250381469727,1.319362759590149
2011-10-24,1.406406044960022,1.3738526105880737
2011-10-25,1.3520309925079346,1.3207364082336426
2011-10-26,1.3481249809265137,1.3169209957122803
2011-10-27,1.423280954360962,1.3903369903564453
2011-10-28,1.4262499809265137,1.393237590789795
2011-10-31,1.3792190551757812,1.3472952842712402
2011-11-01,1.3065630197525024,1.2763209342956543
2011-11-02,1.3276560306549072,1.2969255447387695
2011-11-03,1.383437991142273,1.3514165878295898
2011-11-04,1.3696880340576172,1.3379846811294556
2011-11-07,1.3885940313339233,1.3564532995224
2011-11-08,1.420469045639038,1.3875900506973267
2011-11-09,1.3223439455032349,1.2917368412017822
2011-11-10,1.318750023841858,1.2882261276245117
2011-11-11,1.367969036102295,1.3363054990768433
2011-11-14,1.352344036102295,1.3210418224334717
2011-11-15,1.3817189931869507,1.349737286567688
2011-11-16,1.3348439931869507,1.3039473295211792
2011-11-17,1.2757810354232788,1.2462513446807861
2011-11-18,1.2540630102157593,1.2250357866287231
2011-11-21,1.2065629959106445,1.178635597229004
2011-11-22,1.212656021118164,1.1845875978469849
2011-11-23,1.1578129529953003,1.1310138702392578
2011-11-25,1.1410939693450928,1.1146817207336426
2011-11-28,1.2195310592651367,1.1913031339645386
2011-11-29,1.2050000429153442,1.177108645439148
2011-11-30,1.2939059734344482,1.2639570236206055
2011-12-01,1.3120310306549072,1.2816622257232666
2011-12-02,1.3025000095367432,1.2723519802093506
2011-12-05,1.3324999809265137,1.3016574382781982
2011-12-06,1.3260940313339233,1.295399785041809
2011-12-07,1.3273439407348633,1.2966206073760986
2011-12-08,1.2818750143051147,1.2522038221359253
2011-12-09,1.3223439455032349,1.2917368412017822
2011-12-12,1.2934379577636719,1.2634997367858887
2011-12-13,1.2635940313339233,1.2343462705612183
2011-12-14,1.2256250381469727,1.1972562074661255
2011-12-15,1.2178130149841309,1.1896249055862427
2011-12-16,1.2289060354232788,1.2004612684249878
2011-12-19,1.207031011581421,1.179092288017273
2011-12-20,1.277343988418579,1.2477779388427734
2011-12-21,1.2400000095367432,1.2112983465194702
2011-12-22,1.2612500190734863,1.2320570945739746
2011-12-23,1.283437967300415,1.25373113155365
2011-12-27,1.2909380197525024,1.2610573768615723
2011-12-28,1.2634379863739014,1.234194040298462
2011-12-29,1.278905987739563,1.2493038177490234
2011-12-30,1.2728129625320435,1.2433518171310425
2012-01-03,1.3192189931869507,1.2886837720870972
2012-01-04,1.330625057220459,1.2998260259628296
2012-01-05,1.353281021118164,1.3219573497772217
2012-01-06,1.361875057220459,1.330352544784546
2012-01-09,1.3540630340576172,1.3227213621139526
2012-01-10,1.373594045639038,1.3418004512786865
2012-01-11,1.3798439502716064,1.3479058742523193
2012-01-12,1.3910939693450928,1.3588954210281372
2012-01-13,1.381250023841858,1.3492791652679443
2012-01-17,1.403905987739563,1.371410608291626
2012-01-18,1.441406011581421,1.4080426692962646
2012-01-19,1.4604690074920654,1.4266644716262817
2012-01-20,1.4565629959106445,1.4228489398956299
2012-01-23,1.456874966621399,1.4231535196304321
2012-01-24,1.451719045639038,1.4181169271469116
2012-01-25,1.4876559972763062,1.453222393989563
2012-01-26,1.4768749475479126,1.4426902532577515
2012-01-27,1.4873440265655518,1.452917456626892
2012-01-30,1.489063024520874,1.4545964002609253
2012-01-31,1.4926559925079346,1.458106517791748
2012-02-01,1.5160939693450928,1.481001853942871
2012-02-02,1.526563048362732,1.4912291765213013
2012-02-03,1.5681250095367432,1.5318288803100586
2012-02-06,1.5667190551757812,1.530455470085144
2012-02-07,1.5728130340576172,1.5364081859588623
2012-02-08,1.5873440504074097,1.5506027936935425
2012-02-09,1.611719012260437,1.574413537979126
2012-02-10,1.589063048362732,1.5522820949554443
2012-02-13,1.6170309782028198,1.5796022415161133
2012-02-14,1.625938057899475,1.5883033275604248
2012-02-15,1.6024999618530273,1.565407633781433
2012-02-16,1.647655963897705,1.6095186471939087
2012-02-17,1.6375000476837158,1.5995979309082031
2012-02-21,1.6456249952316284,1.607534646987915
2012-02-22,1.6315629482269287,1.5937983989715576
2012-02-23,1.6534379720687866,1.6151667833328247
2012-02-24,1.6643749475479126,1.6258505582809448
2012-02-27,1.6684379577636719,1.629819393157959
2012-02-28,1.7021880149841309,1.6627882719039917
2012-02-29,1.6882810592651367,1.6492034196853638
2012-03-01,1.7131249904632568,1.67347252368927
2012-03-02,1.7112499475479126,1.671640396118164
2012-03-05,1.6768749952316284,1.6380614042282104
2012-03-06,1.6432809829711914,1.6052448749542236
2012-03-07,1.6675000190734863,1.6289037466049194
2012-03-08,1.7042189836502075,1.664772391319275
2012-03-09,1.718593955039978,1.6788148880004883
2012-03-12,1.7200000286102295,1.6801881790161133
2012-03-13,1.7831250429153442,1.741852045059204
2012-03-14,1.797031044960022,1.7554363012313843
2012-03-15,1.805469036102295,1.763679027557373
2012-03-16,1.8025000095367432,1.7607790231704712
2012-03-19,1.8307809829711914,1.7884048223495483
2012-03-20,1.8360940217971802,1.7935950756072998
2012-03-21,1.8370310068130493,1.7945104837417603
2012-03-22,1.8284380435943604,1.786116600036621
2012-03-23,1.827968955039978,1.7856581211090088
2012-03-26,1.890625,1.846863865852356
2012-03-27,1.895313024520874,1.8514434099197388
2012-03-28,1.8803130388259888,1.8367904424667358
2012-03-29,1.8681249618530273,1.8248847723007202
2012-03-30,1.8585939407348633,1.8155736923217773
2012-04-02,1.8965630531311035,1.8526647090911865
2012-04-03,1.896875023841858,1.8529690504074097
2012-04-04,1.8454689979553223,1.8027534484863281
2012-04-05,1.8667190074920654,1.823511004447937
2012-04-09,1.8396879434585571,1.7971059083938599
2012-04-10,1.778905987739563,1.7377307415008545
2012-04-11,1.7976560592651367,1.756047010421753
2012-04-12,1.8371880054473877,1.794663667678833
2012-04-13,1.782655954360962,1.74139404296875
2012-04-16,1.7446880340576172,1.7043049335479736
2012-04-17,1.8131250143051147,1.7711577415466309
2012-04-18,1.802968978881836,1.7612367868423462
2012-04-19,1.765781044960022,1.7249096632003784
2012-04-20,1.753749966621399,1.713157296180725
2012-04-23,1.7237499952316284,1.6838513612747192
2012-04-24,1.703125,1.6637039184570312
2012-04-25,1.7935940027236938,1.752078890800476
2012-04-26,1.815000057220459,1.7729897499084473
2012-04-27,1.836562991142273,1.7940534353256226
2012-04-30,1.8107810020446777,1.76886785030365
2012-05-01,1.8160940408706665,1.7740581035614014
2012-05-02,1.8245309591293335,1.7822997570037842
2012-05-03,1.7865630388259888,1.745211124420166
2012-05-04,1.6979689598083496,1.6586670875549316
2012-05-07,1.7003129720687866,1.660956621170044
2012-05-08,1.6875,1.6484407186508179
2012-05-09,1.6818749904632568,1.6429457664489746
2012-05-10,1.669374942779541,1.630735158920288
2012-05-11,1.6703130006790161,1.631651520729065
2012-05-14,1.6396880149841309,1.6017353534698486
2012-05-15,1.6278129816055298,1.5901352167129517
2012-05-16,1.605625033378601,1.568460464477539
2012-05-17,1.5378129482269287,1.502218246459961
2012-05-18,1.4990630149841309,1.464364767074585
2012-05-21,1.5796879529953003,1.543123722076416
2012-05-22,1.5768749713897705,1.5403759479522705
2012-05-23,1.5856250524520874,1.5489236116409302
2012-05-24,1.565000057220459,1.5287758111953735
2012-05-25,1.558750033378601,1.5226707458496094
2012-05-29,1.5978130102157593,1.5608296394348145
2012-05-30,1.571874976158142,1.5354915857315063
2012-05-31,1.5584379434585571,1.5223655700683594
2012-06-01,1.4746880531311035,1.4405540227890015
2012-06-04,1.4965629577636719,1.4619230031967163
2012-06-05,1.5096880197525024,1.4747443199157715
2012-06-06,1.5800000429153442,1.543428659439087
2012-06-07,1.5659379959106445,1.52969229221344
2012-06-08,1.5978130102157593,1.5608296394348145
2012-06-11,1.546875,1.5110704898834229
2012-06-12,1.5796879529953003,1.543123722076416
2012-06-13,1.5584379434585571,1.5223655700683594
2012-06-14,1.5703129768371582,1.5339659452438354
2012-06-15,1.6087499856948853,1.571513056755066
2012-06-18,1.6390630006790161,1.6011245250701904
2012-06-19,1.6725000143051147,1.6337875127792358
2012-06-20,1.6771880388259888,1.638366937637329
2012-06-21,1.5918749570846558,1.5550286769866943
2012-06-22,1.6246880292892456,1.5870825052261353
2012-06-25,1.5615630149841309,1.5254184007644653
2012-06-26,1.582813024520874,1.5461766719818115
2012-06-27,1.6012500524520874,1.5641870498657227
2012-06-28,1.5668749809265137,1.5306074619293213
2012-06-29,1.6637500524520874,1.625240445137024
2012-07-02,1.674375057220459,1.6356197595596313
2012-07-03,1.7018749713897705,1.662482738494873
2012-07-05,1.7037500143051147,1.6643141508102417
2012-07-06,1.660938024520874,1.6224933862686157
2012-07-09,1.65625,1.6179137229919434
2012-07-10,1.6231249570846558,1.5855555534362793
2012-07-11,1.6043750047683716,1.56723952293396
2012-07-12,1.5759379863739014,1.5394611358642578
2012-07-13,1.6215629577636719,1.5840297937393188
2012-07-16,1.6134380102157593,1.5760929584503174
2012-07-17,1.628749966621399,1.591050148010254
2012-07-18,1.6737500429153442,1.6350088119506836
2012-07-19,1.7100000381469727,1.6704198122024536
2012-07-20,1.6665630340576172,1.6279884576797485
2012-07-23,1.627187967300415,1.5895241498947144
2012-07-24,1.5993750095367432,1.5623557567596436
2012-07-25,1.5771880149841309,1.5406819581985474
2012-07-26,1.617812991142273,1.5803664922714233
2012-07-27,1.6990629434585571,1.659736156463623
2012-07-30,1.693750023841858,1.6545459032058716
2012-07-31,1.6909379959106445,1.651799201965332
2012-08-01,1.6821880340576172,1.6432517766952515
2012-08-02,1.6706249713897705,1.6319562196731567
2012-08-03,1.7321879863739014,1.692094326019287
2012-08-06,1.7599999904632568,1.7192624807357788
2012-08-07,1.789687991142273,1.7482632398605347
2012-08-08,1.7862499952316284,1.7449045181274414
2012-08-09,1.7971880435943604,1.7555893659591675
2012-08-10,1.8009380102157593,1.759252905845642
2012-08-13,1.808750033378601,1.7668840885162354
2012-08-14,1.8109380006790161,1.7690215110778809
2012-08-15,1.8200000524520874,1.7778737545013428
2012-08-16,1.8624999523162842,1.8193897008895874
2012-08-17,1.878749966621399,1.8352634906768799
2012-08-20,1.8849999904632568,1.8413691520690918
2012-08-21,1.8706250190734863,1.8273268938064575
2012-08-22,1.8846880197525024,1.841064453125
2012-08-23,1.8550000190734863,1.812063455581665
2012-08-24,1.8762500286102295,1.8328214883804321
2012-08-27,1.8828129768371582,1.8392325639724731
2012-08-28,1.8828129768371582,1.8392325639724731
2012-08-29,1.8825000524520874,1.838927149772644
2012-08-30,1.8450000286102295,1.802295207977295
2012-08-31,1.8709379434585571,1.8276324272155762
2012-09-04,1.8662500381469727,1.8230528831481934
2012-09-05,1.861562967300415,1.8184747695922852
2012-09-06,1.9431250095367432,1.898148775100708
2012-09-07,1.9378130435943604,1.8929595947265625
2012-09-10,1.8896880149841309,1.8459486961364746
2012-09-11,1.883437991142273,1.8398430347442627
2012-09-12,1.895313024520874,1.8514434099197388
2012-09-13,1.943750023841858,1.8987592458724976
2012-09-14,1.9803129434585571,1.9344755411148071
2012-09-17,1.9815629720687866,1.935697317123413
2012-09-18,1.985313057899475,1.93936026096344
2012-09-19,1.9915629625320435,1.9454654455184937
2012-09-20,1.9884380102157593,1.9424123764038086
2012-09-21,1.9900000095367432,1.9439388513565063
2012-09-24,1.9637500047683716,1.918295979499817
2012-09-25,1.9096879959106445,1.8654857873916626
2012-09-26,1.8799999952316284,1.836484670639038
2012-09-27,1.9306249618530273,1.8859376907348633
2012-09-28,1.9009380340576172,1.8569380044937134
2012-10-01,1.8921879529953003,1.8483905792236328
2012-10-02,1.9053130149841309,1.861211895942688
2012-10-03,1.9268749952316284,1.882274866104126
2012-10-04,1.941249966621399,1.8963168859481812
2012-10-05,1.9196879863739014,1.8752543926239014
2012-10-08,1.8871879577636719,1.8435064554214478
2012-10-09,1.8274999856948853,1.7851999998092651
2012-10-10,1.808750033378601,1.7668840885162354
2012-10-11,1.7946879863739014,1.7531473636627197
2012-10-12,1.7937500476837158,1.752231240272522
2012-10-15,1.8190629482269287,1.7769584655761719
2012-10-16,1.8718750476837158,1.8285478353500366
2012-10-17,1.8706250190734863,1.8273268938064575
2012-10-18,1.8278130292892456,1.7855054140090942
2012-10-19,1.7396880388259888,1.699420690536499
2012-10-22,1.758437991142273,1.7177361249923706
2012-10-23,1.723438024520874,1.6835466623306274
2012-10-24,1.7084380388259888,1.6688940525054932
2012-10-25,1.7106250524520874,1.6710304021835327
2012-10-26,1.7206250429153442,1.6807986497879028
2012-10-31,1.6990629434585571,1.659736156463623
2012-11-01,1.7478129863739014,1.70735764503479
2012-11-02,1.7059379816055298,1.6664515733718872
2012-11-05,1.7321879863739014,1.692094326019287
2012-11-06,1.7396880388259888,1.699420690536499
2012-11-07,1.65625,1.6179137229919434
2012-11-08,1.6074999570846558,1.5702922344207764
2012-11-09,1.6196880340576172,1.582198143005371
2012-11-12,1.6168750524520874,1.579450011253357
2012-11-13,1.5965629816055298,1.5596083402633667
2012-11-14,1.5571880340576172,1.5211446285247803
2012-11-15,1.5456249713897705,1.5098494291305542
2012-11-16,1.558750033378601,1.5226707458496094
2012-11-19,1.6337499618530273,1.5959343910217285
2012-11-20,1.6346880197525024,1.596850872039795
2012-11-21,1.6425000429153442,1.6044825315475464
2012-11-23,1.691249966621399,1.6521035432815552
2012-11-26,1.7081249952316284,1.6685879230499268
2012-11-27,1.6946879625320435,1.6554617881774902
2012-11-28,1.7237499952316284,1.6838513612747192
2012-11-29,1.7440630197525024,1.703694224357605
2012-11-30,1.7400000095367432,1.6997251510620117
2012-12-03,1.7340630292892456,1.6939258575439453
2012-12-04,1.7268749475479126,1.686903953552246
2012-12-05,1.6906249523162842,1.651492953300476
2012-12-06,1.7121880054473877,1.6725571155548096
2012-12-07,1.6915630102157593,1.6524094343185425
2012-12-10,1.7021880149841309,1.6627882719039917
2012-12-11,1.7468750476837158,1.7064412832260132
2012-12-12,1.7374999523162842,1.697283387184143
2012-12-13,1.7109379768371582,1.67133629322052
2012-12-14,1.6790629625320435,1.6401983499526978
2012-12-17,1.725000023841858,1.6850723028182983
2012-12-18,1.7759380340576172,1.73483145236969
2012-12-19,1.7603130340576172,1.719568133354187
2012-12-20,1.7590630054473877,1.7183473110198975
2012-12-21,1.7243750095367432,1.684462070465088
2012-12-24,1.715000033378601,1.6753038167953491
2012-12-26,1.6853129863739014,1.6487680673599243
2012-12-27,1.6790629625320435,1.642653465270996
2012-12-28,1.6462500095367432,1.6105520725250244
2012-12-31,1.7128130197525024,1.6756714582443237
2013-01-02,1.823438048362732,1.7838984727859497
2013-01-03,1.8065630197525024,1.7673888206481934
2013-01-04,1.7934379577636719,1.7545489072799683
2013-01-07,1.796875,1.7579110860824585
2013-01-08,1.7918750047683716,1.7530193328857422
2013-01-09,1.7999999523162842,1.7609683275222778
2013-01-10,1.8221880197525024,1.7826749086380005
2013-01-11,1.828125,1.7884833812713623
2013-01-14,1.8109380006790161,1.7716689109802246
2013-01-15,1.7937500476837158,1.75485360622406
2013-01-16,1.8075000047683716,1.7683055400848389
2013-01-17,1.8240629434585571,1.7845096588134766
2013-01-18,1.8174999952316284,1.7780886888504028
2013-01-22,1.8240629434585571,1.7845096588134766
2013-01-23,1.8421880006790161,1.802241325378418
2013-01-24,1.7940629720687866,1.7551599740982056
2013-01-25,1.8121880292892456,1.7728919982910156
2013-01-28,1.8196879625320435,1.7802289724349976
2013-01-29,1.8128130435943604,1.7735035419464111
2013-01-30,1.8143750429153442,1.7750310897827148
2013-01-31,1.8037500381469727,1.7646368741989136
2013-02-01,1.845937967300415,1.8059098720550537
2013-02-04,1.78125,1.742625117301941
2013-02-05,1.836562991142273,1.7967383861541748
2013-02-06,1.8228130340576172,1.7832868099212646
2013-02-07,1.8265630006790161,1.7869549989700317
2013-02-08,1.8637499809265137,1.8233355283737183
2013-02-11,1.864063024520874,1.8236421346664429
2013-02-12,1.8487499952316284,1.8086609840393066
2013-02-13,1.861875057220459,1.8215017318725586
2013-02-14,1.8596880435943604,1.8193620443344116
2013-02-15,1.8506250381469727,1.8104956150054932
2013-02-19,1.8765629529953003,1.8358709812164307
2013-02-20,1.818750023841858,1.7793115377426147
2013-02-21,1.7796880006790161,1.7410962581634521
2013-02-22,1.815000057220459,1.775642991065979
2013-02-25,1.7696880102157593,1.7313133478164673
2013-02-26,1.7825000286102295,1.7438478469848633
2013-02-27,1.8184380531311035,1.7790063619613647
2013-02-28,1.8125,1.7731972932815552
2013-03-01,1.8271880149841309,1.7875666618347168
2013-03-04,1.8440630435943604,1.8040757179260254
2013-03-05,1.8996880054473877,1.858494520187378
2013-03-06,1.8890630006790161,1.848100185394287
2013-03-07,1.8996880054473877,1.858494520187378
2013-03-08,1.9018750190734863,1.8606340885162354
2013-03-11,1.9149999618530273,1.873474359512329
2013-03-12,1.901563048362732,1.860329031944275
2013-03-13,1.8949999809265137,1.8539081811904907
2013-03-14,1.908437967300415,1.86705482006073
2013-03-15,1.8978129625320435,1.8566603660583496
2013-03-18,1.8878129720687866,1.846877098083496
2013-03-19,1.8825000524520874,1.841679334640503
2013-03-20,1.9018750190734863,1.8646894693374634
2013-03-21,1.861562967300415,1.8251656293869019
2013-03-22,1.8962500095367432,1.859174370765686
2013-03-25,1.8815629482269287,1.8447747230529785
2013-03-26,1.9034379720687866,1.8662221431732178
2013-03-27,1.9081250429153442,1.8708171844482422
2013-03-28,1.9184379577636719,1.8809287548065186
2013-04-01,1.8909380435943604,1.8539663553237915
2013-04-02,1.9209380149841309,1.883379578590393
2013-04-03,1.885938048362732,1.8490641117095947
2013-04-04,1.8875000476837158,1.850595474243164
2013-04-05,1.8553129434585571,1.8190377950668335
2013-04-08,1.8753130435943604,1.838646650314331
2013-04-09,1.899062991142273,1.8619322776794434
2013-04-10,1.9740630388259888,1.9354660511016846
2013-04-11,1.9703129529953003,1.9317892789840698
2013-04-12,1.96875,1.930256962776184
2013-04-15,1.891563057899475,1.854579210281372
2013-04-16,1.942188024520874,1.9042140245437622
2013-04-17,1.8662500381469727,1.8297609090805054
2013-04-18,1.8137500286102295,1.7782878875732422
2013-04-19,1.864063024520874,1.827616572380066
2013-04-22,1.899999976158142,1.8628511428833008
2013-04-23,1.9368749856948853,1.89900541305542
2013-04-24,1.9353129863739014,1.8974735736846924
2013-04-25,1.9559379816055298,1.9176956415176392
2013-04-26,1.9450000524520874,1.9069713354110718
2013-04-29,1.9803129434585571,1.9415932893753052
2013-04-30,2.007812976837158,1.9685561656951904
2013-05-01,1.9909379482269287,1.9520113468170166
2013-05-02,2.0403130054473877,2.000420331954956
2013-05-03,2.088749885559082,2.047910451889038
2013-05-06,2.104063034057617,2.062924385070801
2013-05-07,2.101562976837158,2.0604732036590576
2013-05-08,2.122499942779541,2.081000804901123
2013-05-09,2.1184380054473877,2.077017307281494
2013-05-10,2.1409380435943604,2.0990781784057617
2013-05-13,2.148124933242798,2.1061251163482666
2013-05-14,2.1696879863739014,2.1272661685943604
2013-05-15,2.1781249046325684,2.13553786277771
2013-05-16,2.174375057220459,2.131862163543701
2013-05-17,2.2140629291534424,2.17077374458313
2013-05-20,2.207813024520874,2.1646456718444824
2013-05-21,2.2118749618530273,2.168627977371216
2013-05-22,2.176563024520874,2.134007453918457
2013-05-23,2.1628129482269287,2.1205251216888428
2013-05-24,2.1624999046325684,2.1202189922332764
2013-05-28,2.190000057220459,2.147181272506714
2013-05-29,2.168750047683716,2.1263465881347656
2013-05-30,2.1912500858306885,2.148406505584717
2013-05-31,2.150624990463257,2.1085758209228516
2013-06-03,2.1596879959106445,2.117461919784546
2013-06-04,2.137187957763672,2.0954017639160156
2013-06-05,2.082813024520874,2.04209041595459
2013-06-06,2.0981249809265137,2.057102680206299
2013-06-07,2.1575000286102295,2.115316867828369
2013-06-10,2.1606249809265137,2.118379831314087
2013-06-11,2.117187976837158,2.0757927894592285
2013-06-12,2.067812919616699,2.027383804321289
2013-06-13,2.1184380054473877,2.077017307281494
2013-06-14,2.0924999713897705,2.0515875816345215
2013-06-17,2.1309380531311035,2.089273691177368
2013-06-18,2.166249990463257,2.1238951683044434
2013-06-19,2.1178131103515625,2.0764057636260986
2013-06-20,2.0143749713897705,1.9749901294708252
2013-06-21,1.9968750476837158,1.9578317403793335
2013-06-24,1.9565629959106445,1.918308138847351
2013-06-25,1.9837499856948853,1.9449633359909058
2013-06-26,2.0174999237060547,1.9780532121658325
2013-06-27,2.0374999046325684,1.997663140296936
2013-06-28,2.039375066757202,1.9995012283325195
2013-07-01,2.0687499046325684,2.028301477432251
2013-07-02,2.0693750381469727,2.028914213180542
2013-07-03,2.0868749618530273,2.0460727214813232
2013-07-05,2.117187976837158,2.0757927894592285
2013-07-08,2.1209380626678467,2.0794692039489746
2013-07-09,2.1468749046325684,2.1048998832702637
2013-07-10,2.1728129386901855,2.1303303241729736
2013-07-11,2.262500047683716,2.218264102935791
2013-07-12,2.2790629863739014,2.2345023155212402
2013-07-15,2.2896881103515625,2.244919776916504
2013-07-16,2.283750057220459,2.2390975952148438
2013-07-17,2.294063091278076,2.2492101192474365
2013-07-18,2.2825000286102295,2.237872838973999
2013-07-19,2.2362499237060547,2.1925268173217773
2013-07-22,2.247188091278076,2.2032508850097656
2013-07-23,2.216249942779541,2.1729183197021484
2013-07-24,2.2296879291534424,2.1860930919647217
2013-07-25,2.2562499046325684,2.2121355533599854
2013-07-26,2.280625104904175,2.2360341548919678
2013-07-29,2.2725000381469727,2.228067636489868
2013-07-30,2.2956249713897705,2.2507407665252686
2013-07-31,2.3056249618530273,2.260545015335083
2013-08-01,2.351249933242798,2.3052785396575928
2013-08-02,2.3787500858306885,2.3322410583496094
2013-08-05,2.382188081741333,2.3356118202209473
2013-08-06,2.353749990463257,2.3077290058135986
2013-08-07,2.3450000286102295,2.2991509437561035
2013-08-08,2.3662500381469727,2.3199856281280518
2013-08-09,2.349062919616699,2.3031327724456787
2013-08-12,2.3578128814697266,2.3117125034332275
2013-08-13,2.3840630054473877,2.3374500274658203
2013-08-14,2.367500066757202,2.3212108612060547
2013-08-15,2.288749933242798,2.2440006732940674
2013-08-16,2.284374952316284,2.239711046218872
2013-08-19,2.2771880626678467,2.2326643466949463
2013-08-20,2.2971880435943604,2.252272844314575
2013-08-21,2.28125,2.2366466522216797
2013-08-22,2.3243749141693115,2.278928279876709
2013-08-23,2.3575000762939453,2.3114054203033447
2013-08-26,2.3581249713897705,2.312018871307373
2013-08-27,2.260624885559082,2.2164244651794434
2013-08-28,2.280937910079956,2.2363412380218506
2013-08-29,2.311875104904175,2.2666733264923096
2013-08-30,2.2815630435943604,2.2369537353515625
2013-09-03,2.3053131103515625,2.260239839553833
2013-09-04,2.3571879863739014,2.3111000061035156
2013-09-05,2.3653130531311035,2.319066047668457
2013-09-06,2.3706250190734863,2.3242745399475098
2013-09-09,2.424999952316284,2.3775863647460938
2013-09-10,2.449687957763672,2.40179181098938
2013-09-11,2.440624952316284,2.3929057121276855
2013-09-12,2.4359378814697266,2.388310194015503
2013-09-13,2.4403131008148193,2.3926000595092773
2013-09-16,2.4262499809265137,2.3788113594055176
2013-09-17,2.4593749046325684,2.4112892150878906
2013-09-18,2.517812967300415,2.4685850143432617
2013-09-19,2.5293750762939453,2.4799206256866455
2013-09-20,2.5112500190734863,2.4621498584747314
2013-09-23,2.500624895095825,2.451733350753784
2013-09-24,2.50156307220459,2.4526524543762207
2013-09-25,2.486562967300415,2.4379451274871826
2013-09-26,2.523437976837158,2.474099636077881
2013-09-27,2.517812967300415,2.4685850143432617
2013-09-30,2.499687910079956,2.4508142471313477
2013-10-01,2.5556249618530273,2.50565767288208
2013-10-02,2.5528130531311035,2.5029003620147705
2013-10-03,2.494062900543213,2.4452991485595703
2013-10-04,2.5356249809265137,2.4860482215881348
2013-10-07,2.4937500953674316,2.4449918270111084
2013-10-08,2.400624990463257,2.353687286376953
2013-10-09,2.383125066757202,2.3365297317504883
2013-10-10,2.481874942779541,2.433349370956421
2013-10-11,2.522813081741333,2.4734864234924316
2013-10-14,2.557499885559082,2.507495403289795
2013-10-15,2.538438081741333,2.4888060092926025
2013-10-16,2.5956249237060547,2.544874668121338
2013-10-17,2.6253130435943604,2.5739829540252686
2013-10-18,2.7100000381469727,2.657013416290283
2013-10-21,2.721250057220459,2.668044090270996
2013-10-22,2.725938081741333,2.672640085220337
2013-10-23,2.697499990463257,2.644758701324463
2013-10-24,2.7200000286102295,2.666818618774414
2013-10-25,2.757812976837158,2.703892230987549
2013-10-28,2.760624885559082,2.706648826599121
2013-10-29,2.7684381008148193,2.7143099308013916
2013-10-30,2.7637500762939453,2.7097129821777344
2013-10-31,2.7512500286102295,2.6974573135375977
2013-11-01,2.752187967300415,2.6983773708343506
2013-11-04,2.7587499618530273,2.704810380935669
2013-11-05,2.7665629386901855,2.712470531463623
2013-11-06,2.765000104904175,2.710939407348633
2013-11-07,2.661562919616699,2.6095237731933594
2013-11-08,2.733438014984131,2.6799938678741455
2013-11-11,2.7249999046325684,2.671720504760742
2013-11-12,2.7321879863739014,2.6787681579589844
2013-11-13,2.799062967300415,2.744335651397705
2013-11-14,2.8143749237060547,2.759347915649414
2013-11-15,2.825313091278076,2.7700722217559814
2013-11-18,2.773437976837158,2.7192115783691406
2013-11-19,2.7543749809265137,2.7005207538604736
2013-11-20,2.7437500953674316,2.6901040077209473
2013-11-21,2.7956249713897705,2.740964889526367
2013-11-22,2.827500104904175,2.772216796875
2013-11-25,2.8399999141693115,2.7844724655151367
2013-11-26,2.869688034057617,2.813579559326172
2013-11-27,2.9090631008148193,2.852185010910034
2013-11-29,2.9412500858306885,2.883742332458496
2013-12-02,2.9262499809265137,2.869035005569458
2013-12-03,2.921562910079956,2.86444091796875
2013-12-04,2.927187919616699,2.86995530128479
2013-12-05,2.921875,2.864746570587158
2013-12-06,2.962812900543213,2.904884099960327
2013-12-09,2.98593807220459,2.9275569915771484
2013-12-10,2.9825000762939453,2.9241864681243896
2013-12-11,2.90625,2.8494269847869873
2013-12-12,2.89218807220459,2.835639715194702
2013-12-13,2.882812976837158,2.8264482021331787
2013-12-16,2.914375066757202,2.857393264770508
2013-12-17,2.9040629863739014,2.847283124923706
2013-12-18,2.9715631008148193,2.9134628772735596
2013-12-19,2.952188014984131,2.8944666385650635
2013-12-20,3.0115630626678467,2.952681303024292
2013-12-23,3.075313091278076,3.015183925628662
2013-12-24,3.0793750286102295,3.0191664695739746
2013-12-26,3.098438024520874,3.037858247756958
2013-12-27,3.0824999809265137,3.022230625152588
2013-12-30,3.073124885559082,3.0130388736724854
2013-12-31,3.112499952316284,3.0516433715820312
2014-01-02,3.064687967300415,3.0047671794891357
2014-01-03,3.021250009536743,2.9621784687042236
2014-01-06,2.996562957763672,2.937974214553833
2014-01-07,3.0512499809265137,2.991591691970825
2014-01-08,3.0668749809265137,3.006911516189575
2014-01-09,3.0450000762939453,2.985464096069336
2014-01-10,3.064687967300415,3.0047671794891357
2014-01-13,2.971874952316284,2.913768768310547
2014-01-14,3.087812900543213,3.027440071105957
2014-01-15,3.1368749141693115,3.075542688369751
2014-01-16,3.140312910079956,3.078914165496826
2014-01-17,3.103437900543213,3.0427591800689697
2014-01-21,3.150312900543213,3.088717460632324
2014-01-22,3.168750047683716,3.106794834136963
2014-01-23,3.145937919616699,3.084428310394287
2014-01-24,3.017812967300415,2.958808660507202
2014-01-27,2.963749885559082,2.9058024883270264
2014-01-28,2.9593749046325684,2.90151309967041
2014-01-29,2.8965630531311035,2.8399291038513184
2014-01-30,2.9984378814697266,2.9398117065429688
2014-01-31,2.9856250286102295,2.9272499084472656
2014-02-03,2.851562976837158,2.795809507369995
2014-02-04,2.890000104904175,2.8334944248199463
2014-02-05,2.875,2.8187882900238037
2014-02-06,2.945625066757202,2.8880324363708496
2014-02-07,3.0509378910064697,2.991286277770996
2014-02-10,3.0868749618530273,3.026520013809204
2014-02-11,3.156874895095825,3.095151662826538
2014-02-12,3.169374942779541,3.107407331466675
2014-02-13,3.215625047683716,3.1527528762817383
2014-02-14,3.2300000190734863,3.166846752166748
2014-02-18,3.2615630626678467,3.1977927684783936
2014-02-19,3.2171878814697266,3.154285192489624
2014-02-20,3.2434380054473877,3.180022716522217
2014-02-21,3.234375,3.1711368560791016
2014-02-24,3.273124933242798,3.2091286182403564
2014-02-25,3.263124942779541,3.199324607849121
2014-02-26,3.257812976837158,3.1941161155700684
2014-02-27,3.3009378910064697,3.2363979816436768
2014-02-28,3.291874885559082,3.227511405944824
2014-03-03,3.2437500953674316,3.180328130722046
2014-03-04,3.3265628814697266,3.261521816253662
2014-03-05,3.3450000286102295,3.2795987129211426
2014-03-06,3.3371880054473877,3.271939516067505
2014-03-07,3.304687976837158,3.2400741577148438
2014-03-10,3.309688091278076,3.2449774742126465
2014-03-11,3.28281307220459,3.218628168106079
2014-03-12,3.3056249618530273,3.240993022918701
2014-03-13,3.2140629291534424,3.151221513748169
2014-03-14,3.1678130626678467,3.1058764457702637
2014-03-17,3.2256250381469727,3.16255784034729
2014-03-18,3.3028130531311035,3.238236427307129
2014-03-19,3.2684381008148193,3.204533815383911
2014-03-20,3.284374952316284,3.220158338546753
2014-03-21,3.2043750286102295,3.1417229175567627
2014-03-24,3.150624990463257,3.0890238285064697
2014-03-25,3.169063091278076,3.1071009635925293
2014-03-26,3.0875000953674316,3.0271332263946533
2014-03-27,3.0531249046325684,2.9934301376342773
2014-03-28,3.0659379959106445,3.0059924125671387
2014-03-31,3.1078128814697266,3.047048568725586
2014-04-01,3.216249942779541,3.1533656120300293
2014-04-02,3.233438014984131,3.1702165603637695
2014-04-03,3.1828129291534424,3.1205825805664062
2014-04-04,3.0109379291534424,2.9520676136016846
2014-04-07,2.9571878910064697,2.89936900138855
2014-04-08,3.0090630054473877,2.9502298831939697
2014-04-09,3.1131250858306885,3.052257537841797
2014-04-10,2.920938014984131,2.8638274669647217
2014-04-11,2.8531250953674316,2.7973406314849854
2014-04-14,2.8965630531311035,2.8399291038513184
2014-04-15,2.9149999618530273,2.8580052852630615
2014-04-16,2.9909379482269287,2.9324591159820557
2014-04-17,2.9928131103515625,2.934297561645508
2014-04-21,3.0381250381469727,2.9787232875823975
2014-04-22,3.0871880054473877,3.026826858520508
2014-04-23,3.0315630435943604,2.9722900390625
2014-04-24,3.090625047683716,3.0301971435546875
2014-04-25,2.9909379482269287,2.9324591159820557
2014-04-28,3.012500047683716,2.953599691390991
2014-04-29,3.0578129291534424,2.9980263710021973
2014-04-30,3.0740630626678467,3.0139591693878174
2014-05-01,3.09375,3.0332610607147217
2014-05-02,3.0818750858306885,3.021618604660034
2014-05-05,3.1131250858306885,3.052257537841797
2014-05-06,3.031874895095825,2.972595453262329
2014-05-07,3.0134379863739014,2.954519033432007
2014-05-08,3.0087499618530273,2.949922800064087
2014-05-09,3.031874895095825,2.972595453262329
2014-05-12,3.1290628910064697,3.0678834915161133
2014-05-13,3.133125066757202,3.0718655586242676
2014-05-14,3.1003129482269287,3.0396955013275146
2014-05-15,3.0534379482269287,2.99373722076416
2014-05-16,3.092813014984131,3.0323424339294434
2014-05-19,3.137500047683716,3.076155424118042
2014-05-20,3.114063024520874,3.0531766414642334
2014-05-21,3.1728129386901855,3.1107776165008545
2014-05-22,3.1987500190734863,3.1362082958221436
2014-05-23,3.246875047683716,3.183391571044922
2014-05-27,3.328749895095825,3.2636663913726807
2014-05-28,3.306562900543213,3.241913318634033
2014-05-29,3.3481249809265137,3.2826621532440186
2014-05-30,3.3503129482269287,3.2848074436187744
2014-06-02,3.3418750762939453,3.2765347957611084
2014-06-03,3.340312957763672,3.2750024795532227
2014-06-04,3.3628129959106445,3.297063112258911
2014-06-05,3.4206249713897705,3.353745222091675
2014-06-06,3.4593749046325684,3.3917369842529297
2014-06-09,3.4540629386901855,3.3865292072296143
2014-06-10,3.4646880626678467,3.396946668624878
2014-06-11,3.462812900543213,3.3951077461242676
2014-06-12,3.403749942779541,3.3371994495391846
2014-06-13,3.4221880435943604,3.3552777767181396
2014-06-16,3.427500009536743,3.360485553741455
2014-06-17,3.4309380054473877,3.363856077194214
2014-06-18,3.4728128910064697,3.404912233352661
2014-06-19,3.465312957763672,3.39755916595459
2014-06-20,3.471874952316284,3.4039924144744873
2014-06-23,3.473750114440918,3.4058315753936768
2014-06-24,3.4674999713897705,3.3997035026550293
2014-06-25,3.5065629482269287,3.4435887336730957
2014-06-26,3.5093750953674316,3.446350574493408
2014-06-27,3.538749933242798,3.4751975536346436
2014-06-30,3.5531249046325684,3.489314556121826
2014-07-01,3.6315629482269287,3.5663440227508545
2014-07-02,3.6424999237060547,3.5770843029022217
2014-07-03,3.6853129863739014,3.619128465652466
2014-07-07,3.664062976837158,3.598259687423706
2014-07-08,3.577500104904175,3.513252019882202
2014-07-09,3.630000114440918,3.5648088455200195
2014-07-10,3.6075000762939453,3.542712926864624
2014-07-11,3.650312900543213,3.5847573280334473
2014-07-14,3.698124885559082,3.6317098140716553
2014-07-15,3.672499895095825,3.6065447330474854
2014-07-16,3.700313091278076,3.633859157562256
2014-07-17,3.6028130054473877,3.5381104946136475
2014-07-18,3.713124990463257,3.6464409828186035
2014-07-21,3.70468807220459,3.638155937194824
2014-07-22,3.755000114440918,3.6875641345977783
2014-07-23,3.8009378910064697,3.7326762676239014
2014-07-24,3.793437957763672,3.725311040878296
2014-07-25,3.759999990463257,3.692474126815796
2014-07-28,3.7643749713897705,3.696770191192627
2014-07-29,3.753124952316284,3.685722589492798
2014-07-30,3.781874895095825,3.713955879211426
2014-07-31,3.627500057220459,3.562354326248169
2014-08-01,3.601562976837158,3.5368828773498535
2014-08-04,3.648750066757202,3.5832221508026123
2014-08-05,3.5946879386901855,3.5301313400268555
2014-08-06,3.5875000953674316,3.5230722427368164
2014-08-07,3.5662500858306885,3.5022037029266357
2014-08-08,3.6159379482269287,3.550999402999878
2014-08-11,3.6596879959106445,3.593963623046875
2014-08-12,3.6543750762939453,3.5887463092803955
2014-08-13,3.734062910079956,3.6670029163360596
2014-08-14,3.7725000381469727,3.704749584197998
2014-08-15,3.807499885559082,3.7391209602355957
2014-08-18,3.8678131103515625,3.7983508110046387
2014-08-19,3.9103128910064697,3.840088129043579
2014-08-20,3.9124999046325684,3.8422353267669678
2014-08-21,3.9259378910064697,3.85543155670166
2014-08-22,3.936875104904175,3.866173028945923
2014-08-25,3.965625047683716,3.89440655708313
2014-08-26,3.9749999046325684,3.9036130905151367
2014-08-27,3.9753129482269287,3.9039204120635986
2014-08-28,3.963749885559082,3.8925650119781494
2014-08-29,3.9956250190734863,3.923868179321289
2014-09-02,4.01843786239624,3.9462711811065674
2014-09-03,3.971250057220459,3.899930238723755
2014-09-04,3.960624933242798,3.889495372772217
2014-09-05,4.005000114440918,3.933074951171875
2014-09-08,4.017813205718994,3.9456565380096436
2014-09-09,3.952188014984131,3.881211280822754
2014-09-10,4.0134382247924805,3.9413609504699707
2014-09-11,4.010313034057617,3.9382920265197754
2014-09-12,3.967813014984131,3.896555185317993
2014-09-15,3.889688014984131,3.819833278656006
2014-09-16,3.958125114440918,3.887040376663208
2014-09-17,3.9725000858306885,3.901158094406128
2014-09-18,4.03000020980835,3.9576265811920166
2014-09-19,4.022812843322754,3.9505670070648193
2014-09-22,3.9509379863739014,3.8799831867218018
2014-09-23,3.929063081741333,3.8585007190704346
2014-09-24,4.012813091278076,3.9407472610473633
2014-09-25,3.8446879386901855,3.775641441345215
2014-09-26,3.9284379482269287,3.8578872680664062
2014-09-29,3.916874885559082,3.846532106399536
2014-09-30,3.9287500381469727,3.8581933975219727
2014-10-01,3.801563024520874,3.733290672302246
2014-10-02,3.799062967300415,3.7308366298675537
2014-10-03,3.8753130435943604,3.8057167530059814
2014-10-06,3.858438014984131,3.789144992828369
2014-10-07,3.749375104904175,3.6820404529571533
2014-10-08,3.898437976837158,3.8284263610839844
2014-10-09,3.7674999237060547,3.6998398303985596
2014-10-10,3.578749895095825,3.514478921890259
2014-10-13,3.468437910079956,3.4061484336853027
2014-10-14,3.4668750762939453,3.404613733291626
2014-10-15,3.424999952316284,3.363490343093872
2014-10-16,3.379688024520874,3.3189916610717773
2014-10-17,3.4700000286102295,3.4076826572418213
2014-10-20,3.572499990463257,3.5083417892456055
2014-10-21,3.7593750953674316,3.6918609142303467
2014-10-22,3.719374895095825,3.652578830718994
2014-10-23,3.833437919616699,3.7645933628082275
2014-10-24,3.8918750286102295,3.8219804763793945
2014-10-27,3.9021880626678467,3.832108736038208
2014-10-28,4.017499923706055,3.945349931716919
2014-10-29,3.986562967300415,3.914968729019165
2014-10-30,4.0059380531311035,3.933995008468628
2014-10-31,4.114375114440918,4.04048490524292
2014-11-03,4.138124942779541,4.063808441162109
2014-11-04,4.112500190734863,4.038643836975098
2014-11-05,4.110000133514404,4.036189079284668
2014-11-06,4.137499809265137,4.06319522857666
2014-11-07,4.128125190734863,4.053988456726074
2014-11-10,4.1596879959106445,4.08498477935791
2014-11-11,4.183437824249268,4.108307361602783
2014-11-12,4.199062824249268,4.123651504516602
2014-11-13,4.234063148498535,4.158023357391357
2014-11-14,4.259375095367432,4.182881832122803
2014-11-17,4.23312520980835,4.157102108001709
2014-11-18,4.299063205718994,4.221855640411377
2014-11-19,4.259375095367432,4.182881832122803
2014-11-20,4.2978129386901855,4.2206292152404785
2014-11-21,4.31374979019165,4.2362799644470215
2014-11-24,4.382500171661377,4.303794860839844
2014-11-25,4.395625114440918,4.316684722900391
2014-11-26,4.452813148498535,4.372844696044922
2014-11-28,4.492499828338623,4.411818981170654
2014-12-01,4.389999866485596,4.311160564422607
2014-12-02,4.425000190734863,4.345530986785889
2014-12-03,4.442812919616699,4.363025188446045
2014-12-04,4.435937881469727,4.356273174285889
2014-12-05,4.438125133514404,4.358420372009277
2014-12-08,4.372188091278076,4.293667793273926
2014-12-09,4.404375076293945,4.325277805328369
2014-12-10,4.263750076293945,4.187178134918213
2014-12-11,4.304687976837158,4.22737979888916
2014-12-12,4.210937976837158,4.135313510894775
2014-12-15,4.125,4.050919532775879
2014-12-16,3.989063024520874,3.9174232482910156
2014-12-17,4.1309380531311035,4.056750774383545
2014-12-18,4.335000038146973,4.257147312164307
2014-12-19,4.364062786102295,4.285688400268555
2014-12-22,4.3915629386901855,4.3151679039001465
2014-12-23,4.3628129959106445,4.286917209625244
2014-12-24,4.3678131103515625,4.291831016540527
2014-12-26,4.429687976837158,4.3526291847229
2014-12-29,4.4278130531311035,4.3507866859436035
2014-12-30,4.364999771118164,4.289065837860107
2014-12-31,4.273125171661377,4.198790073394775
2015-01-02,4.255312919616699,4.181286811828613
2015-01-05,4.125625133514404,4.053854465484619
2015-01-06,4.01687479019165,3.9469964504241943
2015-01-07,4.117187976837158,4.0455641746521
2015-01-08,4.274687767028809,4.200325012207031
2015-01-09,4.2196879386901855,4.146281719207764
2015-01-12,4.132812976837158,4.060917854309082
2015-01-13,4.12656307220459,4.054776668548584
2015-01-14,4.085625171661377,4.014551639556885
2015-01-15,3.9778130054473877,3.90861439704895
2015-01-16,4.071562767028809,4.000734329223633
2015-01-20,4.134375095367432,4.062453746795654
2015-01-21,4.176249980926514,4.1035990715026855
2015-01-22,4.330625057220459,4.255289077758789
2015-01-23,4.349374771118164,4.2737135887146
2015-01-26,4.340624809265137,4.265115261077881
2015-01-27,4.118124961853027,4.0464863777160645
2015-01-28,4.073124885559082,4.002269268035889
2015-01-29,4.147812843322754,4.075657844543457
2015-01-30,4.087187767028809,4.016086578369141
2015-02-02,4.156562805175781,4.084254741668701
2015-02-03,4.236249923706055,4.162556171417236
2015-02-04,4.226562976837158,4.153036117553711
2015-02-05,4.300624847412109,4.2258100509643555
2015-02-06,4.248437881469727,4.174531936645508
2015-02-09,4.220938205718994,4.147510528564453
2015-02-10,4.352812767028809,4.277091979980469
2015-02-11,4.385313034057617,4.309025287628174
2015-02-12,4.4853129386901855,4.407285213470459
2015-02-13,4.561874866485596,4.482515335083008
2015-02-17,4.5709381103515625,4.491422653198242
2015-02-18,4.584374904632568,4.504624366760254
2015-02-19,4.629063129425049,4.5485358238220215
2015-02-20,4.690625190734863,4.609025955200195
2015-02-23,4.701562881469727,4.6197733879089355
2015-02-24,4.707499980926514,4.625607490539551
2015-02-25,4.683125019073486,4.601655960083008
2015-02-26,4.730625152587891,4.6483306884765625
2015-02-27,4.689374923706055,4.607797145843506
2015-03-02,4.773749828338623,4.690705299377441
2015-03-03,4.726874828338623,4.644646167755127
2015-03-04,4.692812919616699,4.611176013946533
2015-03-05,4.707188129425049,4.625302314758301
2015-03-06,4.598437786102295,4.518443584442139
2015-03-09,4.624063014984131,4.543622970581055
2015-03-10,4.458125114440918,4.380570888519287
2015-03-11,4.4040632247924805,4.327449321746826
2015-03-12,4.463749885559082,4.386096954345703
2015-03-13,4.422500133514404,4.345565319061279
2015-03-16,4.539062976837158,4.460101127624512
2015-03-17,4.5503129959106445,4.471155166625977
2015-03-18,4.641250133514404,4.56050968170166
2015-03-19,4.653749942779541,4.572793006896973
2015-03-20,4.717813014984131,4.635741710662842
2015-03-23,4.694375038146973,4.612712383270264
2015-03-24,4.660937786102295,4.579855918884277
2015-03-25,4.444687843322754,4.369681358337402
2015-03-26,4.414999961853027,4.340496063232422
2015-03-27,4.4509382247924805,4.375826835632324
2015-03-30,4.559374809265137,4.482433795928955
2015-03-31,4.45468807220459,4.379513740539551
2015-04-01,4.408750057220459,4.3343505859375
2015-04-02,4.413125038146973,4.33865213394165
2015-04-06,4.48562479019165,4.409927845001221
2015-04-07,4.46999979019165,4.394567966461182
2015-04-08,4.540937900543213,4.464308738708496
2015-04-09,4.597813129425049,4.520223617553711
2015-04-10,4.634687900543213,4.55647611618042
2015-04-13,4.61093807220459,4.533125877380371
2015-04-14,4.585312843322754,4.507934093475342
2015-04-15,4.639062881469727,4.56077766418457
2015-04-16,4.62781286239624,4.549717426300049
2015-04-17,4.4853129386901855,4.409621715545654
2015-04-20,4.618750095367432,4.540807723999023
2015-04-21,4.656875133514404,4.578289031982422
2015-04-22,4.707188129425049,4.627753734588623
2015-04-23,4.744999885559082,4.664927005767822
2015-04-24,4.870625019073486,4.788432598114014
2015-04-27,4.848437786102295,4.766618251800537
2015-04-28,4.825624942779541,4.744190692901611
2015-04-29,4.767813205718994,4.6873555183410645
2015-04-30,4.614375114440918,4.536506652832031
2015-05-01,4.739999771118164,4.660010814666748
2015-05-04,4.75281286239624,4.672608375549316
2015-05-05,4.601874828338623,4.524216175079346
2015-05-06,4.540312767028809,4.463693141937256
2015-05-07,4.589687824249268,4.51223611831665
2015-05-08,4.702499866485596,4.623144149780273
2015-05-11,4.664374828338623,4.585661888122559
2015-05-12,4.625312805175781,4.5472588539123535
2015-05-13,4.643125057220459,4.564770221710205
2015-05-14,4.777500152587891,4.696878910064697
2015-05-15,4.779687881469727,4.699029445648193
2015-05-18,4.820624828338623,4.739274978637695
2015-05-19,4.8078131675720215,4.726680755615234
2015-05-20,4.813125133514404,4.731902122497559
2015-05-21,4.864999771118164,4.782901763916016
2015-05-22,4.858749866485596,4.776756286621094
2015-05-26,4.742499828338623,4.662468910217285
2015-05-27,4.894999980926514,4.8123955726623535
2015-05-28,4.87375020980835,4.79150390625
2015-05-29,4.818749904632568,4.737432479858398
2015-06-01,4.845624923706055,4.763853549957275
2015-06-02,4.816249847412109,4.734973907470703
2015-06-03,4.844375133514404,4.762624263763428
2015-06-04,4.774374961853027,4.693805694580078
2015-06-05,4.749374866485596,4.669227600097656
2015-06-08,4.653749942779541,4.5752177238464355
2015-06-09,4.638750076293945,4.560468673706055
2015-06-10,4.758749961853027,4.6784443855285645
2015-06-11,4.775625228881836,4.695035457611084
2015-06-12,4.697500228881836,4.618228435516357
2015-06-15,4.653124809265137,4.574601173400879
2015-06-16,4.699999809265137,4.62068510055542
2015-06-17,4.726250171661377,4.646493434906006
2015-06-18,4.86062479019165,4.778600692749023
2015-06-19,4.814374923706055,4.733130931854248
2015-06-22,4.885624885559082,4.803178787231445
2015-06-23,4.894374847412109,4.81178092956543
2015-06-24,4.846250057220459,4.764468193054199
2015-06-25,4.823124885559082,4.741733074188232
2015-06-26,4.76437520980835,4.683974266052246
2015-06-29,4.541250228881836,4.464615345001221
2015-06-30,4.571875095367432,4.494723796844482
2015-07-01,4.641250133514404,4.562927722930908
2015-07-02,4.644999980926514,4.566615104675293
2015-07-06,4.623125076293945,4.545108318328857
2015-07-07,4.641250133514404,4.562927722930908
2015-07-08,4.481874942779541,4.406242370605469
2015-07-09,4.475625038146973,4.400097370147705
2015-07-10,4.615624904632568,4.537734508514404
2015-07-13,4.772500038146973,4.691962718963623
2015-07-14,4.836249828338623,4.754635810852051
2015-07-15,4.847499847412109,4.7656965255737305
2015-07-16,4.982500076293945,4.89841890335083
2015-07-17,5.127500057220459,5.040971279144287
2015-07-20,5.166874885559082,5.079681396484375
2015-07-21,5.156875133514404,5.069851875305176
2015-07-22,5.045000076293945,4.959865570068359
2015-07-23,5.002500057220459,4.918081760406494
2015-07-24,4.90749979019165,4.82468318939209
2015-07-27,4.823124885559082,4.741733074188232
2015-07-28,4.90625,4.823456764221191
2015-07-29,4.946875095367432,4.8633952140808105
2015-07-30,4.991250038146973,4.907020568847656
2015-07-31,4.979374885559082,4.895346164703369
2015-08-03,4.95187520980835,4.868311405181885
2015-08-04,4.928750038146973,4.84557580947876
2015-08-05,5.003749847412109,4.919309139251709
2015-08-06,4.847499847412109,4.7656965255737305
2015-08-07,4.831250190734863,4.749722003936768
2015-08-10,4.940625190734863,4.857250213623047
2015-08-11,4.816874980926514,4.7355875968933105
2015-08-12,4.845624923706055,4.763853549957275
2015-08-13,4.828125,4.746647834777832
2015-08-14,4.84375,4.762010097503662
2015-08-17,4.924375057220459,4.841274738311768
2015-08-18,4.876874923706055,4.794576644897461
2015-08-19,4.81125020980835,4.7300591468811035
2015-08-20,4.547500133514404,4.470759391784668
2015-08-21,4.15749979019165,4.087339878082275
2015-08-24,3.844374895095825,3.7795000076293945
2015-08-25,3.799375057220459,3.7352592945098877
2015-08-26,4.179999828338623,4.109460353851318
2015-08-27,4.389999866485596,4.315916538238525
2015-08-28,4.394999980926514,4.320833206176758
2015-08-31,4.281875133514404,4.209617614746094
2015-09-01,4.023125171661377,3.9552340507507324
2015-09-02,4.241250038146973,4.169678211212158
2015-09-03,4.195000171661377,4.124208450317383
2015-09-04,4.096875190734863,4.027738571166992
2015-09-08,4.32687520980835,4.2538580894470215
2015-09-09,4.231874942779541,4.16046142578125
2015-09-10,4.320000171661377,4.247097492218018
2015-09-11,4.368750095367432,4.295026779174805
2015-09-14,4.341875076293945,4.268603801727295
2015-09-15,4.442500114440918,4.367530345916748
2015-09-16,4.494375228881836,4.418532371520996
2015-09-17,4.49875020980835,4.422832012176514
2015-09-18,4.37375020980835,4.299941539764404
2015-09-21,4.399374961853027,4.325134754180908
2015-09-22,4.268750190734863,4.196714401245117
2015-09-23,4.271249771118164,4.19917106628418
2015-09-24,4.244999885559082,4.173364639282227
2015-09-25,4.170000076293945,4.099630355834961
2015-09-28,3.932499885559082,3.8661375045776367
2015-09-29,3.893749952316284,3.8280420303344727
2015-09-30,4.065625190734863,3.9970149993896484
2015-10-01,4.103125095367432,4.033883094787598
2015-10-02,4.246874809265137,4.175208568572998
2015-10-05,4.372499942779541,4.298712253570557
2015-10-06,4.331250190734863,4.258158206939697
2015-10-07,4.380000114440918,4.306085586547852
2015-10-08,4.414999961853027,4.340496063232422
2015-10-09,4.45187520980835,4.376749038696289
2015-10-12,4.477499961853027,4.401941299438477
2015-10-13,4.415625095367432,4.341109752655029
2015-10-14,4.405624866485596,4.331279277801514
2015-10-15,4.550000190734863,4.473217487335205
2015-10-16,4.590000152587891,4.512542724609375
2015-10-19,4.64187479019165,4.563541412353516
2015-10-20,4.59375,4.516228675842285
2015-10-21,4.535624980926514,4.459085464477539
2015-10-22,4.721250057220459,4.64157772064209
2015-10-23,4.985000133514404,4.900876998901367
2015-10-26,4.992499828338623,4.908249378204346
2015-10-27,5.009375095367432,4.924840927124023
2015-10-28,5.09375,5.007791519165039
2015-10-29,5.078125,4.992429733276367
2015-10-30,5.033750057220459,4.948802947998047
2015-11-02,5.148749828338623,5.061863899230957
2015-11-03,5.183125019073486,5.0956573486328125
2015-11-04,5.184374809265137,5.096886157989502
2015-11-05,5.149374961853027,5.062478542327881
2015-11-06,5.161874771118164,5.074766635894775
2015-11-09,5.052499771118164,4.9672369956970215
2015-11-10,5.021874904632568,4.937128067016602
2015-11-11,5.011875152587891,4.927297592163086
2015-11-12,4.913125038146973,4.830214500427246
2015-11-13,4.721875190734863,4.642192363739014
2015-11-16,4.856249809265137,4.774297714233398
2015-11-17,4.862500190734863,4.780444145202637
2015-11-18,5.046249866485596,4.961092948913574
2015-11-19,5.054999828338623,4.969695568084717
2015-11-20,5.121874809265137,5.0354413986206055
2015-11-23,5.094375133514404,5.0084052085876465
2015-11-24,5.088125228881836,5.002261638641357
2015-11-25,5.093124866485596,5.007176399230957
2015-11-27,5.109375,5.0231523513793945
2015-11-30,5.081874847412109,4.99611759185791
2015-12-01,5.183750152587891,5.0962724685668945
2015-12-02,5.122499942779541,5.036056041717529
2015-12-03,4.946249961853027,4.862780570983887
2015-12-04,5.174375057220459,5.087056636810303
2015-12-07,5.130000114440918,5.043429374694824
2015-12-08,5.131875038146973,5.045274257659912
2015-12-09,4.974999904632568,4.891045093536377
2015-12-10,5.018125057220459,4.93344259262085
2015-12-11,4.789374828338623,4.708552360534668
2015-12-14,4.863749980926514,4.781672954559326
2015-12-15,4.920000076293945,4.836974620819092
2015-12-16,5.058125019073486,4.972769260406494
2015-12-17,4.918125152587891,4.835129737854004
2015-12-18,4.73562479019165,4.655709743499756
2015-12-21,4.833125114440918,4.7515645027160645
2015-12-22,4.893125057220459,4.81341552734375
2015-12-23,4.966875076293945,4.8859639167785645
2015-12-24,4.963125228881836,4.8822760581970215
2015-12-28,4.953750133514404,4.873054027557373
2015-12-29,5.109375,5.026142597198486
2015-12-30,5.021249771118164,4.939452648162842
2015-12-31,4.897500038146973,4.817718982696533
2016-01-04,4.693124771118164,4.616672515869141
2016-01-05,4.668125152587891,4.592080116271973
2016-01-06,4.583749771118164,4.509079933166504
2016-01-07,4.29812479019165,4.22810697555542
2016-01-08,4.223124980926514,4.154329776763916
2016-01-11,4.253125190734863,4.183840751647949
2016-01-12,4.351874828338623,4.280981540679932
2016-01-13,4.048749923706055,3.9827957153320312
2016-01-14,4.21875,4.150026321411133
2016-01-15,3.9574999809265137,3.8930323123931885
2016-01-19,3.974375009536743,3.9096322059631348
2016-01-20,3.9518749713897705,3.887498140335083
2016-01-21,3.961250066757202,3.8967208862304688
2016-01-22,4.186874866485596,4.118670463562012
2016-01-25,4.065000057220459,3.9987809658050537
2016-01-26,4.136875152587891,4.069483280181885
2016-01-27,3.929374933242798,3.8653645515441895
2016-01-28,4.038125038146973,3.972344160079956
2016-01-29,4.207499980926514,4.138958930969238
2016-02-01,4.224374771118164,4.155560493469238
2016-02-02,4.04562520980835,3.9797203540802
2016-02-03,4.008749961853027,3.9434468746185303
2016-02-04,4.007500171661377,3.9422173500061035
2016-02-05,3.726249933242798,3.6655490398406982
2016-02-08,3.6131250858306885,3.5542666912078857
2016-02-09,3.588749885559082,3.5302884578704834
2016-02-10,3.619374990463257,3.5604145526885986
2016-02-11,3.612499952316284,3.553651809692383
2016-02-12,3.716249942779541,3.655712127685547
2016-02-16,3.878124952316284,3.8149497509002686
2016-02-17,4.058750152587891,3.992630958557129
2016-02-18,3.96875,3.9040989875793457
2016-02-19,3.991874933242798,3.926846981048584
2016-02-22,4.119999885559082,4.052885055541992
2016-02-23,3.984375,3.919469118118286
2016-02-24,4.060625076293945,3.994476556777954
2016-02-25,4.138124942779541,4.070715427398682
2016-02-26,4.128749847412109,4.061491012573242
2016-02-29,4.054999828338623,3.988943099975586
2016-03-01,4.313125133514404,4.242863655090332
2016-03-02,4.317500114440918,4.24716854095459
2016-03-03,4.302499771118164,4.2324113845825195
2016-03-04,4.306250095367432,4.236100673675537
2016-03-07,4.254374980926514,4.185070514678955
2016-03-08,4.179999828338623,4.1119065284729
2016-03-09,4.235000133514404,4.166011333465576
2016-03-10,4.224374771118164,4.155560493469238
2016-03-11,4.368750095367432,4.297582626342773
2016-03-14,4.381875038146973,4.310493469238281
2016-03-15,4.380000114440918,4.308649063110352
2016-03-16,4.457499980926514,4.384886741638184
2016-03-17,4.452499866485596,4.379969120025635
2016-03-18,4.469375133514404,4.3965678215026855
2016-03-21,4.501874923706055,4.428538799285889
2016-03-22,4.526875019073486,4.453131675720215
2016-03-23,4.448124885559082,4.375664710998535
2016-03-24,4.450624942779541,4.3781232833862305
2016-03-28,4.439374923706055,4.367057800292969
2016-03-29,4.575624942779541,4.5010881423950195
2016-03-30,4.626874923706055,4.551502704620361
2016-03-31,4.612500190734863,4.5373616218566895
2016-04-01,4.707499980926514,4.630814075469971
2016-04-04,4.670000076293945,4.593925476074219
2016-04-05,4.585625171661377,4.510924339294434
2016-04-06,4.73312520980835,4.6560211181640625
2016-04-07,4.590624809265137,4.515841960906982
2016-04-08,4.590624809265137,4.515841960906982
2016-04-11,4.554999828338623,4.480798244476318
2016-04-12,4.633124828338623,4.557651996612549
2016-04-13,4.750625133514404,4.6732378005981445
2016-04-14,4.75,4.672621726989746
2016-04-15,4.724999904632568,4.64802885055542
2016-04-18,4.775000095367432,4.697213649749756
2016-04-19,4.716249942779541,4.639421463012695
2016-04-20,4.721875190734863,4.644955158233643
2016-04-21,4.724374771118164,4.64741325378418
2016-04-22,4.583749771118164,4.509079933166504
2016-04-25,4.583125114440918,4.508465766906738
2016-04-26,4.541250228881836,4.4672722816467285
2016-04-27,4.463125228881836,4.390420913696289
2016-04-28,4.359375,4.288360595703125
2016-04-29,4.309999942779541,4.2397894859313965
2016-05-02,4.389999866485596,4.318485736846924
2016-05-03,4.310625076293945,4.2404046058654785
2016-05-04,4.254374980926514,4.185070514678955
2016-05-05,4.253749847412109,4.184455394744873
2016-05-06,4.297500133514404,4.2274932861328125
2016-05-09,4.320000171661377,4.249625205993652
2016-05-10,4.43874979019165,4.366443157196045
2016-05-11,4.360000133514404,4.288974285125732
2016-05-12,4.320000171661377,4.249625205993652
2016-05-13,4.289999961853027,4.220115661621094
2016-05-16,4.393750190734863,4.3221755027771
2016-05-17,4.284999847412109,4.215196132659912
2016-05-18,4.315000057220459,4.2447075843811035
2016-05-19,4.271249771118164,4.2016706466674805
2016-05-20,4.361249923706055,4.290205001831055
2016-05-23,4.349374771118164,4.278522968292236
2016-05-24,4.526875019073486,4.453131675720215
2016-05-25,4.591875076293945,4.517072677612305
2016-05-26,4.617499828338623,4.542280197143555
2016-05-27,4.664999961853027,4.5890069007873535
2016-05-31,4.683750152587891,4.60745096206665
2016-06-01,4.681250095367432,4.604991912841797
2016-06-02,4.703750133514404,4.627126216888428
2016-06-03,4.65749979019165,4.581628799438477
2016-06-06,4.689374923706055,4.612983703613281
2016-06-07,4.67062520980835,4.594539165496826
2016-06-08,4.683125019073486,4.606835842132568
2016-06-09,4.666874885559082,4.590850830078125
2016-06-10,4.5625,4.488175868988037
2016-06-13,4.48312520980835,4.410094738006592
2016-06-14,4.487500190734863,4.4143967628479
2016-06-15,4.460000038146973,4.387345314025879
2016-06-16,4.486875057220459,4.413783073425293
2016-06-17,4.383124828338623,4.311723232269287
2016-06-20,4.433750152587891,4.361523151397705
2016-06-21,4.462500095367432,4.389805316925049
2016-06-22,4.438125133514404,4.3682732582092285
2016-06-23,4.563125133514404,4.491305828094482
2016-06-24,4.192500114440918,4.126516342163086
2016-06-27,4.030624866485596,3.9671876430511475
2016-06-28,4.199999809265137,4.133897304534912
2016-06-29,4.346875190734863,4.2784600257873535
2016-06-30,4.447500228881836,4.377502918243408
2016-07-01,4.491875171661377,4.421178817749023
2016-07-05,4.435625076293945,4.3658127784729
2016-07-06,4.507500171661377,4.436557292938232
2016-07-07,4.536250114440918,4.464855194091797
2016-07-08,4.676249980926514,4.602651119232178
2016-07-11,4.731249809265137,4.656785488128662
2016-07-12,4.776249885559082,4.701077461242676
2016-07-13,4.755624771118164,4.6807780265808105
2016-07-14,4.815625190734863,4.739834785461426
2016-07-15,4.801875114440918,4.726299285888672
2016-07-18,4.865624904632568,4.789046287536621
2016-07-19,4.82937479019165,4.753365993499756
2016-07-20,4.943124771118164,4.865326881408691
2016-07-21,4.921249866485596,4.843797206878662
2016-07-22,4.960000038146973,4.881936073303223
2016-07-25,4.962500095367432,4.884396076202393
2016-07-26,4.974999904632568,4.89669942855835
2016-07-27,5.038750171661377,4.959446907043457
2016-07-28,5.077499866485596,4.997587203979492
2016-07-29,5.096875190734863,5.016656398773193
2016-08-01,5.150000095367432,5.068946361541748
2016-08-02,5.071875095367432,4.992049694061279
2016-08-03,5.107500076293945,5.027113914489746
2016-08-04,5.135624885559082,5.0547966957092285
2016-08-05,5.23312520980835,5.150761604309082
2016-08-08,5.223124980926514,5.140920639038086
2016-08-09,5.246874809265137,5.164295196533203
2016-08-10,5.21999979019165,5.137843608856201
2016-08-11,5.263750076293945,5.180906295776367
2016-08-12,5.270625114440918,5.187671661376953
2016-08-15,5.315625190734863,5.231964588165283
2016-08-16,5.257500171661377,5.174753665924072
2016-08-17,5.273125171661377,5.190133094787598
2016-08-18,5.278124809265137,5.195052623748779
2016-08-19,5.273749828338623,5.1907477378845215
2016-08-22,5.28000020980835,5.1968994140625
2016-08-23,5.29812479019165,5.214737892150879
2016-08-24,5.228750228881836,5.146455764770508
2016-08-25,5.211249828338623,5.129230976104736
2016-08-26,5.227499961853027,5.14522647857666
2016-08-29,5.242499828338623,5.159989833831787
2016-08-30,5.208125114440918,5.126155376434326
2016-08-31,5.194375038146973,5.112622261047363
2016-09-01,5.221250057220459,5.139073371887207
2016-09-02,5.254374980926514,5.171678066253662
2016-09-06,5.320624828338623,5.236886024475098
2016-09-07,5.32937479019165,5.24549674987793
2016-09-08,5.264999866485596,5.182135105133057
2016-09-09,4.998125076293945,4.919461250305176
2016-09-12,5.175000190734863,5.093552112579346
2016-09-13,5.086249828338623,5.006198406219482
2016-09-14,5.137499809265137,5.056642055511475
2016-09-15,5.296249866485596,5.212893009185791
2016-09-16,5.289374828338623,5.2061262130737305
2016-09-19,5.241875171661377,5.159374237060547
2016-09-20,5.261250019073486,5.1784443855285645
2016-09-21,5.363124847412109,5.278716087341309
2016-09-22,5.450624942779541,5.36483907699585
2016-09-23,5.379374980926514,5.294710636138916
2016-09-26,5.290625095367432,5.207357406616211
2016-09-27,5.393125057220459,5.308244705200195
2016-09-28,5.413750171661377,5.3285441398620605
2016-09-29,5.331874847412109,5.247958660125732
2016-09-30,5.408750057220459,5.323622703552246
2016-10-03,5.395625114440918,5.310703754425049
2016-10-04,5.381249904632568,5.296555519104004
2016-10-05,5.416874885559082,5.331619739532471
2016-10-06,5.413125038146973,5.32792854309082
2016-10-07,5.388750076293945,5.303938388824463
2016-10-10,5.453125,5.367300033569336
2016-10-11,5.296249866485596,5.212893009185791
2016-10-12,5.292500019073486,5.209202289581299
2016-10-13,5.254374980926514,5.171678066253662
2016-10-14,5.262499809265137,5.179675102233887
2016-10-17,5.23562479019165,5.153222560882568
2016-10-18,5.328125,5.244266033172607
2016-10-19,5.324999809265137,5.2411909103393555
2016-10-20,5.315000057220459,5.231347560882568
2016-10-21,5.355000019073486,5.2707200050354
2016-10-24,5.48312520980835,5.3968281745910645
2016-10-25,5.445000171661377,5.359302520751953
2016-10-26,5.374374866485596,5.289788246154785
2016-10-27,5.32687520980835,5.24303674697876
2016-10-28,5.253125190734863,5.170447826385498
2016-10-31,5.243124961853027,5.160604000091553
2016-11-01,5.168125152587891,5.086785316467285
2016-11-02,5.082499980926514,5.002508163452148
2016-11-03,4.985000133514404,4.906543254852295
2016-11-04,4.946875095367432,4.8690185546875
2016-11-07,5.18625020980835,5.104625225067139
2016-11-08,5.253125190734863,5.170447826385498
2016-11-09,5.297500133514404,5.2141242027282715
2016-11-10,5.125625133514404,5.044952869415283
2016-11-11,5.131249904632568,5.050489902496338
2016-11-14,5.028749942779541,4.949604034423828
2016-11-15,5.168749809265137,5.087400436401367
2016-11-16,5.228125095367432,5.145841121673584
2016-11-17,5.303124904632568,5.219661235809326
2016-11-18,5.264999866485596,5.182135105133057
2016-11-21,5.371250152587891,5.286713123321533
2016-11-22,5.40625,5.321162223815918
2016-11-23,5.362500190734863,5.278100967407227
2016-11-25,5.395625114440918,5.310703754425049
2016-11-28,5.372499942779541,5.2879438400268555
2016-11-29,5.408124923706055,5.323008060455322
2016-11-30,5.273125171661377,5.190133094787598
2016-12-01,5.096250057220459,5.0160417556762695
2016-12-02,5.111875057220459,5.0314202308654785
2016-12-05,5.190625190734863,5.108931541442871
2016-12-06,5.21750020980835,5.135383605957031
2016-12-07,5.348124980926514,5.263952255249023
2016-12-08,5.366250038146973,5.281792163848877
2016-12-09,5.449999809265137,5.364223003387451
2016-12-12,5.400000095367432,5.315011024475098
2016-12-13,5.536874771118164,5.449731826782227
2016-12-14,5.511875152587891,5.425124645233154
2016-12-15,5.529375076293945,5.442350387573242
2016-12-16,5.492499828338623,5.406054496765137
2016-12-19,5.536250114440918,5.44911527633667
2016-12-20,5.57937479019165,5.491562843322754
2016-12-21,5.56374979019165,5.479805946350098
2016-12-22,5.531875133514404,5.4484124183654785
2016-12-23,5.538125038146973,5.454567909240723
2016-12-27,5.599374771118164,5.514892578125
2016-12-28,5.510624885559082,5.427481174468994
2016-12-29,5.491875171661377,5.40901517868042
2016-12-30,5.382500171661377,5.301291465759277
2017-01-03,5.475625038146973,5.393010139465332
2017-01-04,5.533124923706055,5.449642181396484
2017-01-05,5.59499979019165,5.510584354400635
2017-01-06,5.693124771118164,5.6072282791137695
2017-01-09,5.731249809265137,5.644777774810791
2017-01-10,5.756249904632568,5.669400215148926
2017-01-11,5.783124923706055,5.695870876312256
2017-01-12,5.765625,5.6786346435546875
2017-01-13,5.806875228881836,5.719262599945068
2017-01-17,5.770625114440918,5.683559417724609
2017-01-18,5.796875,5.709412574768066
2017-01-19,5.787499904632568,5.700179576873779
2017-01-20,5.813125133514404,5.7254180908203125
2017-01-23,5.821875095367432,5.734036445617676
2017-01-24,5.901249885559082,5.812213897705078
2017-01-25,6.018750190734863,5.927940845489502
2017-01-26,6.028124809265137,5.937173843383789
2017-01-27,6.051249980926514,5.959950923919678
2017-01-30,5.960625171661377,5.870694160461426
2017-01-31,5.935625076293945,5.846069812774658
2017-02-01,6.016250133514404,5.925479888916016
2017-02-02,6.005624771118164,5.915013790130615
2017-02-03,6.036874771118164,5.9457926750183105
2017-02-06,6.053124904632568,5.961796283721924
2017-02-07,6.096875190734863,6.004887104034424
2017-02-08,6.119999885559082,6.027663230895996
2017-02-09,6.162499904632568,6.069522380828857
2017-02-10,6.20187520980835,6.108303546905518
2017-02-13,6.272500038146973,6.177863597869873
2017-02-14,6.3125,6.217259407043457
2017-02-15,6.385000228881836,6.2886643409729
2017-02-16,6.383124828338623,6.286818027496338
2017-02-17,6.43874979019165,6.341603755950928
2017-02-21,6.5,6.401930332183838
2017-02-22,6.505624771118164,6.407469749450684
2017-02-23,6.458749771118164,6.361301422119141
2017-02-24,6.478750228881836,6.3810014724731445
2017-02-27,6.496874809265137,6.3988518714904785
2017-02-28,6.455625057220459,6.358223915100098
2017-03-01,6.595624923706055,6.4961113929748535
2017-03-02,6.530624866485596,6.432092666625977
2017-03-03,6.553124904632568,6.454253196716309
2017-03-06,6.525000095367432,6.426553249359131
2017-03-07,6.49875020980835,6.400698661804199
2017-03-08,6.522500038146973,6.4240899085998535
2017-03-09,6.53125,6.432708263397217
2017-03-10,6.587500095367432,6.488109111785889
2017-03-13,6.607500076293945,6.507808208465576
2017-03-14,6.573124885559082,6.47395133972168
2017-03-15,6.65500020980835,6.554592132568359
2017-03-16,6.650000095367432,6.5496673583984375
2017-03-17,6.637499809265137,6.537355899810791
2017-03-20,6.651875019073486,6.551513671875
2017-03-21,6.45437479019165,6.356993198394775
2017-03-22,6.537499904632568,6.440049648284912
2017-03-23,6.506875038146973,6.409882068634033
2017-03-24,6.525625228881836,6.428351879119873
2017-03-27,6.551875114440918,6.4542107582092285
2017-03-28,6.630000114440918,6.5311713218688965
2017-03-29,6.691874980926514,6.592123985290527
2017-03-30,6.710625171661377,6.610593795776367
2017-03-31,6.703750133514404,6.603821754455566
2017-04-03,6.693749904632568,6.59397029876709
2017-04-04,6.712500095367432,6.61244010925293
2017-04-05,6.661250114440918,6.561954021453857
2017-04-06,6.667500019073486,6.568111419677734
2017-04-07,6.660624980926514,6.561338901519775
2017-04-10,6.666874885559082,6.567495346069336
2017-04-11,6.610000133514404,6.511468410491943
2017-04-12,6.554999828338623,6.4572882652282715
2017-04-13,6.499374866485596,6.402492523193359
2017-04-17,6.605625152587891,6.5071587562561035
2017-04-18,6.588749885559082,6.490535259246826
2017-04-19,6.607500076293945,6.509006500244141
2017-04-20,6.712500095367432,6.61244010925293
2017-04-21,6.712500095367432,6.61244010925293
2017-04-24,6.874374866485596,6.771902561187744
2017-04-25,6.974374771118164,6.870412826538086
2017-04-26,6.95437479019165,6.850710391998291
2017-04-27,7.035624980926514,6.930748462677002
2017-04-28,7.060625076293945,6.955377101898193
2017-05-01,7.179999828338623,7.072972297668457
2017-05-02,7.209374904632568,7.1019086837768555
2017-05-03,7.162499904632568,7.055733680725098
2017-05-04,7.167500019073486,7.0606584548950195
2017-05-05,7.21875,7.11114501953125
2017-05-08,7.25,7.141930103302002
2017-05-09,7.301249980926514,7.192415237426758
2017-05-10,7.307499885559082,7.19857120513916
2017-05-11,7.29562520980835,7.186873435974121
2017-05-12,7.328750133514404,7.219505310058594
2017-05-15,7.37375020980835,7.2638349533081055
2017-05-16,7.4375,7.326633930206299
2017-05-17,7.056250095367432,6.951066970825195
2017-05-18,7.176249980926514,7.069277286529541
2017-05-19,7.240624904632568,7.132693767547607
2017-05-22,7.362500190734863,7.252751350402832
2017-05-23,7.374374866485596,7.2644500732421875
2017-05-24,7.444375038146973,7.333406448364258
2017-05-25,7.567500114440918,7.454695701599121
2017-05-26,7.59375,7.48055362701416
2017-05-30,7.60812520980835,7.494716644287109
2017-05-31,7.598750114440918,7.485480785369873
2017-06-01,7.664999961853027,7.5507426261901855
2017-06-02,7.831250190734863,7.714514255523682
2017-06-05,7.829999923706055,7.713282585144043
2017-06-06,7.772500038146973,7.656640529632568
2017-06-07,7.828125,7.7114362716674805
2017-06-08,7.846250057220459,7.72929048538208
2017-06-09,7.45187520980835,7.340795040130615
2017-06-12,7.369375228881836,7.259525299072266
2017-06-13,7.488749980926514,7.377119064331055
2017-06-14,7.421875,7.31124210357666
2017-06-15,7.352499961853027,7.242900848388672
2017-06-16,7.299375057220459,7.190567493438721
2017-06-19,7.533750057220459,7.42144775390625
2017-06-20,7.418125152587891,7.307548522949219
2017-06-21,7.5625,7.450210094451904
2017-06-22,7.556875228881836,7.444669246673584
2017-06-23,7.612500190734863,7.499467849731445
2017-06-26,7.544374942779541,7.432354927062988
2017-06-27,7.270625114440918,7.162670135498047
2017-06-28,7.473124980926514,7.36216402053833
2017-06-29,7.216249942779541,7.109101295471191
2017-06-30,7.207499980926514,7.100481986999512
2017-07-03,7.069375038146973,6.964406967163086
2017-07-05,7.206874847412109,7.099865913391113
2017-07-06,7.074999809265137,6.969949722290039
2017-07-07,7.222499847412109,7.115258693695068
2017-07-10,7.322500228881836,7.213775157928467
2017-07-11,7.362500190734863,7.253180503845215
2017-07-12,7.540625095367432,7.428660869598389
2017-07-13,7.571875095367432,7.459445953369141
2017-07-14,7.686874866485596,7.5727386474609375
2017-07-17,7.695000171661377,7.58074426651001
2017-07-18,7.800000190734863,7.6841840744018555
2017-07-19,7.889999866485596,7.7728471755981445
2017-07-20,7.909999847412109,7.792551517486572
2017-07-21,7.898749828338623,7.781466960906982
2017-07-24,7.96875,7.850427627563477
2017-07-25,7.934999942779541,7.8171796798706055
2017-07-26,7.983749866485596,7.86520528793335
2017-07-27,7.889999866485596,7.7728471755981445
2017-07-28,7.868750095367432,7.7519145011901855
2017-07-31,7.798749923706055,7.682952880859375
2017-08-01,7.832499980926514,7.7162017822265625
2017-08-02,7.875,7.7580695152282715
2017-08-03,7.822500228881836,7.706351280212402
2017-08-04,7.84250020980835,7.726053237915039
2017-08-07,7.9375,7.819643497467041
2017-08-08,7.914999961853027,7.797476768493652
2017-08-09,7.892499923706055,7.77531099319458
2017-08-10,7.550000190734863,7.437896728515625
2017-08-11,7.663750171661377,7.549957275390625
2017-08-14,7.862500190734863,7.74575662612915
2017-08-15,7.872499942779541,7.755606651306152
2017-08-16,7.902500152587891,7.785162925720215
2017-08-17,7.579999923706055,7.467451095581055
2017-08-18,7.559999942779541,7.447747230529785
2017-08-21,7.551249980926514,7.439127445220947
2017-08-22,7.776249885559082,7.660787105560303
2017-08-23,7.71750020980835,7.602908611297607
2017-08-24,7.677499771118164,7.563502311706543
2017-08-25,7.642499923706055,7.529023170471191
2017-08-28,7.681250095367432,7.567196369171143
2017-08-29,7.744999885559082,7.62999963760376
2017-08-30,7.929999828338623,7.812253952026367
2017-08-31,8.077500343322754,7.957563877105713
2017-09-01,8.076250076293945,7.956334114074707
2017-09-05,7.927499771118164,7.80979061126709
2017-09-06,7.973750114440918,7.855353355407715
2017-09-07,8.012499809265137,7.893527984619141
2017-09-08,7.87624979019165,7.759301662445068
2017-09-11,8.046250343322754,7.926778316497803
2017-09-12,8.0912504196167,7.971109867095947
2017-09-13,8.113750457763672,7.993276119232178
2017-09-14,8.016249656677246,7.897222995758057
2017-09-15,8.067500114440918,7.947714805603027
2017-09-18,8.050000190734863,7.9304728507995605
2017-09-19,8.077500343322754,7.957563877105713
2017-09-20,8.029999732971191,7.910768508911133
2017-09-21,7.925000190734863,7.807328224182129
2017-09-22,7.912499904632568,7.795012950897217
2017-09-25,7.747499942779541,7.632463455200195
2017-09-26,7.784999847412109,7.669406414031982
2017-09-27,7.923749923706055,7.806096076965332
2017-09-28,7.916250228881836,7.798707962036133
2017-09-29,8.02750015258789,7.908306121826172
2017-10-02,8.038749694824219,7.919388771057129
2017-10-03,8.078749656677246,7.95879602432251
2017-10-04,8.09000015258789,7.969879150390625
2017-10-05,8.25,8.127501487731934
2017-10-06,8.267499923706055,8.144743919372559
2017-10-09,8.2524995803833,8.129965782165527
2017-10-10,8.263750076293945,8.141048431396484
2017-10-11,8.313750267028809,8.190306663513184
2017-10-12,8.282500267028809,8.159520149230957
2017-10-13,8.342499732971191,8.218629837036133
2017-10-16,8.399999618530273,8.275276184082031
2017-10-17,8.418749809265137,8.293745994567871
2017-10-18,8.399999618530273,8.275276184082031
2017-10-19,8.337499618530273,8.213702201843262
2017-10-20,8.380000114440918,8.255574226379395
2017-10-23,8.271249771118164,8.148436546325684
2017-10-24,8.302499771118164,8.179222106933594
2017-10-25,8.234999656677246,8.112724304199219
2017-10-26,8.1875,8.065930366516113
2017-10-27,8.649999618530273,8.521563529968262
2017-10-30,8.697500228881836,8.568359375
2017-10-31,8.760000228881836,8.629929542541504
2017-11-01,8.756250381469727,8.626235961914062
2017-11-02,8.7162504196167,8.586828231811523
2017-11-03,8.881250381469727,8.749381065368652
2017-11-06,8.943750381469727,8.810952186584473
2017-11-07,8.953749656677246,8.820801734924316
2017-11-08,9.02750015258789,8.893460273742676
2017-11-09,8.927499771118164,8.794941902160645
2017-11-10,8.930000305175781,8.797405242919922
2017-11-13,8.948749542236328,8.815876960754395
2017-11-14,8.887499809265137,8.755536079406738
2017-11-15,8.795000076293945,8.664409637451172
2017-11-16,9.023750305175781,8.889763832092285
2017-11-17,8.954999923706055,8.822033882141113
2017-11-20,8.9399995803833,8.807256698608398
2017-11-21,9.130000114440918,8.994436264038086
2017-11-22,9.154999732971191,9.019065856933594
2017-11-24,9.22249984741211,9.085561752319336
2017-11-27,9.212499618530273,9.07571029663086
2017-11-28,9.258749961853027,9.121273040771484
2017-11-29,8.94124984741211,8.808488845825195
2017-11-30,9.085000038146973,8.950104713439941
2017-12-01,9.007499694824219,8.873753547668457
2017-12-04,8.800000190734863,8.669336318969727
2017-12-05,8.802499771118164,8.671798706054688
2017-12-06,8.882499694824219,8.7506103515625
2017-12-07,8.944999694824219,8.812183380126953
2017-12-08,9.023750305175781,8.889763832092285
2017-12-11,9.163749694824219,9.027685165405273
2017-12-12,9.137499809265137,9.001824378967285
2017-12-13,9.170000076293945,9.033841133117676
2017-12-14,9.15625,9.020296096801758
2017-12-15,9.356249809265137,9.217326164245605
2017-12-18,9.517499923706055,9.376182556152344
2017-12-19,9.40999984741211,9.270278930664062
2017-12-20,9.386249542236328,9.246881484985352
2017-12-21,9.387499809265137,9.248112678527832
2017-12-22,9.364999771118164,9.225945472717285
2017-12-26,9.263750076293945,9.126199722290039
2017-12-27,9.265000343322754,9.127432823181152
2017-12-28,9.2837495803833,9.145903587341309
2017-12-29,9.166250228881836,9.03014850616455
2018-01-02,9.483750343322754,9.34293270111084
2018-01-03,9.668749809265137,9.525185585021973
2018-01-04,9.703749656677246,9.559667587280273
2018-01-05,9.896249771118164,9.749308586120605
2018-01-08,9.970000267028809,9.821965217590332
2018-01-09,9.978750228881836,9.830584526062012
2018-01-10,9.923749923706055,9.776400566101074
2018-01-11,10.061249732971191,9.911857604980469
2018-01-12,10.203749656677246,10.052244186401367
2018-01-16,10.146249771118164,9.995596885681152
2018-01-17,10.364999771118164,10.211097717285156
2018-01-18,10.368749618530273,10.214792251586914
2018-01-19,10.4350004196167,10.280058860778809
2018-01-22,10.65625,10.49802303314209
2018-01-23,10.829999923706055,10.66919231414795
2018-01-24,10.697500228881836,10.53866195678711
2018-01-25,10.68375015258789,10.525115013122559
2018-01-26,10.99625015258789,10.832976341247559
2018-01-29,10.897500038146973,10.73569393157959
2018-01-30,10.72249984741211,10.563287734985352
2018-01-31,10.801250457763672,10.640870094299316
2018-02-01,10.6225004196167,10.464776992797852
2018-02-02,10.192500114440918,10.041160583496094
2018-02-05,9.4037504196167,9.264120101928711
2018-02-06,9.882499694824219,9.735762596130371
2018-02-07,9.630000114440918,9.487011909484863
2018-02-08,8.827500343322754,8.696427345275879
2018-02-09,9.117500305175781,8.982124328613281
2018-02-12,9.449999809265137,9.309684753417969
2018-02-13,9.53499984741211,9.39342212677002
2018-02-14,9.899999618530273,9.75300407409668
2018-02-15,10.255000114440918,10.102730751037598
2018-02-16,10.178750038146973,10.027612686157227
2018-02-20,10.203749656677246,10.052244186401367
2018-02-21,10.143750190734863,9.993132591247559
2018-02-22,10.154999732971191,10.004217147827148
2018-02-23,10.556249618530273,10.399505615234375
2018-02-26,10.833749771118164,10.672886848449707
2018-02-27,10.563750267028809,10.406895637512207
2018-02-28,10.431249618530273,10.27636432647705
2018-03-01,10.101249694824219,9.951265335083008
2018-03-02,10.27750015258789,10.124899864196777
2018-03-05,10.5,10.344093322753906
2018-03-06,10.587499618530273,10.430295944213867
2018-03-07,10.635000228881836,10.477089881896973
2018-03-08,10.75374984741211,10.594075202941895
2018-03-09,11.162500381469727,10.996757507324219
2018-03-12,11.265000343322754,11.097735404968262
2018-03-13,10.987500190734863,10.824356079101562
2018-03-14,10.978750228881836,10.8157377243042
2018-03-15,10.948749542236328,10.786182403564453
2018-03-16,10.896249771118164,10.734460830688477
2018-03-19,10.43375015258789,10.278829574584961
2018-03-20,10.492500305175781,10.336705207824707
2018-03-21,10.395000457763672,10.240655899047852
2018-03-22,9.8774995803833,9.730835914611816
2018-03-23,9.352499961853027,9.213631629943848
2018-03-26,10.056249618530273,9.90693187713623
2018-03-27,9.392499923706055,9.253037452697754
2018-03-28,9.1875,9.051081657409668
2018-03-29,9.524999618530273,9.38356876373291
2018-04-02,8.977499961853027,8.844199180603027
2018-04-03,9.170000076293945,9.033841133117676
2018-04-04,9.407500267028809,9.267815589904785
2018-04-05,9.5600004196167,9.418050765991211
2018-04-06,9.098750114440918,8.963650703430176
2018-04-09,9.204999923706055,9.06832218170166
2018-04-10,9.609999656677246,9.467309951782227
2018-04-11,9.510000228881836,9.368790626525879
2018-04-12,9.727499961853027,9.583063125610352
2018-04-13,9.636249542236328,9.493167877197266
2018-04-16,9.772500038146973,9.627396583557129
2018-04-17,10.188750267028809,10.03746509552002
2018-04-18,10.236249923706055,10.084260940551758
2018-04-19,10.0625,9.913092613220215
2018-04-20,9.734999656677246,9.590452194213867
2018-04-23,9.682499885559082,9.538732528686523
2018-04-24,9.271249771118164,9.133587837219238
2018-04-25,9.300000190734863,9.161911964416504
2018-04-26,9.675000190734863,9.53134536743164
2018-04-27,9.69124984741211,9.547351837158203
2018-04-30,9.550000190734863,9.40820026397705
2018-05-01,9.760000228881836,9.615080833435059
2018-05-02,9.654999732971191,9.511640548706055
2018-05-03,9.648750305175781,9.505484580993652
2018-05-04,10.012499809265137,9.863831520080566
2018-05-07,10.170000076293945,10.018994331359863
2018-05-08,10.147500038146973,9.996828079223633
2018-05-09,10.382499694824219,10.228337287902832
2018-05-10,10.592499732971191,10.435221672058105
2018-05-11,10.572500228881836,10.415518760681152
2018-05-14,10.603750228881836,10.44630241394043
2018-05-15,10.369999885559082,10.216026306152344
2018-05-16,10.508749961853027,10.352713584899902
2018-05-17,10.420000076293945,10.26528263092041
2018-05-18,10.3125,10.159379005432129
2018-05-21,10.432499885559082,10.277595520019531
2018-05-22,10.40250015258789,10.248043060302734
2018-05-23,10.576250076293945,10.419210433959961
2018-05-24,10.56624984741211,10.4093599319458
2018-05-25,10.588749885559082,10.431523323059082
2018-05-29,10.493749618530273,10.337936401367188
2018-05-30,10.640000343322754,10.482013702392578
2018-05-31,10.626250267028809,10.468470573425293
2018-06-01,10.960000038146973,10.797264099121094
2018-06-04,11.147500038146973,10.981980323791504
2018-06-05,11.220000267028809,11.0534029006958
2018-06-06,11.353750228881836,11.18517017364502
2018-06-07,11.176250457763672,11.010302543640137
2018-06-08,11.164999961853027,10.999217987060547
2018-06-11,11.225000381469727,11.058326721191406
2018-06-12,11.34375,11.175318717956543
2018-06-13,11.333749771118164,11.1654634475708
2018-06-14,11.569999694824219,11.398205757141113
2018-06-15,11.488750457763672,11.318163871765137
2018-06-18,11.475000381469727,11.304617881774902
2018-06-19,11.404999732971191,11.235655784606934
2018-06-20,11.567500114440918,11.395743370056152
2018-06-21,11.362500190734863,11.193787574768066
2018-06-22,11.289999961853027,11.122363090515137
2018-06-25,10.798749923706055,10.638409614562988
2018-06-26,10.890000343322754,10.728302955627441
2018-06-27,10.581250190734863,10.424138069152832
2018-06-28,10.773750305175781,10.61378002166748
2018-06-29,10.807499885559082,10.647027969360352
2018-07-02,10.970000267028809,10.807116508483887
2018-07-03,10.713749885559082,10.554669380187988
2018-07-05,10.979999542236328,10.816965103149414
2018-07-06,11.311249732971191,11.143298149108887
2018-07-09,11.521249771118164,11.350181579589844
2018-07-10,11.538749694824219,11.36741828918457
2018-07-11,11.423749923706055,11.254128456115723
2018-07-12,11.798749923706055,11.62356185913086
2018-07-13,11.822500228881836,11.646957397460938
2018-07-16,11.771249771118164,11.596466064453125
2018-07-17,11.918749809265137,11.741777420043945
2018-07-18,11.866250038146973,11.690058708190918
2018-07-19,11.75,11.57553482055664
2018-07-20,11.734999656677246,11.560754776000977
2018-07-23,11.80875015258789,11.633411407470703
2018-07-24,11.911250114440918,11.73438835144043
2018-07-25,12.237500190734863,12.05579662322998
2018-07-26,11.882499694824219,11.70606517791748
2018-07-27,11.555000305175781,11.383432388305664
2018-07-30,11.223750114440918,11.057098388671875
2018-07-31,11.352499961853027,11.183935165405273
2018-08-01,11.47249984741211,11.302153587341309
2018-08-02,11.78499984741211,11.610013961791992
2018-08-03,11.852499961853027,11.676512718200684
2018-08-06,12.0,11.821819305419922
2018-08-07,12.071249961853027,11.892012596130371
2018-08-08,12.092499732971191,11.912948608398438
2018-08-09,12.082500457763672,11.903097152709961
2018-08-10,11.90250015258789,11.725770950317383
2018-08-13,11.881250381469727,11.704834938049316
2018-08-14,12.024999618530273,11.84644889831543
2018-08-15,11.736249923706055,11.561988830566406
2018-08-16,11.801250457763672,11.62602424621582
2018-08-17,11.807499885559082,11.632179260253906
2018-08-20,11.789999961853027,11.61493968963623
2018-08-21,11.87125015258789,11.694982528686523
2018-08-22,11.958749771118164,11.781185150146484
2018-08-23,11.923749923706055,11.7467041015625
2018-08-24,12.142499923706055,11.96220588684082
2018-08-27,12.387499809265137,12.203568458557129
2018-08-28,12.426250457763672,12.241742134094238
2018-08-29,12.713749885559082,12.524972915649414
2018-08-30,12.65999984741211,12.472021102905273
2018-08-31,12.6899995803833,12.501574516296387
2018-09-04,12.587499618530273,12.40060043334961
2018-09-05,12.261249542236328,12.079192161560059
2018-09-06,12.039999961853027,11.861226081848145
2018-09-07,11.96500015258789,11.787341117858887
2018-09-10,12.020000457763672,11.841526985168457
2018-09-11,12.202500343322754,12.021316528320312
2018-09-12,12.137499809265137,11.957280158996582
2018-09-13,12.375,12.191253662109375
2018-09-14,12.3100004196167,12.127220153808594
2018-09-17,11.962499618530273,11.78487777709961
2018-09-18,12.1537504196167,11.973288536071777
2018-09-19,12.138750076293945,11.958510398864746
2018-09-20,12.391249656677246,12.207262992858887
2018-09-21,12.265000343322754,12.082886695861816
2018-09-24,12.324999809265137,12.141996383666992
2018-09-25,12.363750457763672,12.180171966552734
2018-09-26,12.3725004196167,12.18879222869873
2018-09-27,12.582500457763672,12.395671844482422
2018-09-28,12.585000038146973,12.398136138916016
2018-10-01,12.626250267028809,12.438772201538086
2018-10-02,12.567500114440918,12.38089656829834
2018-10-03,12.603750228881836,12.416604042053223
2018-10-04,12.114999771118164,11.935111999511719
2018-10-05,11.824999809265137,11.649420738220215
2018-10-08,11.672499656677246,11.499184608459473
2018-10-09,11.737500190734863,11.563218116760254
2018-10-10,10.71500015258789,10.555903434753418
2018-10-11,10.446249961853027,10.291141510009766
2018-10-12,11.026249885559082,10.862529754638672
2018-10-15,10.74625015258789,10.586687088012695
2018-10-16,11.37125015258789,11.202407836914062
2018-10-17,11.385000228881836,11.215953826904297
2018-10-18,10.876250267028809,10.714756965637207
2018-10-19,10.835000038146973,10.674120903015137
2018-10-22,10.948749542236328,10.786182403564453
2018-10-23,10.8774995803833,10.715987205505371
2018-10-24,9.867500305175781,9.72098445892334
2018-10-25,10.5337495803833,10.37734317779541
2018-10-26,10.0287504196167,9.879841804504395
2018-10-29,9.642499923706055,9.499327659606934
2018-10-30,9.896249771118164,9.749308586120605
2018-10-31,10.351249694824219,10.197552680969238
2018-11-01,10.649999618530273,10.491866111755371
2018-11-02,10.328749656677246,10.175387382507324
2018-11-05,10.257499694824219,10.105195999145508
2018-11-06,10.413749694824219,10.259123802185059
2018-11-07,11.057499885559082,10.893314361572266
2018-11-08,10.922499656677246,10.760319709777832
2018-11-09,10.551250457763672,10.394584655761719
2018-11-12,9.927499771118164,9.780095100402832
2018-11-13,9.931249618530273,9.783788681030273
2018-11-14,9.765000343322754,9.620009422302246
2018-11-15,10.112500190734863,9.962347984313965
2018-11-16,10.045000076293945,9.895848274230957
2018-11-19,9.383749961853027,9.244421005249023
2018-11-20,9.055000305175781,8.920550346374512
2018-11-21,9.18375015258789,9.04738712310791
2018-11-23,9.050000190734863,8.915624618530273
2018-11-26,9.467499732971191,9.326925277709961
2018-11-27,9.53499984741211,9.39342212677002
2018-11-28,10.135000228881836,9.984513282775879
2018-11-29,10.074999809265137,9.92540168762207
2018-11-30,10.229999542236328,10.078104019165039
2018-12-03,10.569999694824219,10.413054466247559
2018-12-04,9.760000228881836,9.615080833435059
2018-12-06,9.899999618530273,9.75300407409668
2018-12-07,9.237500190734863,9.100340843200684
2018-12-10,9.4350004196167,9.29490852355957
2018-12-11,9.493749618530273,9.352784156799316
2018-12-12,9.662500381469727,9.51902961730957
2018-12-13,9.671250343322754,9.5276517868042
2018-12-14,9.171250343322754,9.035073280334473
2018-12-17,8.786250114440918,8.655789375305176
2018-12-18,8.882499694824219,8.7506103515625
2018-12-19,8.462499618530273,8.336846351623535
2018-12-20,8.208749771118164,8.086864471435547
2018-12-21,7.679999828338623,7.565966606140137
2018-12-24,7.315000057220459,7.206386089324951
2018-12-26,8.210000038146973,8.093628883361816
2018-12-27,8.2787504196167,8.161402702331543
2018-12-28,8.268750190734863,8.151545524597168
2018-12-31,8.398750305175781,8.279703140258789
2019-01-02,8.461250305175781,8.341316223144531
2019-01-03,7.893750190734863,7.781861782073975
2019-01-04,8.601249694824219,8.47933292388916
2019-01-07,8.774999618530273,8.650620460510254
2019-01-08,8.949999809265137,8.823137283325195
2019-01-09,9.083749771118164,8.95499324798584
2019-01-10,9.130000114440918,9.000590324401855
2019-01-11,9.074999809265137,8.946367263793945
2019-01-14,8.90999984741211,8.783708572387695
2019-01-15,9.261249542236328,9.12997817993164
2019-01-16,9.258749961853027,9.127513885498047
2019-01-17,9.390000343322754,9.256905555725098
2019-01-18,9.572500228881836,9.436817169189453
2019-01-22,9.207500457763672,9.076991081237793
2019-01-23,9.21875,9.088078498840332
2019-01-24,9.329999923706055,9.197751998901367
2019-01-25,9.5649995803833,9.429423332214355
2019-01-28,9.319999694824219,9.187893867492676
2019-01-29,9.137499809265137,9.007981300354004
2019-01-30,9.619999885559082,9.483643531799316
2019-01-31,9.896249771118164,9.755977630615234
2019-02-01,9.805000305175781,9.666022300720215
2019-02-04,10.046250343322754,9.903853416442871
2019-02-05,10.227499961853027,10.082531929016113
2019-02-06,10.15999984741211,10.01598834991455
2019-02-07,9.886249542236328,9.74612045288086
2019-02-08,9.917499542236328,9.776925086975098
2019-02-11,9.904999732971191,9.764604568481445
2019-02-12,10.201250076293945,10.056655883789062
2019-02-13,10.207500457763672,10.06281566619873
2019-02-14,10.225000381469727,10.08006763458252
2019-02-15,10.321249961853027,10.174954414367676
2019-02-19,10.354999542236328,10.208223342895508
2019-02-20,10.353750228881836,10.206993103027344
2019-02-21,10.268750190734863,10.12319564819336
2019-02-22,10.425000190734863,10.277231216430664
2019-02-25,10.5,10.351168632507324
2019-02-26,10.518750190734863,10.369653701782227
2019-02-27,10.501250267028809,10.352400779724121
2019-02-28,10.452500343322754,10.304342269897461
2019-03-01,10.604999542236328,10.454679489135742
2019-03-04,10.600000381469727,10.449751853942871
2019-03-05,10.614999771118164,10.464537620544434
2019-03-06,10.489999771118164,10.341309547424316
2019-03-07,10.234999656677246,10.089924812316895
2019-03-08,10.198749542236328,10.05418872833252
2019-03-11,10.625,10.474398612976074
2019-03-12,10.744999885559082,10.59269905090332
2019-03-13,10.901249885559082,10.746729850769043
2019-03-14,10.859999656677246,10.706067085266113
2019-03-15,11.046250343322754,10.889678001403809
2019-03-18,11.103750228881836,10.94636058807373
2019-03-19,11.18375015258789,11.025228500366211
2019-03-20,11.267499923706055,11.115618705749512
2019-03-21,11.613750457763672,11.457198143005371
2019-03-22,11.09375,10.944211959838867
2019-03-25,11.0649995803833,10.91584587097168
2019-03-26,11.164999961853027,11.014498710632324
2019-03-27,11.032500267028809,10.883787155151367
2019-03-28,11.067500114440918,10.918313980102539
2019-03-29,11.241250038146973,11.0897216796875
2019-04-01,11.542499542236328,11.386910438537598
2019-04-02,11.613750457763672,11.457198143005371
2019-04-03,11.7475004196167,11.589147567749023
2019-04-04,11.737500190734863,11.5792818069458
2019-04-05,11.852499961853027,11.692732810974121
2019-04-08,11.913749694824219,11.753157615661621
2019-04-09,11.829999923706055,11.670534133911133
2019-04-10,11.957500457763672,11.796319007873535
2019-04-11,11.898750305175781,11.738359451293945
2019-04-12,11.99625015258789,11.834543228149414
2019-04-15,11.9975004196167,11.83577823638916
2019-04-16,12.078749656677246,11.915934562683105
2019-04-17,12.15999984741211,11.996088027954102
2019-04-18,12.186249732971191,12.021985054016113
2019-04-22,12.258749961853027,12.093506813049316
2019-04-23,12.567500114440918,12.39809513092041
2019-04-24,12.487500190734863,12.319172859191895
2019-04-25,12.572500228881836,12.403026580810547
2019-04-26,12.609999656677246,12.440018653869629
2019-04-29,12.647500038146973,12.477015495300293
2019-04-30,12.460000038146973,12.292045593261719
2019-05-01,12.363750457763672,12.197091102600098
2019-05-02,12.270000457763672,12.104604721069336
2019-05-03,12.654999732971191,12.484415054321289
2019-05-06,12.507499694824219,12.338903427124023
2019-05-07,12.005000114440918,11.843175888061523
2019-05-08,11.932499885559082,11.77165412902832
2019-05-09,11.822500228881836,11.663135528564453
2019-05-10,11.8462495803833,11.686566352844238
2019-05-13,11.015000343322754,10.866519927978516
2019-05-14,11.257499694824219,11.105752944946289
2019-05-15,11.5649995803833,11.409110069274902
2019-05-16,11.800000190734863,11.640938758850098
2019-05-17,11.55875015258789,11.402942657470703
2019-05-20,11.177499771118164,11.02683162689209
2019-05-21,11.401249885559082,11.247565269470215
2019-05-22,11.300000190734863,11.147679328918457
2019-05-23,10.948749542236328,10.801164627075195
2019-05-24,10.93375015258789,10.786368370056152
2019-05-28,10.851249694824219,10.704977989196777
2019-05-29,10.677499771118164,10.533570289611816
2019-05-30,10.768750190734863,10.623592376708984
2019-05-31,10.4087495803833,10.26844310760498
2019-06-03,9.9712495803833,9.836840629577637
2019-06-04,10.516249656677246,10.374493598937988
2019-06-05,10.671250343322754,10.527405738830566
2019-06-06,10.835000038146973,10.688950538635254
2019-06-07,11.25,11.098356246948242
2019-06-10,11.507499694824219,11.352384567260742
2019-06-11,11.547499656677246,11.391843795776367
2019-06-12,11.420000076293945,11.26606273651123
2019-06-13,11.552499771118164,11.39677619934082
2019-06-14,11.4375,11.283327102661133
2019-06-17,11.582500457763672,11.426373481750488
2019-06-18,11.920000076293945,11.759323120117188
2019-06-19,12.007499694824219,11.845641136169434
2019-06-20,12.226249694824219,12.061443328857422
2019-06-21,12.196249961853027,12.031847953796387
2019-06-24,12.192500114440918,12.028148651123047
2019-06-25,11.765000343322754,11.611291885375977
2019-06-26,11.869999885559082,11.714920043945312
2019-06-27,11.96500015258789,11.808679580688477
2019-06-28,12.001250267028809,11.844456672668457
2019-07-01,12.3125,12.151639938354492
2019-07-02,12.412500381469727,12.25033187866211
2019-07-03,12.588749885559082,12.424280166625977
2019-07-05,12.547499656677246,12.38356876373291
2019-07-08,12.362500190734863,12.2009859085083
2019-07-09,12.487500190734863,12.32435417175293
2019-07-10,12.731249809265137,12.564918518066406
2019-07-11,12.711250305175781,12.545181274414062
2019-07-12,12.857500076293945,12.6895170211792
2019-07-15,12.928750038146973,12.759839057922363
2019-07-16,12.800000190734863,12.632767677307129
2019-07-17,12.677499771118164,12.511873245239258
2019-07-18,12.717499732971191,12.551346778869629
2019-07-19,12.501250267028809,12.33792495727539
2019-07-22,12.7162504196167,12.550115585327148
2019-07-23,12.876250267028809,12.708023071289062
2019-07-24,13.055000305175781,12.884441375732422
2019-07-25,12.802499771118164,12.635237693786621
2019-07-26,13.0600004196167,12.889373779296875
2019-07-29,12.979999542236328,12.810418128967285
2019-07-30,12.859999656677246,12.691987037658691
2019-07-31,12.518750190734863,12.355194091796875
2019-08-01,12.3774995803833,12.215788841247559
2019-08-02,12.017499923706055,11.860492706298828
2019-08-05,11.146249771118164,11.000624656677246
2019-08-06,11.473750114440918,11.323848724365234
2019-08-07,11.572500228881836,11.421307563781738
2019-08-08,12.095000267028809,11.936980247497559
2019-08-09,11.864999771118164,11.709986686706543
2019-08-12,11.595000267028809,11.443512916564941
2019-08-13,12.114999771118164,11.956718444824219
2019-08-14,11.361249923706055,11.21281623840332
2019-08-15,11.3462495803833,11.198013305664062
2019-08-16,11.704999923706055,11.552075386047363
2019-08-19,12.0625,11.9049072265625
2019-08-20,11.899999618530273,11.744528770446777
2019-08-21,12.106249809265137,11.94808292388916
2019-08-22,12.02750015258789,11.870363235473633
2019-08-23,11.270000457763672,11.122760772705078
2019-08-26,11.598750114440918,11.447214126586914
2019-08-27,11.55875015258789,11.40773868560791
2019-08-28,11.626250267028809,11.47435474395752
2019-08-29,11.982500076293945,11.825949668884277
2019-08-30,11.928750038146973,11.772903442382812
2019-09-03,11.692500114440918,11.539739608764648
2019-09-04,12.029999732971191,11.87282943725586
2019-09-05,12.47249984741211,12.309548377990723
2019-09-06,12.443750381469727,12.281176567077637
2019-09-09,12.385000228881836,12.22319221496582
2019-09-10,12.326250076293945,12.165210723876953
2019-09-11,12.547499656677246,12.38356876373291
2019-09-12,12.641249656677246,12.476095199584961
2019-09-13,12.55875015258789,12.394670486450195
2019-09-16,12.432499885559082,12.270071029663086
2019-09-17,12.551250457763672,12.387269973754883
2019-09-18,12.550000190734863,12.386035919189453
2019-09-19,12.586250305175781,12.4218111038208
2019-09-20,12.319999694824219,12.159042358398438
2019-09-23,12.327500343322754,12.166443824768066
2019-09-24,11.992500305175781,11.835820198059082
2019-09-25,12.263750076293945,12.10352611541748
2019-09-26,12.173749923706055,12.014701843261719
2019-09-27,11.882499694824219,11.727255821228027
2019-09-30,12.0912504196167,11.933279037475586
2019-10-01,11.892499923706055,11.737125396728516
2019-10-02,11.483750343322754,11.333718299865723
2019-10-03,11.739999771118164,11.58661937713623
2019-10-04,12.086250305175781,11.92834758758545
2019-10-07,12.005000114440918,11.848155975341797
2019-10-08,11.632499694824219,11.480522155761719
2019-10-09,11.881250381469727,11.726024627685547
2019-10-10,12.046250343322754,11.888869285583496
2019-10-11,12.351249694824219,12.1898832321167
2019-10-14,12.362500190734863,12.2009859085083
2019-10-15,12.667499542236328,12.502001762390137
2019-10-16,12.603750228881836,12.43908405303955
2019-10-17,12.673749923706055,12.508170127868652
2019-10-18,12.428750038146973,12.26637077331543
2019-10-21,12.647500038146973,12.48226261138916
2019-10-22,12.444999694824219,12.282407760620117
2019-10-23,12.491250038146973,12.328056335449219
2019-10-24,12.727499961853027,12.561214447021484
2019-10-25,12.923749923706055,12.754902839660645
2019-10-28,13.1850004196167,13.012741088867188
2019-10-29,12.987500190734863,12.81782054901123
2019-10-30,13.0912504196167,12.92021369934082
2019-10-31,13.111249923706055,12.939953804016113
2019-11-01,13.356249809265137,13.18175220489502
2019-11-04,13.510000228881836,13.33349323272705
2019-11-05,13.515000343322754,13.33842945098877
2019-11-06,13.4662504196167,13.290315628051758
2019-11-07,13.556249618530273,13.379138946533203
2019-11-08,13.663749694824219,13.485235214233398
2019-11-11,13.625,13.446991920471191
2019-11-12,13.696249961853027,13.51731014251709
2019-11-13,13.677499771118164,13.498805046081543
2019-11-14,13.6850004196167,13.506209373474121
2019-11-15,13.854999542236328,13.673988342285156
2019-11-18,13.90999984741211,13.72826862335205
2019-11-19,13.94124984741211,13.759110450744629
2019-11-20,13.772500038146973,13.592565536499023
2019-11-21,13.710000038146973,13.53088092803955
2019-11-22,13.729999542236328,13.550618171691895
2019-11-25,14.052499771118164,13.86890697479248
2019-11-26,14.104999542236328,13.9207181930542
2019-11-27,14.300000190734863,14.113173484802246
2019-11-29,14.164999961853027,13.979936599731445
2019-12-02,13.852499961853027,13.671518325805664
2019-12-03,13.651249885559082,13.472899436950684
2019-12-04,13.789999961853027,13.609838485717773
2019-12-05,13.842499732971191,13.661649703979492
2019-12-06,14.131250381469727,13.946626663208008
2019-12-09,14.012499809265137,13.829428672790527
2019-12-10,13.988750457763672,13.805990219116211
2019-12-11,14.138750076293945,13.95403003692627
2019-12-12,14.350000381469727,14.162520408630371
2019-12-13,14.436249732971191,14.247642517089844
2019-12-16,14.712499618530273,14.520283699035645
2019-12-17,14.728750228881836,14.536323547363281
2019-12-18,14.75,14.557291984558105
2019-12-19,14.944999694824219,14.749746322631836
2019-12-20,15.068750381469727,14.871879577636719
2019-12-23,15.137499809265137,14.939730644226074
2019-12-24,15.138750076293945,14.947135925292969
2019-12-26,15.414999961853027,15.219889640808105
2019-12-27,15.3774995803833,15.182863235473633
2019-12-30,15.170000076293945,14.97799301147461
2019-12-31,15.236249923706055,15.043401718139648
2020-01-02,15.736249923706055,15.537074089050293
2020-01-03,15.457500457763672,15.261852264404297
2020-01-06,15.641249656677246,15.44327449798584
2020-01-07,15.633749961853027,15.435871124267578
2020-01-08,15.869999885559082,15.669129371643066
2020-01-09,16.1512508392334,15.946820259094238
2020-01-10,16.06624984741211,15.862896919250488
2020-01-13,16.426250457763672,16.218338012695312
2020-01-14,16.30500030517578,16.0986270904541
2020-01-15,16.3075008392334,16.101093292236328
2020-01-16,16.614999771118164,16.404699325561523
2020-01-17,16.783750534057617,16.571311950683594
2020-01-21,16.768749237060547,16.556503295898438
2020-01-22,16.853750228881836,16.640432357788086
2020-01-23,16.953750610351562,16.739164352416992
2020-01-24,16.66374969482422,16.452831268310547
2020-01-27,15.977499961853027,15.775269508361816
2020-01-28,16.459999084472656,16.251663208007812
2020-01-29,16.511249542236328,16.302265167236328
2020-01-30,16.631250381469727,16.420747756958008
2020-01-31,16.092500686645508,15.888814926147461
2020-02-03,16.571250915527344,16.36150550842285
2020-02-04,17.333749771118164,17.114351272583008
2020-02-05,17.466249465942383,17.245176315307617
2020-02-06,17.756250381469727,17.531503677368164
2020-02-07,17.596250534057617,17.373531341552734
2020-02-10,18.032499313354492,17.804262161254883
2020-02-11,18.032499313354492,17.804262161254883
2020-02-12,18.386249542236328,18.153533935546875
2020-02-13,18.325000762939453,18.093059539794922
2020-02-14,18.422500610351562,18.189319610595703
2020-02-18,18.453750610351562,18.22018051147461
2020-02-19,18.799999237060547,18.562040328979492
2020-02-20,18.434999465942383,18.201663970947266
2020-02-21,17.748750686645508,17.52410125732422
2020-02-24,16.3700008392334,16.16280746459961
2020-02-25,15.486249923706055,15.290241241455078
2020-02-26,15.619999885559082,15.422295570373535
2020-02-27,14.056249618530273,13.878336906433105
2020-02-28,14.197500228881836,14.017800331115723
2020-03-02,15.5337495803833,15.33713436126709
2020-03-03,14.542499542236328,14.358434677124023
2020-03-04,15.736249923706055,15.537074089050293
2020-03-05,14.788749694824219,14.601566314697266
2020-03-06,14.289999961853027,14.109130859375
2020-03-09,12.322500228881836,12.166534423828125
2020-03-10,13.643750190734863,13.47105884552002
2020-03-11,12.453749656677246,12.296119689941406
2020-03-12,10.148750305175781,10.020295143127441
2020-03-13,12.082500457763672,11.929571151733398
2020-03-16,9.148750305175781,9.032953262329102
2020-03-17,10.382499694824219,10.25108528137207
2020-03-18,9.732500076293945,9.60931396484375
2020-03-19,9.866250038146973,9.741369247436523
2020-03-20,9.077500343322754,8.962605476379395
2020-03-23,9.123749732971191,9.008270263671875
2020-03-24,10.512499809265137,10.379441261291504
2020-03-25,10.323749542236328,10.194171905517578
2020-03-26,11.4350004196167,11.291474342346191
2020-03-27,10.5962495803833,10.463250160217285
2020-03-30,11.407500267028809,11.264318466186523
2020-03-31,11.197500228881836,11.05695629119873
2020-04-01,10.262499809265137,10.13369083404541
2020-04-02,10.670000076293945,10.5360746383667
2020-04-03,10.380000114440918,10.249714851379395
2020-04-06,11.856249809265137,11.707435607910156
2020-04-07,11.8100004196167,11.66176700592041
2020-04-08,12.323749542236328,12.169065475463867
2020-04-09,12.354999542236328,12.19992733001709
2020-04-13,12.638750076293945,12.480114936828613
2020-04-14,13.731249809265137,13.5589017868042
2020-04-15,13.417499542236328,13.249090194702148
2020-04-16,13.926250457763672,13.75145435333252
2020-04-17,14.15625,13.978569030761719
2020-04-20,13.828749656677246,13.655177116394043
2020-04-21,12.800000190734863,12.6393404006958
2020-04-22,13.5912504196167,13.420659065246582
2020-04-23,13.526249885559082,13.356473922729492
2020-04-24,13.9712495803833,13.795889854431152
2020-04-27,14.141249656677246,13.963754653930664
2020-04-28,13.637499809265137,13.466328620910645
2020-04-29,14.567500114440918,14.384655952453613
2020-04-30,14.6225004196167,14.438965797424316
2020-05-01,13.738750457763672,13.56630802154541
2020-05-04,14.082500457763672,13.905742645263672
2020-05-05,14.396249771118164,14.215555191040039
2020-05-06,14.571249961853027,14.388358116149902
2020-05-07,14.957500457763672,14.76976203918457
2020-05-08,15.350000381469727,15.157334327697754
2020-05-11,15.604999542236328,15.409132957458496
2020-05-12,14.982500076293945,14.794448852539062
2020-05-13,14.608750343322754,14.425387382507324
2020-05-14,14.927499771118164,14.74013614654541
2020-05-15,15.119999885559082,14.930220603942871
2020-05-18,15.698749542236328,15.50170612335205
2020-05-19,15.59749984741211,15.401727676391602
2020-05-20,16.232500076293945,16.028759002685547
2020-05-21,15.875,15.675745964050293
2020-05-22,15.973750114440918,15.773255348205566
2020-05-26,15.90999984741211,15.710306167602539
2020-05-27,16.061250686645508,15.85965633392334
2020-05-28,15.998749732971191,15.797940254211426
2020-05-29,16.43375015258789,16.227481842041016
2020-06-01,16.608749389648438,16.40028190612793
2020-06-02,16.815000534057617,16.60394859313965
2020-06-03,16.962499618530273,16.74959373474121
2020-06-04,16.719999313354492,16.5101375579834
2020-06-05,17.375,17.156919479370117
2020-06-08,17.6612491607666,17.4395751953125
2020-06-09,17.90250015258789,17.677797317504883
2020-06-10,18.34749984741211,18.117210388183594
2020-06-11,16.533750534057617,16.32622718811035
2020-06-12,16.764999389648438,16.5545711517334
2020-06-15,17.18375015258789,16.968069076538086
2020-06-16,17.801250457763672,17.577817916870117
2020-06-17,17.887500762939453,17.66298484802246
2020-06-18,17.998750686645508,17.772838592529297
2020-06-19,17.97624969482422,17.750621795654297
2020-06-22,18.422500610351562,18.191267013549805
2020-06-23,18.716249465942383,18.481332778930664
2020-06-24,17.966249465942383,17.740747451782227
2020-06-25,18.311250686645508,18.081417083740234
2020-06-26,17.416250228881836,17.197650909423828
2020-06-29,17.783750534057617,17.560537338256836
2020-06-30,18.46125030517578,18.229536056518555
2020-07-01,18.931249618530273,18.693634033203125
2020-07-02,19.1875,18.946666717529297
2020-07-06,20.136249542236328,19.883508682250977
2020-07-07,19.85124969482422,19.60208511352539
2020-07-08,20.366249084472656,20.110620498657227
2020-07-09,20.704999923706055,20.445117950439453
2020-07-10,21.013750076293945,20.749996185302734
2020-07-13,20.138750076293945,19.8859806060791
2020-07-14,20.4325008392334,20.176042556762695
2020-07-15,20.477500915527344,20.22047996520996
2020-07-16,20.19124984741211,19.93781852722168
2020-07-17,20.256250381469727,20.00200653076172
2020-07-20,21.420000076293945,21.151147842407227
2020-07-21,20.96875,20.7055606842041
2020-07-22,21.116249084472656,20.851207733154297
2020-07-23,20.002500534057617,19.751440048217773
2020-07-24,19.61750030517578,19.37126922607422
2020-07-27,20.325000762939453,20.06989097595215
2020-07-28,19.81999969482422,19.571229934692383
2020-07-29,20.278749465942383,20.02421760559082
2020-07-30,20.482500076293945,20.225414276123047
2020-07-31,21.209999084472656,20.94378089904785
2020-08-03,21.771249771118164,21.497989654541016
2020-08-04,21.940000534057617,21.664621353149414
2020-08-05,22.05500030517578,21.778179168701172
2020-08-06,22.616249084472656,22.332382202148438
2020-08-07,22.107500076293945,21.830020904541016
2020-08-10,21.90999984741211,21.63499641418457
2020-08-11,21.092500686645508,20.827756881713867
2020-08-12,22.153749465942383,21.875688552856445
2020-08-13,22.241249084472656,21.96208953857422
2020-08-14,22.200000762939453,21.921358108520508
2020-08-17,22.6924991607666,22.40767478942871
2020-08-18,23.135000228881836,22.844619750976562
2020-08-19,22.832500457763672,22.54591941833496
2020-08-20,23.46500015258789,23.17047882080078
2020-08-21,23.77750015258789,23.47905921936035
2020-08-24,24.084999084472656,23.782697677612305
2020-08-25,24.459999084472656,24.15298843383789
2020-08-26,25.497499465942383,25.177465438842773
2020-08-27,25.327499389648438,25.009599685668945
2020-08-28,25.592500686645508,25.27128028869629
2020-08-31,26.040000915527344,25.71316146850586
2020-09-01,26.899999618530273,26.562360763549805
2020-09-02,27.40250015258789,27.058555603027344
2020-09-03,24.592500686645508,24.283830642700195
2020-09-04,23.940000534057617,23.6395206451416
2020-09-08,21.657499313354492,21.385662078857422
2020-09-09,22.920000076293945,22.6323184967041
2020-09-10,21.979999542236328,21.704118728637695
2020-09-11,21.702499389648438,21.43010139465332
2020-09-14,22.457500457763672,22.17562484741211
2020-09-15,23.09749984741211,22.807588577270508
2020-09-16,22.334999084472656,22.054658889770508
2020-09-17,21.670000076293945,21.39801025390625
2020-09-18,21.09749984741211,20.832693099975586
2020-09-21,21.280000686645508,21.012907028198242
2020-09-22,22.042499542236328,21.765832901000977
2020-09-23,20.6875,20.427837371826172
2020-09-24,20.895000457763672,20.632736206054688
2020-09-25,21.885000228881836,21.610307693481445
2020-09-28,22.762500762939453,22.476797103881836
2020-09-29,22.5575008392334,22.274370193481445
2020-09-30,22.912500381469727,22.624916076660156
2020-10-01,23.607500076293945,23.311189651489258
2020-10-02,22.27750015258789,21.997880935668945
2020-10-05,23.24250030517578,22.950767517089844
2020-10-06,22.3799991607666,22.09909439086914
2020-10-07,23.200000762939453,22.9088077545166
2020-10-08,23.40999984741211,23.116165161132812
2020-10-09,24.1200008392334,23.8172607421875
2020-10-12,25.602500915527344,25.281150817871094
2020-10-13,25.584999084472656,25.263872146606445
2020-10-14,25.177499771118164,24.861482620239258
2020-10-15,24.822500228881836,24.51093864440918
2020-10-16,24.5625,24.25420379638672
2020-10-19,23.735000610351562,23.437089920043945
2020-10-20,23.88249969482422,23.582738876342773
2020-10-21,23.822500228881836,23.523488998413086
2020-10-22,23.829999923706055,23.530899047851562
2020-10-23,23.9375,23.637046813964844
2020-10-26,23.18000030517578,22.889055252075195
2020-10-27,23.537500381469727,23.242067337036133
2020-10-28,21.71500015258789,21.442445755004883
2020-10-29,22.4375,22.15587615966797
2020-10-30,21.375,21.106708526611328
2020-11-02,21.434999465942383,21.16595458984375
2020-11-03,22.15250015258789,21.874452590942383
2020-11-04,24.135000228881836,23.832069396972656
2020-11-05,25.405000686645508,25.086130142211914
2020-11-06,25.447500228881836,25.128095626831055
2020-11-09,24.3700008392334,24.06412124633789
2020-11-10,23.53499984741211,23.239601135253906
2020-11-11,24.577499389648438,24.269018173217773
2020-11-12,24.344999313354492,24.0394344329834
2020-11-13,24.792499542236328,24.4813175201416
2020-11-16,25.122499465942383,24.80717658996582
2020-11-17,24.959999084472656,24.646713256835938
2020-11-18,24.607500076293945,24.298641204833984
2020-11-19,24.979999542236328,24.666460037231445
2020-11-20,24.65999984741211,24.350479125976562
2020-11-23,24.657499313354492,24.348011016845703
2020-11-24,25.362499237060547,25.044160842895508
2020-11-25,25.68000030517578,25.357677459716797
2020-11-27,26.135000228881836,25.806968688964844
2020-11-30,26.202499389648438,25.873619079589844
2020-12-01,26.950000762939453,26.611740112304688
2020-12-02,26.969999313354492,26.631484985351562
2020-12-03,27.032499313354492,26.69319725036621
2020-12-04,27.287500381469727,26.944997787475586
2020-12-07,27.575000762939453,27.22889518737793
2020-12-08,27.7450008392334,27.39675521850586
2020-12-09,26.52750015258789,26.194538116455078
2020-12-10,26.700000762939453,26.364877700805664
2020-12-11,26.602500915527344,26.268596649169922
2020-12-14,26.950000762939453,26.611740112304688
2020-12-15,27.549999237060547,27.20420265197754
2020-12-16,27.854999542236328,27.5053768157959
2020-12-17,28.217500686645508,27.863327026367188
2020-12-18,28.022499084472656,27.670774459838867
2020-12-21,27.950000762939453,27.599185943603516
2020-12-22,28.084999084472656,27.73249053955078
2020-12-23,27.80500030517578,27.45600700378418
2020-12-24,28.047500610351562,27.695465087890625
2020-12-28,28.61750030517578,28.258302688598633
2020-12-29,28.670000076293945,28.310148239135742
2020-12-30,28.645000457763672,28.285459518432617
2020-12-31,28.77750015258789,28.41629981994629
2021-01-04,27.967500686645508,27.616464614868164
2021-01-05,28.422500610351562,28.065750122070312
2021-01-06,27.65999984741211,27.31282615661621
2021-01-07,29.010000228881836,28.6458797454834
2021-01-08,29.739999771118164,29.366718292236328
2021-01-11,28.854999542236328,28.492826461791992
2021-01-12,28.78499984741211,28.42369842529297
2021-01-13,29.157499313354492,28.79153060913086
2021-01-14,28.837499618530273,28.475543975830078
2021-01-15,28.389999389648438,28.033658981323242
2021-01-19,29.229999542236328,28.863121032714844
2021-01-20,30.5674991607666,30.183834075927734
2021-01-21,31.082500457763672,30.692363739013672
2021-01-22,30.887500762939453,30.499813079833984
2021-01-25,31.434999465942383,31.040441513061523
2021-01-26,31.479999542236328,31.08487892150879
2021-01-27,29.78499984741211,29.411161422729492
2021-01-28,30.082500457763672,29.704919815063477
2021-01-29,28.842500686645508,28.480484008789062
2021-02-01,30.260000228881836,29.88019561767578
2021-02-02,31.252500534057617,30.860231399536133
2021-02-03,30.982500076293945,30.593624114990234
2021-02-04,31.72249984741211,31.3243350982666
2021-02-05,31.94499969482422,31.544044494628906
2021-02-08,32.345001220703125,31.939027786254883
2021-02-09,32.334999084472656,31.92914390563965
2021-02-10,32.1775016784668,31.77362632751465
2021-02-11,32.53499984741211,32.12664031982422
2021-02-12,32.89500045776367,32.48211669921875
2021-02-16,32.724998474121094,32.31425094604492
2021-02-17,32.407501220703125,32.000736236572266
2021-02-18,32.11249923706055,31.70943832397461
2021-02-19,31.842500686645508,31.442825317382812
2021-02-22,30.1924991607666,29.813541412353516
2021-02-23,30.0049991607666,29.62839126586914
2021-02-24,30.4950008392334,30.112245559692383
2021-02-25,28.334999084472656,27.979351043701172
2021-02-26,28.635000228881836,28.275588989257812
2021-03-01,30.327499389648438,29.94684600830078
2021-03-02,29.344999313354492,28.97667694091797
2021-03-03,27.655000686645508,27.307891845703125
2021-03-04,26.727500915527344,26.392032623291016
2021-03-05,27.547500610351562,27.201740264892578
2021-03-08,25.979999542236328,25.65390968322754
2021-03-09,28.03499984741211,27.683116912841797
2021-03-10,27.86750030517578,27.51772117614746
2021-03-11,29.15999984741211,28.79400062561035
2021-03-12,28.672500610351562,28.312620162963867
2021-03-15,29.292499542236328,28.924835205078125
2021-03-16,29.612499237060547,29.24081039428711
2021-03-17,29.84749984741211,29.472867965698242
2021-03-18,28.00749969482422,27.655961990356445
2021-03-19,28.260000228881836,27.905296325683594
2021-03-22,29.274999618530273,28.90755271911621
2021-03-23,28.97249984741211,28.608848571777344
2021-03-24,28.012500762939453,27.660903930664062
2021-03-25,27.9325008392334,27.581907272338867
2021-03-26,28.764999389648438,28.403955459594727
2021-03-29,28.739999771118164,28.37926483154297
2021-03-30,28.459999084472656,28.102781295776367
2021-03-31,29.297500610351562,28.92976951599121
2021-04-01,30.325000762939453,29.944374084472656
2021-04-05,31.540000915527344,31.14412498474121
2021-04-06,31.47249984741211,31.077470779418945
2021-04-07,31.627500534057617,31.230527877807617
2021-04-08,32.29249954223633,31.88718032836914
2021-04-09,32.6875,32.277225494384766
2021-04-12,32.592498779296875,32.18341827392578
2021-04-13,33.352500915527344,32.933876037597656
2021-04-14,32.54999923706055,32.14145278930664
2021-04-15,33.52750015258789,33.1066780090332
2021-04-16,33.61750030517578,33.195552825927734
2021-04-19,32.997501373291016,32.58333206176758
2021-04-20,32.494998931884766,32.08713912963867
2021-04-21,33.06999969482422,32.65492248535156
2021-04-22,32.275001525878906,31.869897842407227
2021-04-23,33.084999084472656,32.66973114013672
2021-04-26,33.51250076293945,33.09186935424805
2021-04-27,33.20500183105469,32.78823471069336
2021-04-28,32.942501068115234,32.529029846191406
2021-04-29,33.217498779296875,32.80056381225586
2021-04-30,32.76750183105469,32.356224060058594
2021-05-03,32.432498931884766,32.025421142578125
2021-05-04,31.260000228881836,30.86764144897461
2021-05-05,31.03499984741211,30.645462036132812
2021-05-06,31.520000457763672,31.12437629699707
2021-05-07,32.01499938964844,31.613162994384766
2021-05-10,30.387500762939453,30.006093978881836
2021-05-11,30.329999923706055,29.94931411743164
2021-05-12,28.760000228881836,28.399019241333008
2021-05-13,29.204999923706055,28.83843421936035
2021-05-14,30.479999542236328,30.097427368164062
2021-05-17,30.112499237060547,29.734542846679688
2021-05-18,29.697500228881836,29.32475471496582
2021-05-19,29.767499923706055,29.393871307373047
2021-05-20,30.920000076293945,30.531911849975586
2021-05-21,30.56999969482422,30.18630027770996
2021-05-24,31.607500076293945,31.210777282714844
2021-05-25,31.690000534057617,31.29224395751953
2021-05-26,31.899999618530273,31.49960708618164
2021-05-27,31.670000076293945,31.272493362426758
2021-05-28,31.844999313354492,31.445295333862305
2021-06-01,31.649999618530273,31.252742767333984
2021-06-02,31.770000457763672,31.371234893798828
2021-06-03,31.084999084472656,30.694835662841797
2021-06-04,32.18000030517578,31.776090621948242
2021-06-07,32.345001220703125,31.939027786254883
2021-06-08,32.369998931884766,31.963708877563477
2021-06-09,32.400001525878906,31.993328094482422
2021-06-10,33.08000183105469,32.664791107177734
2021-06-11,33.2400016784668,32.82278823852539
2021-06-14,33.875,33.44982147216797
2021-06-15,33.42499923706055,33.00545883178711
2021-06-16,33.185001373291016,32.76847839355469
2021-06-17,34.025001525878906,33.59792709350586
2021-06-18,33.494998931884766,33.074588775634766
2021-06-21,33.900001525878906,33.47450637817383
2021-06-22,34.53499984741211,34.101531982421875
2021-06-23,34.560001373291016,34.126220703125
2021-06-24,34.9900016784668,34.55082702636719
2021-06-25,34.915000915527344,34.47676467895508
2021-06-28,35.755001068115234,35.30622100830078
2021-06-29,36.0099983215332,35.558021545410156
2021-06-30,35.904998779296875,35.4543342590332
2021-07-01,35.93000030517578,35.47901916503906
2021-07-02,36.7400016784668,36.27885055541992
2021-07-06,37.04999923706055,36.58496856689453
2021-07-07,37.18000030517578,36.71333312988281
2021-07-08,36.779998779296875,36.318355560302734
2021-07-09,37.224998474121094,36.75777053833008
2021-07-12,37.5099983215332,37.039188385009766
2021-07-13,37.494998931884766,37.02437210083008
2021-07-14,37.625,37.15275573730469
2021-07-15,37.095001220703125,36.62940216064453
2021-07-16,36.5,36.0418701171875
2021-07-19,35.900001525878906,35.449405670166016
2021-07-20,36.73500061035156,36.273921966552734
2021-07-21,37.275001525878906,36.80714797973633
2021-07-22,37.79499816894531,37.32061004638672
2021-07-23,38.654998779296875,38.16981506347656
2021-07-26,38.7400016784668,38.25375747680664
2021-07-27,37.88999938964844,37.41442108154297
2021-07-28,38.15999984741211,37.6810302734375
2021-07-29,38.310001373291016,37.82915496826172
2021-07-30,37.900001525878906,37.424293518066406
2021-08-02,37.89500045776367,37.41936111450195
2021-08-03,38.35499954223633,37.87358474731445
2021-08-04,38.47999954223633,37.99701690673828
2021-08-05,38.96500015258789,38.47593688964844
2021-08-06,38.61000061035156,38.12538146972656
2021-08-09,38.75,38.26362609863281
2021-08-10,38.36000061035156,37.87852478027344
2021-08-11,38.23500061035156,37.755088806152344
2021-08-12,38.505001068115234,38.02170181274414
2021-08-13,38.755001068115234,38.26857376098633
2021-08-16,38.78499984741211,38.298194885253906
2021-08-17,38.10499954223633,37.62672424316406
2021-08-18,37.3650016784668,36.89601516723633
2021-08-19,37.73500061035156,37.26136779785156
2021-08-20,38.52000045776367,38.03651809692383
2021-08-23,39.65999984741211,39.162200927734375
2021-08-24,39.904998779296875,39.40413284301758
2021-08-25,39.95000076293945,39.44856643676758
2021-08-26,39.48500061035156,38.98940658569336
2021-08-27,40.2599983215332,39.754669189453125
2021-08-30,41.165000915527344,40.648319244384766
2021-08-31,41.08000183105469,40.564388275146484
2021-09-01,41.224998474121094,40.70755386352539
2021-09-02,41.17499923706055,40.65819549560547
2021-09-03,41.435001373291016,40.9149284362793
2021-09-07,41.53499984741211,41.0136833190918
2021-09-08,41.26499938964844,40.74705505371094
2021-09-09,40.939998626708984,40.426143646240234
2021-09-10,40.33000183105469,39.82379913330078
2021-09-13,40.275001525878906,39.76948547363281
2021-09-14,40.040000915527344,39.53744888305664
2021-09-15,40.630001068115234,40.12002944946289
2021-09-16,40.70500183105469,40.194087982177734
2021-09-17,39.7400016784668,39.241207122802734
2021-09-20,38.084999084472656,37.606971740722656
2021-09-21,38.15999984741211,37.6810302734375
2021-09-22,38.88999938964844,38.40187454223633
2021-09-23,39.599998474121094,39.102962493896484
2021-09-24,39.665000915527344,39.167144775390625
2021-09-27,39.04999923706055,38.55986022949219
2021-09-28,36.81999969482422,36.357852935791016
2021-09-29,36.72999954223633,36.26898193359375
2021-09-30,36.3849983215332,35.92831802368164
2021-10-01,36.875,36.41215896606445
2021-10-04,35.345001220703125,34.90135955810547
2021-10-05,36.290000915527344,35.83450698852539
2021-10-06,36.744998931884766,36.28379440307617
2021-10-07,37.41999816894531,36.950321197509766
2021-10-08,37.040000915527344,36.575096130371094
2021-10-11,36.474998474121094,36.01717758178711
2021-10-12,36.22999954223633,35.77526092529297
2021-10-13,36.79999923706055,36.33810043334961
2021-10-14,38.150001525878906,37.671165466308594
2021-10-15,38.630001068115234,38.1451416015625
2021-10-18,39.40999984741211,38.91534423828125
2021-10-19,39.98500061035156,39.48312759399414
2021-10-20,39.88999938964844,39.38932418823242
2021-10-21,40.380001068115234,39.8731689453125
2021-10-22,39.689998626708984,39.191829681396484
2021-10-25,40.5,39.99166488647461
2021-10-26,40.724998474121094,40.213836669921875
2021-10-27,40.935001373291016,40.42120361328125
2021-10-28,41.86000061035156,41.33458709716797
2021-10-29,42.27000045776367,41.73944854736328
2021-11-01,42.55500030517578,42.0208625793457
2021-11-02,42.915000915527344,42.37635040283203
2021-11-03,43.81999969482422,43.26999282836914
2021-11-04,44.93000030517578,44.36606216430664
2021-11-05,45.02000045776367,44.45492935180664
2021-11-08,44.900001525878906,44.33644104003906
2021-11-09,44.26499938964844,43.70940399169922
2021-11-10,42.974998474121094,42.43559646606445
2021-11-11,43.21500015258789,42.67259216308594
2021-11-12,44.119998931884766,43.56622314453125
2021-11-15,44.10499954223633,43.551414489746094
2021-11-16,44.724998474121094,44.163631439208984
2021-11-17,44.76499938964844,44.20313262939453
2021-11-18,45.685001373291016,45.11157989501953
2021-11-19,46.189998626708984,45.61024856567383
2021-11-22,45.1349983215332,44.56848907470703
2021-11-23,44.709999084472656,44.14882278442383
2021-11-24,45.025001525878906,44.459869384765625
2021-11-26,43.224998474121094,42.682464599609375
2021-11-29,45.14500045776367,44.57836151123047
2021-11-30,43.80500030517578,43.25518798828125
2021-12-01,42.31999969482422,41.788822174072266
2021-12-02,42.94499969482422,42.40597915649414
2021-12-03,41.45000076293945,40.92974090576172
2021-12-06,42.130001068115234,41.60121154785156
2021-12-07,44.665000915527344,44.10438537597656
2021-12-08,45.040000915527344,44.47468185424805
2021-12-09,43.709999084472656,43.161373138427734
2021-12-10,44.654998779296875,44.094512939453125
2021-12-13,43.36000061035156,42.81576156616211
2021-12-14,42.4900016784668,41.956687927246094
2021-12-15,44.38999938964844,43.83283996582031
2021-12-16,42.119998931884766,41.59132766723633
2021-12-17,41.689998626708984,41.16672897338867
2021-12-20,40.849998474121094,40.33726501464844
2021-12-21,42.68000030517578,42.1442985534668
2021-12-22,43.72999954223633,43.181121826171875
2021-12-23,44.400001525878906,43.842716217041016
2021-12-27,45.82500076293945,45.24983215332031
2021-12-28,45.45000076293945,44.879539489746094
2021-12-29,45.40999984741211,44.84002685546875
2021-12-30,45.095001220703125,44.52899169921875
2021-12-31,44.5099983215332,43.95132827758789
2022-01-03,45.435001373291016,44.86472702026367
2022-01-04,44.244998931884766,43.68965530395508
2022-01-05,41.494998931884766,40.97417449951172
2022-01-06,41.46500015258789,40.944557189941406
2022-01-07,40.54999923706055,40.041038513183594
2022-01-10,40.64500045776367,40.13483810424805
2022-01-11,41.84000015258789,41.31484603881836
2022-01-12,42.16999816894531,41.64070510864258
2022-01-13,40.03499984741211,39.532493591308594
2022-01-14,40.540000915527344,40.03116226196289
2022-01-18,38.54999923706055,38.06613540649414
2022-01-19,37.65999984741211,37.18730926513672
2022-01-20,36.665000915527344,36.20479202270508
2022-01-21,34.599998474121094,34.16572189331055
2022-01-24,35.02000045776367,34.580448150634766
2022-01-25,33.27000045776367,32.85240936279297
2022-01-26,33.32500076293945,32.90671920776367
2022-01-27,32.54999923706055,32.14145278930664
2022-01-28,34.6349983215332,34.200279235839844
2022-01-31,36.85499954223633,36.392417907714844
2022-02-01,37.29499816894531,36.82688903808594
2022-02-02,37.91999816894531,37.44404220581055
2022-02-03,34.810001373291016,34.37308120727539
2022-02-04,35.70000076293945,35.25190734863281
2022-02-07,35.13999938964844,34.698944091796875
2022-02-08,35.93000030517578,35.47901916503906
2022-02-09,37.45500183105469,36.9848747253418
2022-02-10,35.75,35.30128860473633
2022-02-11,33.494998931884766,33.074588775634766
2022-02-14,33.584999084472656,33.16345977783203
2022-02-15,35.22999954223633,34.787811279296875
2022-02-16,35.19499969482422,34.75325393676758
2022-02-17,33.10499954223633,32.68948745727539
2022-02-18,32.34000015258789,31.934083938598633
2022-02-22,31.684999465942383,31.287307739257812
2022-02-23,30.075000762939453,29.69751739501953
2022-02-24,32.09000015258789,31.687219619750977
2022-02-25,33.08000183105469,32.664791107177734
2022-02-28,33.334999084472656,32.91659164428711
2022-03-01,32.2400016784668,31.83534049987793
2022-03-02,33.29999923706055,32.882022857666016
2022-03-03,32.349998474121094,31.943944931030273
2022-03-04,31.440000534057617,31.045381546020508
2022-03-07,29.104999542236328,28.739688873291016
2022-03-08,28.81999969482422,28.458263397216797
2022-03-09,30.93000030517578,30.541780471801758
2022-03-10,30.235000610351562,29.85550880432129
2022-03-11,28.954999923706055,28.591567993164062
2022-03-14,27.860000610351562,27.510316848754883
2022-03-15,29.579999923706055,29.208728790283203
2022-03-16,31.795000076293945,31.395923614501953
2022-03-17,32.53499984741211,32.12664031982422
2022-03-18,33.88999938964844,33.46463394165039
2022-03-21,33.70000076293945,33.27701950073242
2022-03-22,35.0099983215332,34.57056427001953
2022-03-23,34.005001068115234,33.57819366455078
2022-03-24,35.52000045776367,35.074161529541016
2022-03-25,35.470001220703125,35.02479553222656
2022-03-28,36.564998626708984,36.10606002807617
2022-03-29,37.79499816894531,37.32061004638672
2022-03-30,36.9900016784668,36.52572250366211
2022-03-31,35.959999084472656,35.508644104003906
2022-04-01,35.935001373291016,35.48396301269531
2022-04-04,37.380001068115234,36.91082763671875
2022-04-05,35.744998931884766,35.296348571777344
2022-04-06,34.150001525878906,33.721370697021484
2022-04-07,34.334999084472656,33.90404510498047
2022-04-08,33.36000061035156,32.941280364990234
2022-04-11,31.790000915527344,31.390987396240234
2022-04-12,31.540000915527344,31.14412498474121
2022-04-13,32.790000915527344,32.37843322753906
2022-04-14,31.28499984741211,30.89232635498047
2022-04-18,31.385000228881836,30.991065979003906
2022-04-19,32.71500015258789,32.30437469482422
2022-04-20,31.760000228881836,31.361366271972656
2022-04-21,30.489999771118164,30.107309341430664
2022-04-22,28.860000610351562,28.497760772705078
2022-04-25,29.6200008392334,29.24822425842285
2022-04-26,27.334999084472656,26.99190330505371
2022-04-27,27.30500030517578,26.9622859954834
2022-04-28,29.225000381469727,28.85818099975586
2022-04-29,26.600000381469727,26.266128540039062
2022-05-02,27.4950008392334,27.1498966217041
2022-05-03,27.579999923706055,27.23383140563965
2022-05-04,29.43000030517578,29.060606002807617
2022-05-05,26.5049991607666,26.17232322692871
2022-05-06,25.84000015258789,25.515668869018555
2022-05-09,23.790000915527344,23.49140167236328
2022-05-10,24.375,24.069061279296875
2022-05-11,22.90999984741211,22.62244415283203
2022-05-12,22.809999465942383,22.523698806762695
2022-05-13,24.475000381469727,24.16779899597168
2022-05-16,23.924999237060547,23.62470245361328
2022-05-17,25.15999984741211,24.844202041625977
2022-05-18,22.65999984741211,22.37558364868164
2022-05-19,22.434999465942383,22.153406143188477
2022-05-20,22.280000686645508,22.000354766845703
2022-05-23,23.024999618530273,22.736000061035156
2022-05-24,22.040000915527344,21.76336669921875
2022-05-25,22.670000076293945,22.385456085205078
2022-05-26,23.915000915527344,23.614831924438477
2022-05-27,25.5,25.179935455322266
2022-05-31,25.334999084472656,25.017004013061523
2022-06-01,24.96500015258789,24.651655197143555
2022-06-02,26.34000015258789,26.009389877319336
2022-06-03,24.93000030517578,24.617090225219727
2022-06-06,25.1200008392334,24.804704666137695
2022-06-07,25.565000534057617,25.244121551513672
2022-06-08,25.18000030517578,24.863950729370117
2022-06-09,23.80500030517578,23.50621223449707
2022-06-10,22.110000610351562,21.83248519897461
2022-06-13,20.075000762939453,19.823028564453125
2022-06-14,20.170000076293945,19.916839599609375
2022-06-15,21.155000686645508,20.88947296142578
2022-06-16,19.459999084472656,19.215747833251953
2022-06-17,19.90999984741211,19.660099029541016
2022-06-21,20.915000915527344,20.65248680114746
2022-06-22,20.844999313354492,20.583364486694336
2022-06-23,21.46500015258789,21.19558334350586
2022-06-24,22.975000381469727,22.686630249023438
2022-06-27,22.584999084472656,22.30152130126953
2022-06-28,21.200000762939453,20.933910369873047
2022-06-29,21.260000228881836,20.99315643310547
2022-06-30,20.704999923706055,20.445117950439453
2022-07-01,20.975000381469727,20.71173095703125
2022-07-05,21.69499969482422,21.422691345214844
2022-07-06,21.959999084472656,21.684370040893555
2022-07-07,22.895000457763672,22.607633590698242
2022-07-08,22.969999313354492,22.681692123413086
2022-07-11,21.959999084472656,21.684370040893555
2022-07-12,21.545000076293945,21.274580001831055
2022-07-13,21.46500015258789,21.19558334350586
2022-07-14,21.610000610351562,21.338762283325195
2022-07-15,22.3799991607666,22.09909439086914
2022-07-18,22.0049991607666,21.728809356689453
2022-07-19,23.344999313354492,23.051984786987305
2022-07-20,24.084999084472656,23.782697677612305
2022-07-21,24.774999618530273,24.464035034179688
2022-07-22,23.905000686645508,23.604957580566406
2022-07-25,23.649999618530273,23.35315704345703
2022-07-26,22.69499969482422,22.41014289855957
2022-07-27,24.614999771118164,24.30604362487793
2022-07-28,25.079999923706055,24.76521110534668
2022-07-29,26.010000228881836,25.683530807495117
2022-08-01,25.979999542236328,25.65390968322754
2022-08-02,25.80500030517578,25.48110580444336
2022-08-03,27.209999084472656,26.86847686767578
2022-08-04,27.44499969482422,27.100522994995117
2022-08-05,27.010000228881836,26.670984268188477
2022-08-08,26.834999084472656,26.498180389404297
2022-08-09,26.219999313354492,25.89089584350586
2022-08-10,27.68000030517578,27.33257484436035
2022-08-11,27.364999771118164,27.02152442932129
2022-08-12,28.44499969482422,28.087970733642578
2022-08-15,28.875,28.5125732421875
2022-08-16,28.739999771118164,28.37926483154297
2022-08-17,28.075000762939453,27.722614288330078
2022-08-18,28.219999313354492,27.86579704284668
2022-08-19,27.110000610351562,26.769731521606445
2022-08-22,25.674999237060547,25.352739334106445
2022-08-23,25.6299991607666,25.30830192565918
2022-08-24,25.774999618530273,25.45148468017578
2022-08-25,26.670000076293945,26.335250854492188
2022-08-26,24.479999542236328,24.172739028930664
2022-08-29,24.0,23.69876480102539
2022-08-30,23.459999084472656,23.16554069519043
2022-08-31,23.184999465942383,22.89399528503418
2022-09-01,23.200000762939453,22.9088077545166
2022-09-02,22.53499984741211,22.252153396606445
2022-09-06,22.209999084472656,21.931230545043945
2022-09-07,23.100000381469727,22.810060501098633
2022-09-08,23.334999084472656,23.042112350463867
2022-09-09,24.344999313354492,24.0394344329834
2022-09-12,24.920000076293945,24.60721778869629
2022-09-13,22.174999237060547,21.896669387817383
2022-09-14,22.540000915527344,22.257091522216797
2022-09-15,21.760000228881836,21.48687744140625
2022-09-16,21.4950008392334,21.225208282470703
2022-09-19,21.84000015258789,21.565872192382812
2022-09-20,21.475000381469727,21.205455780029297
2022-09-21,20.700000762939453,20.440185546875
2022-09-22,20.200000762939453,19.946460723876953
2022-09-23,19.540000915527344,19.294742584228516
2022-09-26,19.344999313354492,19.102190017700195
2022-09-27,19.395000457763672,19.15156364440918
2022-09-28,20.149999618530273,19.89708709716797
2022-09-29,19.014999389648438,18.77633285522461
2022-09-30,18.329999923706055,18.099929809570312
2022-10-03,19.19499969482422,18.954072952270508
2022-10-04,20.399999618530273,20.143951416015625
2022-10-05,20.364999771118164,20.109386444091797
2022-10-06,20.040000915527344,19.788467407226562
2022-10-07,18.5049991607666,18.272735595703125
2022-10-10,18.110000610351562,17.8826904296875
2022-10-11,17.65999984741211,17.43834114074707
2022-10-12,17.6299991607666,17.40871810913086
2022-10-13,18.43000030517578,18.198673248291016
2022-10-14,17.309999465942383,17.092727661132812
2022-10-17,18.485000610351562,18.25298500061035
2022-10-18,18.774999618530273,18.53934669494629
2022-10-19,18.614999771118164,18.38135528564453
2022-10-20,18.405000686645508,18.173986434936523
2022-10-21,19.28499984741211,19.042945861816406
2022-10-24,19.704999923706055,19.457672119140625
2022-10-25,20.510000228881836,20.252567291259766
2022-10-26,19.59000015258789,19.344118118286133
2022-10-27,18.864999771118164,18.628215789794922
2022-10-28,20.030000686645508,19.778593063354492
2022-10-31,19.540000915527344,19.294742584228516
2022-11-01,19.145000457763672,18.904701232910156
2022-11-02,17.834999084472656,17.611146926879883
2022-11-03,17.139999389648438,16.924867630004883
2022-11-04,17.684999465942383,17.46302604675293
2022-11-07,18.06999969482422,17.843191146850586
2022-11-08,18.31999969482422,18.09005355834961
2022-11-09,17.459999084472656,17.240846633911133
2022-11-10,20.040000915527344,19.788467407226562
2022-11-11,20.780000686645508,20.51917839050293
2022-11-14,20.405000686645508,20.148887634277344
2022-11-15,20.979999542236328,20.7166690826416
2022-11-16,20.395000457763672,20.13901138305664
2022-11-17,20.290000915527344,20.035327911376953
2022-11-18,20.295000076293945,20.040266036987305
2022-11-21,19.8700008392334,19.620603561401367
2022-11-22,20.440000534057617,20.18344497680664
2022-11-23,20.844999313354492,20.583364486694336
2022-11-25,20.559999465942383,20.30194091796875
2022-11-28,19.950000762939453,19.699600219726562
2022-11-29,19.655000686645508,19.40829849243164
2022-11-30,21.450000762939453,21.180770874023438
2022-12-01,21.489999771118164,21.220266342163086
2022-12-02,21.31999969482422,21.052404403686523
2022-12-05,20.579999923706055,20.32168960571289
2022-12-06,19.729999542236328,19.48236083984375
2022-12-07,19.559999465942383,19.31449317932129
2022-12-08,20.03499984741211,19.783531188964844
2022-12-09,19.774999618530273,19.526790618896484
2022-12-12,20.2549991607666,20.000768661499023
2022-12-13,20.69499969482422,20.435243606567383
2022-12-14,20.375,20.119264602661133
2022-12-15,19.0049991607666,18.766456604003906
2022-12-16,18.6299991607666,18.396167755126953
2022-12-19,18.125,17.897504806518555
2022-12-20,18.075000762939453,17.848129272460938
2022-12-21,18.604999542236328,18.371477127075195
2022-12-22,17.6299991607666,17.459861755371094
2022-12-23,17.71500015258789,17.54404640197754
2022-12-27,17.18000030517578,17.014204025268555
2022-12-28,16.725000381469727,16.563596725463867
2022-12-29,17.53499984741211,17.36578369140625
2022-12-30,17.520000457763672,17.350923538208008
2023-01-03,17.274999618530273,17.108287811279297
2023-01-04,17.440000534057617,17.271696090698242
2023-01-05,16.8700008392334,16.707199096679688
2023-01-06,17.799999237060547,17.628219604492188
2023-01-09,18.03499984741211,17.860950469970703
2023-01-10,18.34000015258789,18.16301155090332
2023-01-11,18.959999084472656,18.777023315429688
2023-01-12,19.139999389648438,18.955293655395508
2023-01-13,19.405000686645508,19.217731475830078
2023-01-17,19.469999313354492,19.2821044921875
2023-01-18,18.969999313354492,18.78693199157715
2023-01-19,18.59000015258789,18.41059684753418
2023-01-20,19.6299991607666,19.4405574798584
2023-01-23,20.489999771118164,20.292261123657227
2023-01-24,20.395000457763672,20.198177337646484
2023-01-25,20.28499984741211,20.08924102783203
2023-01-26,21.06999969482422,20.866662979125977
2023-01-27,21.485000610351562,21.27766227722168
2023-01-30,20.600000381469727,20.401201248168945
2023-01-31,21.235000610351562,21.030075073242188
2023-02-01,22.155000686645508,21.941192626953125
2023-02-02,23.71500015258789,23.48613739013672
2023-02-03,22.860000610351562,22.639389038085938
2023-02-06,22.479999542236328,22.2630558013916
2023-02-07,23.415000915527344,23.189035415649414
2023-02-08,22.559999465942383,22.342288970947266
2023-02-09,22.145000457763672,21.931291580200195
2023-02-10,21.864999771118164,21.653993606567383
2023-02-13,22.56999969482422,22.352188110351562
2023-02-14,22.875,22.65424346923828
2023-02-15,23.2450008392334,23.020679473876953
2023-02-16,22.334999084472656,22.11945343017578
2023-02-17,22.014999389648438,21.80254554748535
2023-02-21,20.969999313354492,20.767629623413086
2023-02-22,21.0,20.797340393066406
2023-02-23,21.364999771118164,21.1588191986084
2023-02-24,20.6299991607666,20.430912017822266
2023-02-27,20.934999465942383,20.732969284057617
2023-02-28,20.864999771118164,20.66364860534668
2023-03-01,20.530000686645508,20.331876754760742
2023-03-02,20.8799991607666,20.678497314453125
2023-03-03,21.729999542236328,21.520294189453125
2023-03-06,21.760000228881836,21.550004959106445
2023-03-07,21.225000381469727,21.020172119140625
2023-03-08,21.44499969482422,21.2380428314209
2023-03-09,20.65999984741211,20.460620880126953
2023-03-10,20.084999084472656,19.891170501708984
2023-03-13,20.389999389648438,20.193227767944336
2023-03-14,21.329999923706055,21.1241512298584
2023-03-15,21.540000915527344,21.332128524780273
2023-03-16,22.665000915527344,22.446273803710938
2023-03-17,22.440000534057617,22.22344398498535
2023-03-20,22.604999542236328,22.386850357055664
2023-03-21,23.235000610351562,23.010772705078125
2023-03-22,22.600000381469727,22.381898880004883
2023-03-23,23.149999618530273,22.926593780517578
2023-03-24,23.30500030517578,23.080093383789062
2023-03-27,22.969999313354492,22.748329162597656
2023-03-28,22.739999771118164,22.520551681518555
2023-03-29,23.575000762939453,23.347488403320312
2023-03-30,23.989999771118164,23.758481979370117
2023-03-31,24.78499984741211,24.545812606811523
2023-04-03,24.65999984741211,24.422019958496094
2023-04-04,24.4950008392334,24.258607864379883
2023-04-05,23.985000610351562,23.75353240966797
2023-04-06,24.329999923706055,24.095205307006836
2023-04-10,24.274999618530273,24.04073715209961
2023-04-11,23.96500015258789,23.733726501464844
2023-04-12,23.530000686645508,23.302927017211914
2023-04-13,24.450000762939453,24.214046478271484
2023-04-14,24.344999313354492,24.110061645507812
2023-04-17,24.3700008392334,24.13481903076172
2023-04-18,24.385000228881836,24.14967155456543
2023-04-19,24.354999542236328,24.11996078491211
2023-04-20,23.979999542236328,23.748584747314453
2023-04-21,24.010000228881836,23.77829360961914
2023-04-24,23.905000686645508,23.674306869506836
2023-04-25,23.010000228881836,22.787939071655273
2023-04-26,23.270000457763672,23.045433044433594
2023-04-27,24.53499984741211,24.29822540283203
2023-04-28,24.8700008392334,24.629995346069336
2023-05-01,24.80500030517578,24.565624237060547
2023-05-02,24.360000610351562,24.124916076660156
2023-05-03,24.059999465942383,23.827808380126953
2023-05-04,23.875,23.644594192504883
2023-05-05,24.875,24.634944915771484
2023-05-08,24.989999771118164,24.748836517333984
2023-05-09,24.674999237060547,24.436874389648438
2023-05-10,25.209999084472656,24.966711044311523
2023-05-11,25.360000610351562,25.115264892578125
2023-05-12,25.174999237060547,24.932052612304688
2023-05-15,25.44499969482422,25.199447631835938
2023-05-16,25.489999771118164,25.24401092529297
2023-05-17,26.114999771118164,25.86297607421875
2023-05-18,27.05500030517578,26.793907165527344
2023-05-19,26.934999465942383,26.675065994262695
2023-05-22,27.094999313354492,26.833524703979492
2023-05-23,26.415000915527344,26.160083770751953
2023-05-24,26.135000228881836,25.882789611816406
2023-05-25,27.389999389648438,27.125673294067383
2023-05-26,28.795000076293945,28.51711654663086
2023-05-30,29.040000915527344,28.759750366210938
2023-05-31,28.65999984741211,28.3834171295166
2023-06-01,29.3700008392334,29.086565017700195
2023-06-02,29.799999237060547,29.512413024902344
2023-06-05,29.834999084472656,29.547075271606445
2023-06-06,29.825000762939453,29.53717803955078
2023-06-07,28.799999237060547,28.52206802368164
2023-06-08,29.4950008392334,29.21036148071289
2023-06-09,29.709999084472656,29.42328643798828
2023-06-12,30.725000381469727,30.428489685058594
2023-06-13,31.174999237060547,30.8741455078125
2023-06-14,31.6299991607666,31.324752807617188
2023-06-15,32.36000061035156,32.04771423339844
2023-06-16,31.940000534057617,31.631763458251953
2023-06-20,31.864999771118164,31.557493209838867
2023-06-21,30.9950008392334,30.695886611938477
2023-06-22,31.709999084472656,31.403982162475586
2023-06-23,31.06999969482422,30.77016258239746
2023-06-26,30.235000610351562,29.943222045898438
2023-06-27,31.264999389648438,30.96327781677246
2023-06-28,31.3700008392334,31.06726837158203
2023-06-29,31.229999542236328,30.92861557006836
2023-06-30,32.189998626708984,31.879348754882812
2023-07-03,32.345001220703125,32.03286361694336
2023-07-05,32.31999969482422,32.008094787597656
2023-07-06,31.81999969482422,31.512922286987305
2023-07-07,31.59000015258789,31.285144805908203
2023-07-10,31.6299991607666,31.324752807617188
2023-07-11,31.920000076293945,31.611957550048828
2023-07-12,32.72999954223633,32.414146423339844
2023-07-13,33.80500030517578,33.4787712097168
2023-07-14,33.790000915527344,33.46391296386719
2023-07-17,34.404998779296875,34.072975158691406
2023-07-18,34.97999954223633,34.642425537109375
2023-07-19,34.88999938964844,34.55329895019531
2023-07-20,33.310001373291016,32.98855209350586
2023-07-21,33.10499954223633,32.785526275634766
2023-07-24,33.209999084472656,32.889503479003906
2023-07-25,33.66999816894531,33.34506607055664
2023-07-26,33.435001373291016,33.11234664916992
2023-07-27,33.25,32.92913055419922
2023-07-28,34.45500183105469,34.12249755859375
2023-07-31,34.51499938964844,34.18191909790039
2023-08-01,34.31999969482422,33.988792419433594
2023-08-02,32.79999923706055,32.483463287353516
2023-08-03,32.68000030517578,32.364627838134766
2023-08-04,32.3650016784668,32.05266571044922
2023-08-07,32.915000915527344,32.597354888916016
2023-08-08,32.34000015258789,32.02790451049805
2023-08-09,31.6200008392334,31.314855575561523
2023-08-10,31.725000381469727,31.41883659362793
2023-08-11,31.309999465942383,31.007843017578125
2023-08-14,32.02000045776367,31.71099090576172
2023-08-15,31.325000762939453,31.02269744873047
2023-08-16,30.645000457763672,30.349262237548828
2023-08-17,29.959999084472656,29.670875549316406
2023-08-18,29.8799991607666,29.591642379760742
2023-08-21,30.850000381469727,30.552284240722656
2023-08-22,30.7549991607666,30.45819664001465
2023-08-23,31.71500015258789,31.408935546875
2023-08-24,30.31999969482422,30.02739906311035
2023-08-25,30.815000534057617,30.517623901367188
2023-08-28,31.280000686645508,30.97813606262207
2023-08-29,32.619998931884766,32.305206298828125
2023-08-30,32.97999954223633,32.66172790527344
2023-08-31,33.13999938964844,32.82018280029297
2023-09-01,33.095001220703125,32.77561569213867
2023-09-05,33.154998779296875,32.83502960205078
2023-09-06,32.56999969482422,32.25568389892578
2023-09-07,32.08000183105469,31.770416259765625
2023-09-08,32.154998779296875,31.844688415527344
2023-09-11,32.915000915527344,32.597354888916016
2023-09-12,32.185001373291016,31.87440299987793
2023-09-13,32.41999816894531,32.10713195800781
2023-09-14,32.935001373291016,32.617164611816406
2023-09-15,31.780000686645508,31.47330665588379
2023-09-18,31.860000610351562,31.552534103393555
2023-09-19,31.719999313354492,31.41388702392578
2023-09-20,30.799999237060547,30.58762550354004
2023-09-21,29.635000228881836,29.4306583404541
2023-09-22,29.65999984741211,29.455488204956055
2023-09-25,29.924999237060547,29.718658447265625
2023-09-26,29.014999389648438,28.81493377685547
2023-09-27,29.170000076293945,28.968860626220703
2023-09-28,29.6299991607666,29.425689697265625
2023-09-29,29.674999237060547,29.470378875732422
2023-10-02,30.149999618530273,29.94210433959961
2023-10-03,29.084999084472656,28.884449005126953
2023-10-04,29.8700008392334,29.66403579711914
2023-10-05,29.674999237060547,29.470378875732422
2023-10-06,30.655000686645508,30.44362449645996
2023-10-09,30.975000381469727,30.76141929626465
2023-10-10,31.295000076293945,31.07921028137207
2023-10-11,31.75,31.531076431274414
2023-10-12,31.4950008392334,31.277835845947266
2023-10-13,30.71500015258789,30.503211975097656
2023-10-16,31.420000076293945,31.20334815979004
2023-10-17,31.204999923706055,30.989831924438477
2023-10-18,30.325000762939453,30.11590003967285
2023-10-19,29.780000686645508,29.574657440185547
2023-10-20,28.895000457763672,28.695762634277344
2023-10-23,29.049999237060547,28.849689483642578
2023-10-24,29.6299991607666,29.425689697265625
2023-10-25,28.15999984741211,27.96582794189453
2023-10-26,27.075000762939453,26.888309478759766
2023-10-27,27.334999084472656,27.146516799926758
2023-10-30,27.924999237060547,27.732450485229492
2023-10-31,28.209999084472656,28.01548194885254
2023-11-01,29.190000534057617,28.988723754882812
2023-11-02,30.225000381469727,30.016592025756836
2023-11-03,30.924999237060547,30.711761474609375
2023-11-06,31.165000915527344,30.95010757446289
2023-11-07,31.7450008392334,31.526111602783203
2023-11-08,31.795000076293945,31.575763702392578
2023-11-09,31.290000915527344,31.074249267578125
2023-11-10,32.65999984741211,32.4348030090332
2023-11-13,32.46500015258789,32.241146087646484
2023-11-14,33.849998474121094,33.61659240722656
2023-11-15,33.89500045776367,33.661277770996094
2023-11-16,33.95500183105469,33.72087097167969
2023-11-17,33.95000076293945,33.71590805053711
2023-11-20,34.779998779296875,34.54018020629883
2023-11-21,34.334999084472656,34.0982551574707
2023-11-22,34.630001068115234,34.39121627807617
2023-11-24,34.5099983215332,34.27204132080078
2023-11-27,34.45000076293945,34.21246337890625
2023-11-28,34.619998931884766,34.38127899169922
2023-11-29,34.540000915527344,34.30184555053711
2023-11-30,34.35499954223633,34.11811065673828
2023-12-01,34.55500030517578,34.316734313964844
2023-12-04,33.88999938964844,33.65631866455078
2023-12-05,34.05500030517578,33.8201789855957
2023-12-06,33.65999984741211,33.42790603637695
2023-12-07,34.60499954223633,34.36638641357422
2023-12-08,34.875,34.63453674316406
2023-12-11,35.474998474121094,35.23038864135742
2023-12-12,36.040000915527344,35.79149627685547
2023-12-13,36.939998626708984,36.6852912902832
2023-12-14,36.86000061035156,36.60584259033203
2023-12-15,37.130001068115234,36.87397766113281
2023-12-18,37.66999816894531,37.41025161743164
2023-12-19,38.040000915527344,37.77770233154297
2023-12-20,36.85499954223633,36.6384391784668
2023-12-21,37.709999084472656,37.4884147644043
2023-12-22,37.814998626708984,37.59280014038086
2023-12-26,38.255001068115234,38.03021240234375
2023-12-27,38.400001525878906,38.17435836791992
2023-12-28,38.33000183105469,38.10476303100586
2023-12-29,38.0,37.77670669555664
2024-01-02,36.720001220703125,36.504234313964844
2024-01-03,35.935001373291016,35.723854064941406
2024-01-04,35.540000915527344,35.33115768432617
2024-01-05,35.630001068115234,35.42063522338867
2024-01-08,37.09000015258789,36.87206268310547
2024-01-09,37.23500061035156,37.016204833984375
2024-01-10,37.720001220703125,37.498355865478516
2024-01-11,37.84000015258789,37.617652893066406
2024-01-12,37.88999938964844,37.667354583740234
2024-01-16,37.875,37.652442932128906
2024-01-17,37.43000030517578,37.21005630493164
2024-01-18,38.5,38.27377700805664
2024-01-19,39.994998931884766,39.75999069213867
2024-01-22,40.095001220703125,39.85940170288086
2024-01-23,40.415000915527344,40.177520751953125
2024-01-24,40.845001220703125,40.6049919128418
2024-01-25,40.92499923706055,40.68452835083008
2024-01-26,40.42499923706055,40.18746566772461
2024-01-29,41.26499938964844,41.022518157958984
2024-01-30,40.689998626708984,40.45090103149414
2024-01-31,39.099998474121094,38.870243072509766
2024-02-01,40.029998779296875,39.79478454589844
2024-02-02,41.369998931884766,41.12690734863281
2024-02-05,41.220001220703125,40.9777946472168
2024-02-06,41.06999969482422,40.82866668701172
2024-02-07,41.89500045776367,41.64883041381836
2024-02-08,42.029998779296875,41.78302764892578
2024-02-09,42.84000015258789,42.58826446533203
2024-02-12,42.4900016784668,42.24032974243164
2024-02-13,41.154998779296875,40.913169860839844
2024-02-14,42.060001373291016,41.8128547668457
2024-02-15,42.27000045776367,42.02162170410156
2024-02-16,41.505001068115234,41.26111602783203
2024-02-20,40.869998931884766,40.629844665527344
2024-02-21,40.529998779296875,40.29184341430664
2024-02-22,42.89500045776367,42.6429443359375
2024-02-23,42.619998931884766,42.369564056396484
2024-02-26,42.56999969482422,42.319854736328125
2024-02-27,42.775001525878906,42.523651123046875
2024-02-28,42.290000915527344,42.04150390625
2024-02-29,43.02000045776367,42.76720428466797
2024-03-01,44.30500030517578,44.04466247558594
2024-03-04,43.94499969482422,43.68678283691406
2024-03-05,42.380001068115234,42.1309700012207
2024-03-06,42.900001525878906,42.647926330566406
2024-03-07,44.189998626708984,43.930335998535156
2024-03-08,42.880001068115234,42.6280403137207
2024-03-11,42.55500030517578,42.3049430847168
2024-03-12,43.790000915527344,43.53268814086914
2024-03-13,43.08000183105469,42.82686233520508
2024-03-14,42.85499954223633,42.603179931640625
2024-03-15,41.81999969482422,41.57426071166992
2024-03-18,42.61000061035156,42.359622955322266
2024-03-19,42.810001373291016,42.55845260620117
2024-03-20,43.79999923706055,43.570613861083984
2024-03-21,44.18000030517578,43.948631286621094
2024-03-22,44.255001068115234,44.023231506347656
2024-03-25,43.94499969482422,43.71486282348633
2024-03-26,43.65999984741211,43.43135070800781
2024-03-27,43.95000076293945,43.71982955932617
2024-03-28,43.7400016784668,43.51093292236328
2024-04-01,43.94499969482422,43.71486282348633
2024-04-02,43.165000915527344,42.93894958496094
2024-04-03,43.334999084472656,43.108055114746094
2024-04-04,41.98500061035156,41.7651252746582
2024-04-05,42.98500061035156,42.7598876953125
2024-04-08,43.0099983215332,42.784751892089844
2024-04-09,43.310001373291016,43.08318328857422
2024-04-10,42.52000045776367,42.29732131958008
2024-04-11,43.89500045776367,43.66511917114258
2024-04-12,42.474998474121094,42.2525520324707
2024-04-15,41.060001373291016,40.844970703125
2024-04-16,41.060001373291016,40.844970703125
2024-04-17,40.05500030517578,39.845237731933594
2024-04-18,39.564998626708984,39.357791900634766
2024-04-19,37.939998626708984,37.74130630493164
2024-04-22,38.685001373291016,38.48240661621094
2024-04-23,39.845001220703125,39.636329650878906
2024-04-24,40.10499954223633,39.89497375488281
2024-04-25,39.68000030517578,39.472190856933594
2024-04-26,40.915000915527344,40.70072555541992
2024-04-29,41.22999954223633,41.01408386230469
2024-04-30,39.65999984741211,39.452301025390625
2024-05-01,39.07500076293945,38.870361328125
2024-05-02,40.060001373291016,39.85020446777344
2024-05-03,41.65999984741211,41.44182205200195
2024-05-06,42.59000015258789,42.3669548034668
2024-05-07,42.56999969482422,42.34705352783203
2024-05-08,42.525001525878906,42.30229568481445
2024-05-09,42.68000030517578,42.456485748291016
2024-05-10,42.8849983215332,42.66040802001953
2024-05-13,43.07500076293945,42.849422454833984
2024-05-14,43.61000061035156,43.38161849975586
2024-05-15,44.95000076293945,44.7145881652832
2024-05-16,44.76499938964844,44.53055953979492
2024-05-17,44.720001220703125,44.485809326171875
2024-05-20,45.33000183105469,45.09260177612305
2024-05-21,45.48500061035156,45.24679183959961
2024-05-22,45.470001220703125,45.231876373291016
2024-05-23,45.029998779296875,44.79417419433594
2024-05-24,45.880001068115234,45.63972091674805
2024-05-28,46.20500183105469,45.96302032470703
2024-05-29,45.55500030517578,45.31642532348633
2024-05-30,44.560001373291016,44.326637268066406
2024-05-31,44.560001373291016,44.326637268066406
2024-06-03,44.845001220703125,44.610145568847656
2024-06-04,45.06999969482422,44.83395767211914
2024-06-05,46.88999938964844,46.644432067871094
2024-06-06,46.849998474121094,46.604644775390625
2024-06-07,46.7400016784668,46.49522018432617
2024-06-10,47.11000061035156,46.86328887939453
2024-06-11,47.73500061035156,47.485008239746094
2024-06-12,48.9900016784668,48.73343276977539
2024-06-13,49.494998931884766,49.235782623291016
2024-06-14,49.98500061035156,49.723228454589844
2024-06-17,51.20000076293945,50.931861877441406
2024-06-18,51.21500015258789,50.946781158447266
2024-06-20,50.400001525878906,50.136051177978516
2024-06-21,50.099998474121094,49.837623596191406
2024-06-24,48.974998474121094,48.718509674072266
2024-06-25,50.09000015258789,49.82767868041992
2024-06-26,50.2400016784668,50.02983093261719
2024-06-27,50.470001220703125,50.25886535644531
2024-06-28,49.904998779296875,49.696231842041016
2024-07-01,50.51499938964844,50.30367660522461
2024-07-02,51.560001373291016,51.344303131103516
2024-07-03,52.39500045776367,52.175819396972656
2024-07-05,53.459999084472656,53.23635482788086
2024-07-08,53.724998474121094,53.500247955322266
2024-07-09,53.779998779296875,53.55501937866211
2024-07-10,54.915000915527344,54.685272216796875
2024-07-11,52.470001220703125,52.2504997253418
2024-07-12,53.064998626708984,52.84300231933594
2024-07-15,53.36000061035156,53.13677978515625
2024-07-16,53.38999938964844,53.16665267944336
2024-07-17,50.244998931884766,50.03480529785156
2024-07-18,49.75,49.541873931884766
2024-07-19,48.845001220703125,48.640663146972656
2024-07-22,50.275001525878906,50.06468200683594
2024-07-23,49.93000030517578,49.72111511230469
2024-07-24,46.31999969482422,46.126224517822266
2024-07-25,45.30500030517578,45.115474700927734
2024-07-26,46.220001220703125,46.026649475097656
2024-07-29,46.36000061035156,46.166053771972656
2024-07-30,45.08000183105469,44.89141082763672
2024-07-31,47.755001068115234,47.55521774291992
2024-08-01,45.44499969482422,45.254886627197266
2024-08-02,43.25,43.069068908691406
2024-08-05,40.744998931884766,40.57455062866211
2024-08-06,41.45000076293945,41.2765998840332
2024-08-07,40.529998779296875,40.36044692993164
2024-08-08,43.02000045776367,42.840023040771484
2024-08-09,43.45500183105469,43.27321243286133
2024-08-12,43.6150016784668,43.432533264160156
2024-08-13,45.76499938964844,45.573543548583984
2024-08-14,45.79999923706055,45.608402252197266
2024-08-15,48.09000015258789,47.88882064819336
2024-08-16,48.17499923706055,47.97346496582031
2024-08-19,49.439998626708984,49.23317337036133
2024-08-20,49.220001220703125,49.01408767700195
2024-08-21,49.69499969482422,49.48711013793945
2024-08-22,48.08000183105469,47.878868103027344
2024-08-23,49.1150016784668,48.90953826904297
2024-08-26,48.14500045776367,47.94358444213867
2024-08-27,48.43000030517578,48.22739791870117
2024-08-28,47.310001373291016,47.112083435058594
2024-08-29,47.165000915527344,46.967689514160156
2024-08-30,48.275001525878906,48.07304763793945
2024-09-03,45.310001373291016,45.12044906616211
2024-09-04,45.06999969482422,44.881446838378906
2024-09-05,45.15999984741211,44.97107696533203
2024-09-06,42.720001220703125,42.54128646850586
2024-09-09,43.790000915527344,43.6068115234375
2024-09-10,44.584999084472656,44.39848327636719
2024-09-11,46.48500061035156,46.29054260253906
2024-09-12,47.435001373291016,47.23655700683594
2024-09-13,47.814998626708984,47.61497116088867
2024-09-16,47.380001068115234,47.181793212890625
2024-09-17,47.43000030517578,47.23158645629883
2024-09-18,46.98500061035156,46.788448333740234
2024-09-19,49.3849983215332,49.17839813232422
2024-09-20,49.15999984741211,48.954345703125
2024-09-23,49.41999816894531,49.213253021240234
2024-09-24,49.88999938964844,49.68128967285156
2024-09-25,49.98500061035156,49.80134582519531
2024-09-26,50.69499969482422,50.50873947143555
2024-09-27,50.099998474121094,49.915924072265625
2024-09-30,50.349998474121094,50.16500473022461
2024-10-01,48.92499923706055,48.745243072509766
2024-10-02,49.09000015258789,48.90964126586914
2024-10-03,49.0099983215332,48.829933166503906
2024-10-04,50.17499923706055,49.99065017700195
2024-10-07,49.04499816894531,48.864803314208984
2024-10-08,50.5099983215332,50.32442092895508
2024-10-09,51.29499816894531,51.106529235839844
2024-10-10,51.185001373291016,50.9969367980957
2024-10-11,51.290000915527344,51.10155487060547
2024-10-14,52.150001525878906,51.95840072631836
2024-10-15,50.75,50.56353759765625
2024-10-16,50.76499938964844,50.57848358154297
2024-10-17,50.845001220703125,50.6581916809082
2024-10-18,51.46500015258789,51.27591323852539
2024-10-21,51.65999984741211,51.470191955566406
2024-10-22,51.7599983215332,51.56982421875
2024-10-23,50.15999984741211,49.9757080078125
2024-10-24,50.96500015258789,50.77774429321289
2024-10-25,51.54999923706055,51.360595703125
2024-10-28,51.56999969482422,51.38051986694336
2024-10-29,52.54499816894531,52.3519401550293
2024-10-30,51.75,51.55986022949219
2024-10-31,49.13999938964844,48.959449768066406
2024-11-01,49.82500076293945,49.64194107055664
2024-11-04,49.51499938964844,49.33306884765625
2024-11-05,50.779998779296875,50.59342575073242
2024-11-06,53.540000915527344,53.34328842163086
2024-11-07,55.224998474121094,55.022090911865234
2024-11-08,55.29999923706055,55.09682083129883
2024-11-11,55.22999954223633,55.027076721191406
2024-11-12,55.03499984741211,54.832794189453125
2024-11-13,54.880001068115234,54.678367614746094
2024-11-14,54.09000015258789,53.89126205444336
2024-11-15,51.474998474121094,51.28586959838867
2024-11-18,52.209999084472656,52.01816940307617
2024-11-19,52.904998779296875,52.71062469482422
2024-11-20,52.84000015258789,52.64585876464844
2024-11-21,53.224998474121094,53.02944564819336
2024-11-22,53.36000061035156,53.16394805908203
2024-11-25,53.525001525878906,53.32834243774414
2024-11-26,54.084999084472656,53.886287689208984
2024-11-27,53.224998474121094,53.02944564819336
2024-11-29,54.10499954223633,53.90620803833008
2024-12-02,55.28499984741211,55.08187484741211
2024-12-03,55.6349983215332,55.43058395385742
2024-12-04,56.9900016784668,56.780609130859375
2024-12-05,56.67499923706055,56.46676254272461
2024-12-06,57.665000915527344,57.45313262939453
2024-12-09,56.7400016784668,56.53153610229492
2024-12-10,56.32500076293945,56.1180534362793
2024-12-11,58.35499954223633,58.14059066772461
2024-12-12,57.59000015258789,57.3784065246582
2024-12-13,58.439998626708984,58.22528076171875
2024-12-16,60.125,59.904090881347656
2024-12-17,59.59000015258789,59.371055603027344
2024-12-18,55.290000915527344,55.086856842041016
2024-12-19,54.755001068115234,54.5538215637207
2024-12-20,55.724998474121094,55.52025604248047
2024-12-23,56.7400016784668,56.5624885559082
2024-12-24,58.27000045776367,58.08770751953125
2024-12-26,58.165000915527344,57.983036041259766
2024-12-27,56.58000183105469,56.402992248535156
2024-12-30,55.064998626708984,54.892730712890625
2024-12-31,54.119998931884766,53.950687408447266
2025-01-02,53.880001068115234,53.7114372253418
2025-01-03,55.63999938964844,55.46592712402344
2025-01-06,56.904998779296875,56.72697067260742
2025-01-07,54.85499954223633,54.68338394165039
2025-01-08,54.8650016784668,54.69335174560547
2025-01-10,53.1150016784668,52.94883346557617
2025-01-13,52.78499984741211,52.619869232177734
2025-01-14,52.65999984741211,52.4952507019043
2025-01-15,55.040000915527344,54.867801666259766
2025-01-16,54.30500030517578,54.13510513305664
2025-01-17,56.095001220703125,55.91950607299805
2025-01-21,56.70000076293945,56.522613525390625
2025-01-22,58.18000030517578,57.99797821044922
2025-01-23,58.435001373291016,58.2521858215332
2025-01-24,57.744998931884766,57.56434631347656
2025-01-27,54.33000183105469,54.160030364990234
2025-01-28,55.96500015258789,55.7899169921875
2025-01-29,55.7400016784668,55.56562042236328
2025-01-30,56.20500183105469,56.02916717529297
2025-01-31,56.005001068115234,55.82978820800781
2025-02-03,55.1150016784668,54.942569732666016
2025-02-04,56.459999084472656,56.283363342285156
2025-02-05,56.95500183105469,56.776817321777344
2025-02-06,57.529998779296875,57.350013732910156
2025-02-07,56.07500076293945,55.899566650390625
2025-02-10,57.39500045776367,57.21543884277344
2025-02-11,57.125,56.94628143310547
2025-02-12,57.189998626708984,57.011077880859375
2025-02-13,58.81999969482422,58.63597869873047
2025-02-14,59.27000045776367,59.08457946777344
2025-02-18,59.529998779296875,59.343753814697266
2025-02-19,59.560001373291016,59.37366485595703
2025-02-20,59.029998779296875,58.8453254699707
2025-02-21,56.56999969482422,56.39302062988281
2025-02-24,55.20500183105469,55.03228759765625
2025-02-25,53.80500030517578,53.63666915893555
2025-02-26,54.04999923706055,53.88090515136719
2025-02-27,51.06999969482422,50.91023254394531
2025-02-28,52.64500045776367,52.48030090332031
2025-03-03,50.39500045776367,50.23733901977539
2025-03-04,50.025001525878906,49.86849594116211
2025-03-05,51.334999084472656,51.17439651489258
2025-03-06,48.5099983215332,48.358238220214844
2025-03-07,49.18000030517578,49.0261344909668
2025-03-10,45.45500183105469,45.31279373168945
2025-03-11,45.125,44.98382568359375
2025-03-12,46.165000915527344,46.02056884765625
2025-03-13,44.474998474121094,44.33586120605469
2025-03-14,46.595001220703125,46.44922637939453
2025-03-17,47.19499969482422,47.04734420776367
2025-03-18,45.599998474121094,45.45733642578125
2025-03-19,46.7599983215332,46.613704681396484
2025-03-20,46.45000076293945,46.304683685302734
2025-03-21,46.779998779296875,46.63364791870117
2025-03-24,48.75,48.59748458862305
2025-03-25,49.33000183105469,49.17567443847656
2025-03-26,47.505001068115234,47.36886978149414
2025-03-27,46.939998626708984,46.805477142333984
2025-03-28,44.470001220703125,44.342559814453125
2025-03-31,44.439998626708984,44.312644958496094
2025-04-01,45.1349983215332,45.00564956665039
2025-04-02,45.79499816894531,45.66375732421875
2025-04-03,40.900001525878906,40.78279113769531
2025-04-04,35.904998779296875,35.802101135253906
2025-04-07,36.0099983215332,35.90679931640625
2025-04-08,34.66999816894531,34.570640563964844
2025-04-09,42.814998626708984,42.692298889160156
2025-04-10,39.314998626708984,39.202327728271484
2025-04-11,40.70500183105469,40.58835220336914
2025-04-14,41.27000045776367,41.151729583740234
2025-04-15,41.3650016784668,41.2464599609375
2025-04-16,38.880001068115234,38.768577575683594
2025-04-17,38.81999969482422,38.7087516784668
2025-04-21,36.91999816894531,36.814186096191406
2025-04-22,38.80500030517578,38.69379425048828
2025-04-23,40.529998779296875,40.413848876953125
2025-04-24,42.834999084472656,42.71224594116211
2025-04-25,43.779998779296875,43.654537200927734
2025-04-28,43.7599983215332,43.63459396362305
2025-04-29,44.29999923706055,44.17304611206055
2025-04-30,44.290000915527344,44.1630744934082
2025-05-01,45.375,45.244964599609375
2025-05-02,46.77000045776367,46.63596725463867
2025-05-05,46.220001220703125,46.08755111694336
2025-05-06,45.369998931884766,45.2399787902832
2025-05-07,45.709999084472656,45.579002380371094
2025-05-08,46.619998931884766,46.48640060424805
2025-05-09,46.540000915527344,46.40663146972656
2025-05-12,50.33000183105469,50.185768127441406
2025-05-13,51.845001220703125,51.69642639160156
2025-05-14,52.46500015258789,52.31464767456055
2025-05-15,52.58000183105469,52.4293212890625
2025-05-16,53.029998779296875,52.87802505493164
2025-05-19,53.10499954223633,52.95281219482422
2025-05-20,52.724998474121094,52.57390213012695
2025-05-21,51.2599983215332,51.113101959228516
2025-05-22,51.45000076293945,51.30255889892578
2025-05-23,50.470001220703125,50.32537078857422
2025-05-27,52.814998626708984,52.663639068603516
2025-05-28,52.3650016784668,52.214942932128906
2025-05-29,52.55500030517578,52.40439224243164
2025-05-30,52.3650016784668,52.214942932128906
2025-06-02,53.16999816894531,53.01762771606445
2025-06-03,54.01499938964844,53.860206604003906
2025-06-04,54.29499816894531,54.139400482177734
2025-06-05,53.44499969482422,53.29184341430664
2025-06-06,54.474998474121094,54.318885803222656
2025-06-09,54.625,54.46845245361328
2025-06-10,55.35499954223633,55.19636535644531
2025-06-11,54.970001220703125,54.812469482421875
2025-06-12,55.220001220703125,55.06175231933594
2025-06-13,53.80500030517578,53.65081024169922
2025-06-16,55.28499984741211,55.126564025878906
2025-06-17,54.185001373291016,54.02971649169922
2025-06-18,54.15999984741211,54.00478744506836
2025-06-20,53.67499923706055,53.52118682861328
2025-06-23,54.79499816894531,54.63796615600586
2025-06-24,56.45500183105469,56.293216705322266
2025-06-25,56.665000915527344,56.56473922729492
2025-06-26,57.73500061035156,57.632835388183594
2025-06-27,58.1150016784668,58.012168884277344
2025-06-30,58.85499954223633,58.7508544921875
2025-07-01,57.83000183105469,57.72766876220703
2025-07-02,58.64500045776367,58.541229248046875
2025-07-03,59.744998931884766,59.639278411865234
2025-07-07,58.849998474121094,58.7458610534668
2025-07-08,58.89500045776367,58.79078674316406
2025-07-09,59.724998474121094,59.61931610107422
2025-07-10,59.53499984741211,59.42965316772461
2025-07-11,59.25,59.14515686035156
2025-07-14,59.654998779296875,59.549434661865234
2025-07-15,59.75,59.64427947998047
2025-07-16,59.880001068115234,59.774044036865234
2025-07-17,60.84000015258789,60.73234939575195
2025-07-18,60.685001373291016,60.57762145996094
2025-07-21,61.310001373291016,61.201515197753906
2025-07-22,60.665000915527344,60.55765151977539
2025-07-23,61.209999084472656,61.10169219970703
2025-07-24,61.47999954223633,61.37120819091797
2025-07-25,61.724998474121094,61.615779876708984
2025-07-28,62.1150016784668,62.005088806152344
2025-07-29,61.93000030517578,61.82041931152344
2025-07-30,62.07500076293945,61.96516036987305
2025-07-31,61.3849983215332,61.27637481689453
2025-08-01,58.935001373291016,58.83071517944336
2025-08-04,61.099998474121094,60.99188232421875
2025-08-05,60.255001068115234,60.148380279541016
2025-08-06,61.77000045776367,61.66069793701172
2025-08-07,62.185001373291016,62.07496643066406
2025-08-08,63.310001373291016,63.197975158691406
2025-08-11,62.900001525878906,62.78870391845703
2025-08-12,64.5,64.3858642578125
2025-08-13,64.55000305175781,64.435791015625
2025-08-14,64.43499755859375,64.32098388671875
2025-08-15,63.83000183105469,63.7170524597168
2025-08-18,63.790000915527344,63.677127838134766
2025-08-19,62.040000915527344,61.93022537231445
2025-08-20,61.28499984741211,61.17655944824219
2025-08-21,60.724998474121094,60.61754608154297
2025-08-22,62.56999969482422,62.459285736083984
2025-08-25,62.19499969482422,62.08494567871094
2025-08-26,62.69499969482422,62.58406066894531
2025-08-27,62.869998931884766,62.75875473022461
2025-08-28,63.6349983215332,63.522396087646484
2025-08-29,62.11000061035156,62.000099182128906
2025-09-02,61.08000183105469,60.971923828125
2025-09-03,62.0099983215332,61.900272369384766
2025-09-04,63.13999938964844,63.02827453613281
2025-09-05,63.279998779296875,63.16802215576172
2025-09-08,63.900001525878906,63.78693389892578
2025-09-09,64.24500274658203,64.1313247680664
2025-09-10,64.28500366210938,64.17124938964844
2025-09-11,65.01499938964844,64.89996337890625
2025-09-12,65.57499694824219,65.45896911621094
2025-09-15,66.69000244140625,66.57199096679688
2025-09-16,66.54000091552734,66.4222640991211
2025-09-17,66.25499725341797,66.13775634765625
2025-09-18,67.4800033569336,67.360595703125
2025-09-19,68.36000061035156,68.23904418945312
2025-09-22,69.15499877929688,69.03263092041016
2025-09-23,68.22000122070312,68.09928131103516
2025-09-24,67.7249984741211,67.62548828125
2025-09-25,67.11499786376953,67.01637268066406
2025-09-26,67.65499877929688,67.55558776855469
2025-09-29,68.26000213623047,68.15969848632812
2025-09-30,68.5999984741211,68.49919891357422
2025-10-01,69.26000213623047,69.1582260131836
2025-10-02,69.81999969482422,69.7174072265625
2025-10-03,69.19000244140625,69.08833312988281
2025-10-06,70.23500061035156,70.13180541992188
2025-10-07,69.4800033569336,69.3779067993164
2025-10-08,71.05999755859375,70.95558166503906
2025-10-09,70.875,70.77085876464844
2025-10-10,65.90499877929688,65.80815887451172
2025-10-13,68.71499633789062,68.61402893066406
2025-10-14,67.80000305175781,67.70037841796875
2025-10-15,68.72000122070312,68.61903381347656
2025-10-16,68.20999908447266,68.10977172851562
2025-10-17,69.08000183105469,68.97850036621094
2025-10-20,70.80500030517578,70.70095825195312
2025-10-21,70.76499938964844,70.66101837158203
2025-10-22,69.36000061035156,69.25808715820312
2025-10-23,70.55000305175781,70.44633483886719
2025-10-24,71.98999786376953,71.88420867919922
2025-10-27,74.56999969482422,74.4604263305664
2025-10-28,75.69499969482422,75.58377075195312
2025-10-29,76.38500213623047,76.27275085449219
2025-10-30,74.0250015258789,73.91622924804688
2025-10-31,74.73999786376953,74.63017272949219
2025-11-03,75.41000366210938,75.29920196533203
2025-11-04,72.31999969482422,72.21372985839844
2025-11-05,73.2699966430664,73.1623306274414
2025-11-06,70.52999877929688,70.42636108398438
2025-11-07,70.05500030517578,69.95205688476562
2025-11-10,73.125,73.01754760742188
2025-11-11,72.73500061035156,72.62812042236328
2025-11-12,72.61000061035156,72.50331115722656
2025-11-13,69.625,69.52268981933594
2025-11-14,69.69499969482422,69.59258270263672
2025-11-17,68.5,68.39935302734375
2025-11-18,66.83499908447266,66.7367935180664
2025-11-19,67.59500122070312,67.49566650390625
2025-11-20,64.41000366210938,64.31536102294922
2025-11-21,65.36000061035156,65.26396179199219
2025-11-24,68.7300033569336,68.6290054321289
2025-11-25,69.51000213623047,69.4078598022461
2025-11-26,70.73999786376953,70.63605499267578
2025-11-28,71.80999755859375,71.70448303222656
2025-12-01,71.3499984741211,71.24515533447266
2025-12-02,72.47000122070312,72.36351013183594
2025-12-03,72.79000091552734,72.68303680419922
2025-12-04,72.62000274658203,72.51329803466797
2025-12-05,73.22000122070312,73.11241149902344
2025-12-08,72.88999938964844,72.78289031982422
2025-12-09,73.0999984741211,72.99258422851562
2025-12-10,73.66000366210938,73.55176544189453
2025-12-11,73.18000030517578,73.07246398925781
2025-12-12,70.33999633789062,70.23664093017578
2025-12-15,69.62999725341797,69.5276870727539
2025-12-16,69.9000015258789,69.79728698730469
2025-12-17,67.27999877929688,67.18114471435547
2025-12-18,69.23999786376953,69.13825988769531
2025-12-19,71.05000305175781,70.94560241699219
2025-12-22,71.66999816894531,71.56468963623047
2025-12-23,72.36000061035156,72.25367736816406
2025-12-24,72.7300033569336,72.64622497558594
2025-12-26,72.68000030517578,72.59627532958984
2025-12-29,71.95999908447266,71.87711334228516
2025-12-30,71.61000061035156,71.52751922607422
2025-12-31,70.41000366210938,70.32890319824219
2026-01-02,70.0999984741211,70.01925659179688
2026-01-05,71.19999694824219,71.11798095703125
2026-01-06,72.45999908447266,72.37652587890625
2026-01-07,72.58999633789062,72.50638580322266
2026-01-08,71.75,71.66735076904297
2026-01-09,73.13999938964844,73.05574798583984
2026-01-12,73.2699966430664,73.18559265136719
2026-01-13,73.01000213623047,72.9259033203125
2026-01-14,71.48999786376953,71.40765380859375
2026-01-15,71.94000244140625,71.85713958740234
2026-01-16,71.75,71.66735076904297
2026-01-20,68.7300033569336,68.65083312988281
2026-01-21,70.54000091552734,70.45874786376953
2026-01-22,71.61000061035156,71.52751922607422
2026-01-23,72.05000305175781,71.96701049804688
2026-01-26,72.66000366210938,72.57630920410156
2026-01-27,73.95999908447266,73.87480926513672
2026-01-28,74.36000061035156,74.27435302734375
2026-01-29,73.5199966430664,73.43531036376953
2026-01-30,71.70999908447266,71.62740325927734
2026-02-02,72.7300033569336,72.64622497558594
2026-02-03,70.45999908447266,70.37883758544922
2026-02-04,67.9800033569336,67.90170288085938
2026-02-05,66.04000091552734,65.96392822265625
2026-02-06,68.79000091552734,68.71076202392578
2026-02-09,69.83000183105469,69.74956512451172
2026-02-10,69.18000030517578,69.10031127929688
2026-02-11,69.5199966430664,69.4399185180664
2026-02-12,66.69000244140625,66.6131820678711
2026-02-13,66.91999816894531,66.84291076660156
2026-02-17,66.7699966430664,66.69308471679688
2026-02-18,67.75,67.67195892333984
2026-02-19,67.23999786376953,67.16253662109375
2026-02-20,68.4000015258789,68.32121276855469
2026-02-23,66.75,66.67311096191406
2026-02-24,68.12999725341797,68.051513671875
2026-02-25,70.08000183105469,69.99928283691406
2026-02-26,68.44000244140625,68.36116790771484
2026-02-27,67.98999786376953,67.91168212890625
2026-03-02,68.12999725341797,68.051513671875
2026-03-03,66.68000030517578,66.60319519042969
2026-03-04,68.6500015258789,68.5709228515625
2026-03-05,68.26000213623047,68.1813735961914
2026-03-06,66.19000244140625,66.11375427246094
2026-03-09,67.94000244140625,67.86174011230469
2026-03-10,67.91000366210938,67.83177947998047
2026-03-11,67.9000015258789,67.82178497314453
2026-03-12,65.58000183105469,65.50446319580078
2026-03-13,64.76000213623047,64.68540954589844
2026-03-16,66.19000244140625,66.11375427246094
2026-03-17,66.8499984741211,66.77299499511719
2026-03-18,64.94999694824219,64.87518310546875
2026-03-19,64.52999877929688,64.4556655883789
2026-03-20,62.130001068115234,62.058433532714844
2026-03-23,63.58000183105469,63.50676345825195
2026-03-24,62.63999938964844,62.56784439086914
2026-03-25,63.43000030517578,63.370086669921875
2026-03-26,60.43000030517578,60.372920989990234
2026-03-27,58.04999923706055,57.99517059326172
2026-03-30,57.15999984741211,57.10601043701172
2026-03-31,61.0,60.9423828125
2026-04-01,62.4900016784668,62.43097686767578
2026-04-02,62.599998474121094,62.54086685180664
2026-04-06,63.349998474121094,63.2901611328125
2026-04-07,63.38999938964844,63.33012390136719
2026-04-08,67.08000183105469,67.01663970947266
2026-04-09,68.01000213623047,67.94576263427734
2026-04-10,68.19000244140625,68.12559509277344
2026-04-13,69.58999633789062,69.52426147460938
2026-04-14,72.0999984741211,72.03189086914062
2026-04-15,74.11000061035156,74.04000091552734
2026-04-16,74.80000305175781,74.72935485839844
2026-04-17,76.7300033569336,76.65753173828125
2026-04-20,76.2699966430664,76.19795989990234
2026-04-21,75.66999816894531,75.59851837158203
2026-04-22,78.18000030517578,78.10615539550781
2026-04-23,77.30000305175781,77.22698974609375
2026-04-24,80.23999786376953,80.1642074584961
2026-04-27,80.29000091552734,80.21416473388672
2026-04-28,78.66999816894531,78.59569549560547
2026-04-29,79.63999938964844,79.56478118896484
2026-04-30,81.05000305175781,80.97344970703125
2026-05-01,82.5999984741211,82.52198028564453
2026-05-04,82.27999877929688,82.20227813720703
2026-05-05,84.38999938964844,84.31028747558594
2026-05-06,87.8499984741211,87.76702117919922
2026-05-07,87.66000366210938,87.57720184326172
2026-05-08,91.72000122070312,91.63336944580078
2026-05-11,92.26000213623047,92.17285919189453
2026-05-12,90.69000244140625,90.60433959960938
2026-05-13,92.55000305175781,92.46258544921875
2026-05-14,93.9000015258789,93.81130981445312
2026-05-15,91.02999877929688,90.94402313232422
2026-05-18,90.19999694824219,90.11479949951172
2026-05-19,89.12999725341797,89.04580688476562
2026-05-20,92.05000305175781,91.96305847167969
2026-05-21,92.37999725341797,92.29273986816406
2026-05-22,93.0999984741211,93.0120620727539
2026-05-26,96.4000015258789,96.30894470214844
2026-05-27,96.19000244140625,96.0991439819336
2026-05-28,97.79000091552734,97.6976318359375
2026-05-29,98.45999908447266,98.36700439453125
2026-06-01,99.62999725341797,99.535888671875
2026-06-02,100.52999877929688,100.43504333496094
2026-06-03,100.0,99.90554809570312
2026-06-04,99.0199966430664,98.92646026611328
2026-06-05,89.54000091552734,89.4554214477539
2026-06-08,92.25,92.1628646850586
2026-06-09,90.12000274658203,90.03487396240234
2026-06-10,86.51000213623047,86.42829132080078
2026-06-11,92.18000030517578,92.09293365478516
2026-06-12,93.37999725341797,93.29180145263672
2026-06-15,99.18000030517578,99.08631896972656
2026-06-16,95.45999908447266,95.36982727050781
2026-06-17,93.55999755859375,93.47162628173828
2026-06-18,97.91000366210938,97.8175277709961
2026-06-22,97.68000030517578,97.58773803710938
2026-06-23,91.22000122070312,91.13384246826172
2026-06-24,90.37000274658203,90.34505462646484
2026-06-25,91.7699966430664,91.74466705322266
2026-06-26,89.12000274658203,89.09540557861328
2026-06-29,93.68000030517578,93.65414428710938
2026-06-30,96.76000213623047,96.73329162597656
2026-07-01,93.9000015258789,93.87408447265625
2026-07-02,90.61000061035156,90.58499145507812
2026-07-06,93.13999938964844,93.11428833007812
2026-07-07,89.69000244140625,89.66524505615234
2026-07-08,90.13999938964844,90.11511993408203
2026-07-09,93.13999938964844,93.11428833007812
2026-07-10,93.69999694824219,93.67413330078125
2026-07-13,90.12999725341797,90.10511779785156
2026-07-14,92.12999725341797,92.10456848144531
2026-07-15,91.61000061035156,91.584716796875
2026-07-16,88.56999969482422,88.5455551147461
2026-07-17,85.91000366210938,85.88629150390625
2026-07-20,86.02999877929688,86.0062484741211
2026-07-21,89.2300033569336,89.20537567138672
2026-07-22,88.27999877929688,88.25563049316406
2026-07-23,85.0,84.9765396118164
2026-07-24,83.0,82.97708892822266
2026-07-27,82.4800033569336,82.45723724365234
2026-07-28,80.87000274658203,80.8476791381836
2026-07-29,77.58000183105469,77.55858612060547
2026-07-30,82.68000030517578,82.65718078613281
2026-07-31,83.66999816894531,83.64690399169922
2026-08-03,86.62000274658203,86.5960922241211
2026-08-04,92.45999908447266,92.43447875976562
2026-08-05,90.80000305175781,90.77494049072266
2026-08-06,90.12999725341797,90.10511779785156
2026-08-07,92.20999908447266,92.1845474243164
2026-08-10,91.62999725341797,91.60470581054688
2026-08-11,90.9800033569336,90.95488739013672
2026-08-12,92.31999969482422,92.29451751708984
2026-08-13,94.43000030517578,94.40393829345703
2026-08-14,94.1500015258789,94.12401580810547
2026-08-17,93.83999633789062,93.81409454345703
2026-08-18,90.6500015258789,90.6249771118164
2026-08-19,90.25,90.22509002685547
2026-08-20,88.94999694824219,88.92544555664062
2026-08-21,89.52999877929688,89.50528717041016
2026-08-24,87.72000122070312,87.69578552246094
2026-08-25,88.80000305175781,88.7754898071289
2026-08-26,88.93000030517578,88.90545654296875
2026-08-27,91.37999725341797,91.35477447509766
2026-08-28,90.16999816894531,90.14511108398438
2026-08-31,90.23999786376953,90.215087890625
2026-09-01,87.91999816894531,87.8957290649414
2026-09-02,88.30999755859375,88.2856216430664
2026-09-03,90.37999725341797,90.35504913330078
2026-09-04,90.68000030517578,90.65496826171875
2026-09-08,90.52999877929688,90.50501251220703
2026-09-09,89.9800033569336,89.95516967773438
2026-09-10,88.0199966430664,87.99569702148438
2026-09-11,89.55000305175781,89.52528381347656
2026-09-14,88.0999984741211,88.07568359375
2026-09-15,86.95999908447266,86.93599700927734
2026-09-16,86.95999908447266,86.93599700927734
2026-09-17,89.94000244140625,89.91517639160156
2026-09-18,91.0,90.97488403320312
2026-09-21,96.2699966430664,96.24342346191406
2026-09-22,97.81999969482422,97.79299926757812
2026-09-23,96.16000366210938,96.16000366210938
2026-09-24,96.0999984741211,96.0999984741211
2026-09-25,96.94999694824219,96.94999694824219
2026-09-28,94.87000274658203,94.87000274658203
2026-09-29,95.22000122070312,95.22000122070312
2026-09-30,95.6500015258789,95.6500015258789
2026-10-01,96.23999786376953,96.23999786376953
2026-10-02,98.12999725341797,98.12999725341797
2026-10-05,99.83999633789062,99.83999633789062
2026-10-06,100.7699966430664,100.7699966430664
