Date,Close,AdjClose
1999-03-10,51.0625,42.98225784301758
1999-03-11,51.3125,43.192718505859375
1999-03-12,50.0625,42.1405143737793
1999-03-15,51.5,43.35054397583008
1999-03-16,51.9375,43.718788146972656
1999-03-17,51.5625,43.40314865112305
1999-03-18,52.5625,44.244903564453125
1999-03-19,51.21875,43.113800048828125
1999-03-22,50.59375,42.58769607543945
1999-03-23,48.8125,41.088314056396484
1999-03-24,50.46875,42.482479095458984
1999-03-25,52.3125,44.034461975097656
1999-03-26,51.75,43.560970306396484
1999-03-29,53.625,45.13926696777344
1999-03-30,53.25,44.8236083984375
1999-03-31,52.46875,44.16600036621094
1999-04-01,53.5625,45.086669921875
1999-04-05,55.5,46.71757888793945
1999-04-06,55.609375,46.809627532958984
1999-04-07,55.03125,46.3229866027832
1999-04-08,55.46875,46.6912727355957
1999-04-09,55.8125,46.980613708496094
1999-04-12,55.4375,46.664947509765625
1999-04-13,54.6875,46.03364181518555
1999-04-14,52.8125,44.45532989501953
1999-04-15,53.53125,45.060367584228516
1999-04-16,51.96875,43.74510192871094
1999-04-19,49.53125,41.69334411621094
1999-04-20,50.65625,42.64030075073242
1999-04-21,53.15625,44.74470138549805
1999-04-22,54.59375,45.95472717285156
1999-04-23,55.3125,46.55975341796875
1999-04-26,56.5859375,47.63166046142578
1999-04-27,55.71875,46.90169143676758
1999-04-28,53.8125,45.29711151123047
1999-04-29,53.375,44.92882537841797
1999-04-30,53.71875,45.21818161010742
1999-05-03,53.4375,44.98145294189453
1999-05-04,52.59375,44.271217346191406
1999-05-05,54.1875,45.612770080566406
1999-05-06,52.21875,43.955535888671875
1999-05-07,52.96875,44.58687210083008
1999-05-10,53.5,45.03404235839844
1999-05-11,54.34375,45.744266510009766
1999-05-12,55.46875,46.6912727355957
1999-05-13,54.4375,45.82320785522461
1999-05-14,53.40625,44.95512771606445
1999-05-17,54.3671875,45.76401901245117
1999-05-18,54.125,45.560157775878906
1999-05-19,54.875,46.19146728515625
1999-05-20,53.3671875,44.92226028442383
1999-05-21,52.875,44.5079460144043
1999-05-24,51.53125,43.3768424987793
1999-05-25,49.84375,41.956382751464844
1999-05-26,51.234375,43.12693786621094
1999-05-27,51.1875,43.087467193603516
1999-05-28,52.03125,43.797725677490234
1999-06-01,50.875,42.824432373046875
1999-06-02,51.734375,43.54781723022461
1999-06-03,51.0,42.92967224121094
1999-06-04,52.5625,44.244903564453125
1999-06-07,53.65625,45.16557693481445
1999-06-08,52.3125,44.034461975097656
1999-06-09,53.1875,44.7710075378418
1999-06-10,52.578125,44.258052825927734
1999-06-11,51.78125,43.5872688293457
1999-06-14,50.8046875,42.7652702331543
1999-06-15,51.5625,43.40314865112305
1999-06-16,54.2109375,45.63249969482422
1999-06-17,54.8125,46.13884735107422
1999-06-18,55.0625,46.34928894042969
1999-06-21,56.7109375,47.736873626708984
1999-06-22,55.0,46.29667282104492
1999-06-23,55.8671875,47.02664566040039
1999-06-24,54.7578125,46.092803955078125
1999-06-25,54.6875,46.03364181518555
1999-06-28,55.984375,47.12530517578125
1999-06-29,56.75,47.769771575927734
1999-06-30,57.625,48.506317138671875
1999-07-01,58.015625,48.83511734008789
1999-07-02,58.75,49.453277587890625
1999-07-06,58.375,49.13763427734375
1999-07-07,58.46875,49.21652603149414
1999-07-08,59.25,49.87416076660156
1999-07-09,59.84375,50.373939514160156
1999-07-12,59.53125,50.110897064208984
1999-07-13,59.25,49.87416076660156
1999-07-14,60.2578125,50.72248458862305
1999-07-15,60.8125,51.18939971923828
1999-07-16,61.375,51.66286849975586
1999-07-19,60.75,51.13679885864258
1999-07-20,58.40625,49.1639404296875
1999-07-21,58.6875,49.400672912597656
1999-07-22,57.1953125,48.14460754394531
1999-07-23,57.28125,48.216949462890625
1999-07-26,55.875,47.03322982788086
1999-07-27,57.0,47.98019027709961
1999-07-28,58.1171875,48.92060089111328
1999-07-29,56.875,47.87499237060547
1999-07-30,56.59375,47.63825607299805
1999-08-02,56.4375,47.5067138671875
1999-08-03,56.0703125,47.19763946533203
1999-08-04,55.0546875,46.34271240234375
1999-08-05,55.9296875,47.07927322387695
1999-08-06,55.328125,46.57290267944336
1999-08-09,54.6171875,45.97443771362305
1999-08-10,54.125,45.560157775878906
1999-08-11,55.90625,47.059532165527344
1999-08-12,55.25,46.50712203979492
1999-08-13,57.65625,48.532615661621094
1999-08-16,58.1171875,48.92060089111328
1999-08-17,58.40625,49.1639404296875
1999-08-18,57.75,48.61151885986328
1999-08-19,57.0625,48.03282165527344
1999-08-20,57.96875,48.79564666748047
1999-08-23,59.8125,50.347660064697266
1999-08-24,60.21875,50.689605712890625
1999-08-25,61.5,51.768123626708984
1999-08-26,60.4765625,50.906639099121094
1999-08-27,59.875,50.40028762817383
1999-08-30,59.03125,49.690025329589844
1999-08-31,59.6875,50.2424430847168
1999-09-01,60.1171875,50.60409927368164
1999-09-02,59.90625,50.426551818847656
1999-09-03,62.65625,52.74138641357422
1999-09-07,62.375,52.50464630126953
1999-09-08,61.53125,51.79442596435547
1999-09-09,62.40625,52.530967712402344
1999-09-10,63.125,53.13595962524414
1999-09-13,62.3671875,52.498069763183594
1999-09-14,62.7109375,52.78743362426758
1999-09-15,61.5,51.768123626708984
1999-09-16,61.46875,51.74180603027344
1999-09-17,63.3125,53.29379653930664
1999-09-20,63.4609375,53.41875076293945
1999-09-21,61.9375,52.136390686035156
1999-09-22,62.59375,52.68879699707031
1999-09-23,60.0,50.50547790527344
1999-09-24,60.078125,50.57123565673828
1999-09-27,60.5,50.92634963989258
1999-09-28,60.78125,51.163108825683594
1999-09-29,59.5625,50.1372184753418
1999-09-30,60.1875,50.66330337524414
1999-10-01,60.2109375,50.683040618896484
1999-10-04,61.5625,51.82072448730469
1999-10-05,62.0,52.18900680541992
1999-10-06,63.2421875,53.2346076965332
1999-10-07,63.09375,53.10967254638672
1999-10-08,63.7578125,53.66864013671875
1999-10-11,64.65625,54.42491912841797
1999-10-12,63.1875,53.18859100341797
1999-10-13,61.3125,51.61029052734375
1999-10-14,61.6953125,51.93251037597656
1999-10-15,59.875,50.40028762817383
1999-10-18,59.1171875,49.76236343383789
1999-10-19,59.4375,50.031982421875
1999-10-20,61.25,51.557674407958984
1999-10-21,62.25,52.3994255065918
1999-10-22,61.96875,52.16270065307617
1999-10-25,62.0,52.18900680541992
1999-10-26,61.5,51.768123626708984
1999-10-27,61.40625,51.68918228149414
1999-10-28,63.53125,53.477935791015625
1999-10-29,65.75,55.34556579589844
1999-11-01,65.40625,55.05623245239258
1999-11-02,65.4453125,55.089111328125
1999-11-03,66.75,56.18734359741211
1999-11-04,67.5,56.818660736083984
1999-11-05,68.1875,57.39738464355469
1999-11-08,69.5625,58.554771423339844
1999-11-09,69.09375,58.16021728515625
1999-11-10,70.0,58.92304611206055
1999-11-11,71.25,59.97524642944336
1999-11-12,72.1875,60.76439666748047
1999-11-15,72.046875,60.64604568481445
1999-11-16,73.875,62.184837341308594
1999-11-17,72.875,61.343101501464844
1999-11-18,75.109375,63.223934173583984
1999-11-19,75.78125,63.78946304321289
1999-11-22,74.625,62.81614303588867
1999-11-23,74.96875,63.10553741455078
1999-11-24,77.4375,65.18365478515625
1999-11-26,77.6875,65.3940658569336
1999-11-29,76.40625,64.3155517578125
1999-11-30,73.5,61.86920166015625
1999-12-01,75.09375,63.210777282714844
1999-12-02,77.4765625,65.2165298461914
1999-12-03,79.125,66.60408020019531
1999-12-06,79.84375,67.20909881591797
1999-12-07,79.84375,67.20909881591797
1999-12-08,78.875,66.39368438720703
1999-12-09,79.25,66.7093276977539
1999-12-10,79.90625,67.26171112060547
1999-12-13,80.9921875,68.17581176757812
1999-12-14,79.53125,66.94607543945312
1999-12-15,81.0625,68.2350082397461
1999-12-16,83.0625,69.91853332519531
1999-12-17,83.78125,70.52354431152344
1999-12-20,84.875,71.44420623779297
1999-12-21,89.4375,75.2847671508789
1999-12-22,89.15625,75.04798126220703
1999-12-23,90.21875,75.94239044189453
1999-12-27,89.6875,75.49512481689453
1999-12-28,89.125,75.02166748046875
1999-12-29,92.5,77.86258697509766
1999-12-30,91.5,77.0208740234375
1999-12-31,91.375,76.91563415527344
2000-01-03,94.75,79.75658416748047
2000-01-04,88.25,74.28512573242188
2000-01-05,86.0,72.3912353515625
2000-01-06,80.09375,67.41951751708984
2000-01-07,90.0,75.75824737548828
2000-01-10,92.5,77.86258697509766
2000-01-11,88.0,74.07469940185547
2000-01-12,86.0625,72.44377899169922
2000-01-13,91.25,76.81040954589844
2000-01-14,93.375,78.59912872314453
2000-01-18,93.875,79.02003479003906
2000-01-19,96.0,80.80878448486328
2000-01-20,95.0625,80.01959228515625
2000-01-21,96.25,81.01923370361328
2000-01-24,91.625,77.12610626220703
2000-01-25,93.0,78.28347778320312
2000-01-26,89.25,75.12690734863281
2000-01-27,90.5625,76.23170471191406
2000-01-28,86.0,72.3912353515625
2000-01-31,89.6875,75.49512481689453
2000-02-01,92.09375,77.5206527709961
2000-02-02,92.875,78.17827606201172
2000-02-03,96.5,81.2296371459961
2000-02-04,97.15625,81.78203582763672
2000-02-07,98.5,82.91312408447266
2000-02-08,102.625,86.38543701171875
2000-02-09,99.0,83.33404541015625
2000-02-10,102.25,86.06979370117188
2000-02-11,99.875,84.07057189941406
2000-02-14,99.75,83.9653549194336
2000-02-15,100.46875,84.57038116455078
2000-02-16,100.0,84.1758041381836
2000-02-17,102.125,85.96451568603516
2000-02-18,98.4375,82.86054992675781
2000-02-22,98.75,83.12358856201172
2000-02-23,104.25,87.75325775146484
2000-02-24,106.5,89.647216796875
2000-02-25,104.0625,87.59545135498047
2000-02-28,104.0,87.5428466796875
2000-02-29,106.75,89.85765075683594
2000-03-01,107.625,90.59422302246094
2000-03-02,105.1328125,88.49642944335938
2000-03-03,111.0625,93.48774719238281
2000-03-06,111.9375,94.22431182861328
2000-03-07,110.25,92.80382537841797
2000-03-08,111.25,93.64556884765625
2000-03-09,115.0,96.80215454101562
2000-03-10,114.5,96.38128662109375
2000-03-13,111.5,93.85602569580078
2000-03-14,107.375,90.3838119506836
2000-03-15,102.875,86.5958480834961
2000-03-16,108.75,91.54116821289062
2000-03-17,110.8125,93.27730560302734
2000-03-20,107.6875,90.64680480957031
2000-03-21,111.75,94.06645965576172
2000-03-22,114.0,95.96038055419922
2000-03-23,116.0,97.64393615722656
2000-03-24,117.5625,98.95921325683594
2000-03-27,117.75,99.11701965332031
2000-03-28,114.75,96.59171295166016
2000-03-29,110.0,92.59334564208984
2000-03-30,107.25,90.27853393554688
2000-03-31,109.5,92.1725082397461
2000-04-03,102.9375,86.6484603881836
2000-04-04,101.9375,85.80673217773438
2000-04-05,100.125,84.2810287475586
2000-04-06,102.5,86.28021240234375
2000-04-07,106.625,89.75243377685547
2000-04-10,100.125,84.2810287475586
2000-04-11,97.75,82.28182983398438
2000-04-12,92.0,77.44174194335938
2000-04-13,88.0,74.07469940185547
2000-04-14,80.375,67.65630340576172
2000-04-17,89.625,75.44257354736328
2000-04-18,92.0,77.44174194335938
2000-04-19,89.1875,75.07430267333984
2000-04-20,87.25,73.44338989257812
2000-04-24,84.75,71.33898162841797
2000-04-25,90.46875,76.15280151367188
2000-04-26,87.375,73.54861450195312
2000-04-27,91.25,76.81040954589844
2000-04-28,94.75,79.75658416748047
2000-05-01,95.625,80.49311065673828
2000-05-02,90.125,75.8634262084961
2000-05-03,89.125,75.02166748046875
2000-05-04,89.3125,75.17953491210938
2000-05-05,91.4375,76.96823120117188
2000-05-08,87.875,73.96954345703125
2000-05-09,86.0,72.3912353515625
2000-05-10,79.75,67.13018035888672
2000-05-11,84.625,71.2337417602539
2000-05-12,84.625,71.2337417602539
2000-05-15,88.3125,74.3377685546875
2000-05-16,90.8125,76.44213104248047
2000-05-17,88.9375,74.86383056640625
2000-05-18,85.75,72.18072509765625
2000-05-19,81.6875,68.76112365722656
2000-05-22,81.625,68.70849609375
2000-05-23,74.8125,62.97400665283203
2000-05-24,79.5,66.91972351074219
2000-05-25,77.75,65.44667053222656
2000-05-26,77.75,65.44667053222656
2000-05-30,85.5625,72.02291870117188
2000-05-31,83.125,69.97113037109375
2000-06-01,87.375,73.54861450195312
2000-06-02,93.625,78.80957794189453
2000-06-05,93.859375,79.00691223144531
2000-06-06,91.25,76.81040954589844
2000-06-07,93.6875,78.8621826171875
2000-06-08,93.25,78.49393463134766
2000-06-09,93.75,78.91481018066406
2000-06-12,90.75,76.38955688476562
2000-06-13,94.25,79.33568572998047
2000-06-14,92.125,77.54691314697266
2000-06-15,93.75,78.91481018066406
2000-06-16,94.25,79.33568572998047
2000-06-19,98.0,82.49229431152344
2000-06-20,97.625,82.17662811279297
2000-06-21,98.875,83.22879791259766
2000-06-22,95.25,80.1774673461914
2000-06-23,91.5,77.0208740234375
2000-06-26,94.0,79.1252212524414
2000-06-27,92.875,78.17827606201172
2000-06-28,94.0,79.1252212524414
2000-06-29,91.640625,77.1392593383789
2000-06-30,93.4375,78.65177154541016
2000-07-03,95.25,80.1774673461914
2000-07-05,91.5625,77.0734634399414
2000-07-06,94.0,79.1252212524414
2000-07-07,95.9375,80.75616455078125
2000-07-10,94.484375,79.53297424316406
2000-07-11,95.0,79.96701049804688
2000-07-12,97.25,81.8609619140625
2000-07-13,98.5,82.91312408447266
2000-07-14,100.625,84.70191192626953
2000-07-17,101.75,85.64886474609375
2000-07-18,99.5,83.75492095947266
2000-07-19,97.25,81.8609619140625
2000-07-20,100.375,84.4914779663086
2000-07-21,97.0,81.65048217773438
2000-07-24,95.0,79.96701049804688
2000-07-25,95.75,80.59834289550781
2000-07-26,95.625,80.49311065673828
2000-07-27,91.875,77.33653259277344
2000-07-28,86.875,73.12769317626953
2000-07-31,89.4375,75.2847671508789
2000-08-01,88.25,74.28512573242188
2000-08-02,86.6875,72.96986389160156
2000-08-03,90.4375,76.12646484375
2000-08-04,90.125,75.8634262084961
2000-08-07,92.25,77.65216064453125
2000-08-08,94.125,79.23046875
2000-08-09,91.625,77.12610626220703
2000-08-10,89.8125,75.60040283203125
2000-08-11,91.0625,76.65263366699219
2000-08-14,93.0,78.28347778320312
2000-08-15,93.0,78.28347778320312
2000-08-16,93.9375,79.0726318359375
2000-08-17,95.75,80.59834289550781
2000-08-18,95.25,80.1774673461914
2000-08-21,95.5,80.38788604736328
2000-08-22,95.5,80.38788604736328
2000-08-23,97.0625,81.70317077636719
2000-08-24,98.5625,82.96576690673828
2000-08-25,98.03125,82.51860046386719
2000-08-28,98.5,82.91312408447266
2000-08-29,99.0,83.33404541015625
2000-08-30,98.875,83.22879791259766
2000-08-31,101.625,85.54363250732422
2000-09-01,102.625,86.38543701171875
2000-09-05,99.5,83.75492095947266
2000-09-06,96.0,80.80878448486328
2000-09-07,98.125,82.59749603271484
2000-09-08,95.125,80.07222747802734
2000-09-11,92.8125,78.12564849853516
2000-09-12,91.375,76.91563415527344
2000-09-13,93.5,78.70439910888672
2000-09-14,93.0,78.28347778320312
2000-09-15,91.3125,76.86304473876953
2000-09-18,89.875,75.65298461914062
2000-09-19,93.1875,78.44132232666016
2000-09-20,94.625,79.65135955810547
2000-09-21,87.75,73.8642807006836
2000-09-22,92.9375,78.23088836669922
2000-09-25,90.46875,76.15280151367188
2000-09-26,89.4375,75.2847671508789
2000-09-27,89.5625,75.38996887207031
2000-09-28,91.5625,77.0734634399414
2000-09-29,88.75,74.70600891113281
2000-10-02,86.75,73.02255249023438
2000-10-03,84.0,70.70768737792969
2000-10-04,85.625,72.0755386352539
2000-10-05,85.875,72.28594207763672
2000-10-06,83.0,69.86591339111328
2000-10-09,82.625,69.55028533935547
2000-10-10,78.3125,65.92015838623047
2000-10-11,77.0625,64.86796569824219
2000-10-12,75.125,63.23709487915039
2000-10-13,81.25,68.39281463623047
2000-10-16,82.0,69.02415466308594
2000-10-17,78.25,65.86756896972656
2000-10-18,78.0,65.65715789794922
2000-10-19,85.0625,71.60204315185547
2000-10-20,86.3125,72.65422821044922
2000-10-23,86.1875,72.54901123046875
2000-10-24,82.5,69.44506072998047
2000-10-25,77.875,65.55188751220703
2000-10-26,79.875,67.23540496826172
2000-10-27,79.71875,67.10391998291016
2000-10-30,76.765625,64.61808013916016
2000-10-31,81.703125,68.77428436279297
2000-11-01,81.0,68.18236541748047
2000-11-02,82.0,69.02415466308594
2000-11-03,83.0625,69.91853332519531
2000-11-06,82.4375,69.39241790771484
2000-11-07,82.125,69.12937927246094
2000-11-08,75.703125,63.72370529174805
2000-11-09,75.6875,63.71055221557617
2000-11-10,71.75,60.3961296081543
2000-11-13,71.859375,60.48819351196289
2000-11-14,75.84375,63.842071533203125
2000-11-15,77.375,65.13101196289062
2000-11-16,72.875,61.343101501464844
2000-11-17,72.828125,61.303653717041016
2000-11-20,69.859375,58.8046760559082
2000-11-21,69.75,58.71262741088867
2000-11-22,66.625,56.08213806152344
2000-11-24,70.4375,59.29133605957031
2000-11-27,69.5625,58.554771423339844
2000-11-28,65.453125,55.09568786621094
2000-11-29,62.9375,52.97814178466797
2000-11-30,62.984375,53.017601013183594
2000-12-01,64.0,53.87251663208008
2000-12-04,65.0,54.71427536010742
2000-12-05,70.6875,59.50178146362305
2000-12-06,68.0,57.239540100097656
2000-12-07,66.5,55.97688674926758
2000-12-08,68.0,57.239540100097656
2000-12-11,74.375,62.605743408203125
2000-12-12,71.65625,60.317230224609375
2000-12-13,68.734375,57.85773468017578
2000-12-14,65.375,55.02992630004883
2000-12-15,63.875,53.76729965209961
2000-12-18,64.0,53.87251663208008
2000-12-19,59.125,49.76892852783203
2000-12-20,55.734375,46.914859771728516
2000-12-21,56.0625,47.19105529785156
2000-12-22,60.5,50.92634963989258
2000-12-26,60.875,51.24203109741211
2000-12-27,61.5625,51.82072448730469
2000-12-28,61.4375,51.71549987792969
2000-12-29,58.375,49.13763427734375
2001-01-02,53.4375,44.98145294189453
2001-01-03,62.4375,52.55727767944336
2001-01-04,61.3125,51.61029052734375
2001-01-05,56.625,47.664546966552734
2001-01-08,57.25,48.190643310546875
2001-01-09,57.25,48.190643310546875
2001-01-10,60.1875,50.66330337524414
2001-01-11,61.9375,52.136390686035156
2001-01-12,62.734375,52.80718231201172
2001-01-16,61.984375,52.17584991455078
2001-01-17,63.875,53.76729965209961
2001-01-18,66.5625,56.02950668334961
2001-01-19,66.3125,55.8190803527832
2001-01-22,66.375,55.87169647216797
2001-01-23,67.765625,57.04224395751953
2001-01-24,67.125,56.503028869628906
2001-01-25,64.5,54.29339599609375
2001-01-26,65.546875,55.17460632324219
2001-01-29,67.0,56.397796630859375
2001-01-30,66.75,56.18734359741211
2001-01-31,64.30000305175781,54.12504959106445
2001-02-01,65.1500015258789,54.84054183959961
2001-02-02,61.54999923706055,51.81019592285156
2001-02-05,61.5,51.768123626708984
2001-02-06,61.599998474121094,51.852294921875
2001-02-07,60.599998474121094,51.01052474975586
2001-02-08,58.790000915527344,49.48695373535156
2001-02-09,56.400001525878906,47.47514724731445
2001-02-12,57.08000183105469,48.04755783081055
2001-02-13,55.25,46.50712203979492
2001-02-14,57.45000076293945,48.3590087890625
2001-02-15,58.400001525878906,49.1586799621582
2001-02-16,55.130001068115234,46.406131744384766
2001-02-20,52.9900016784668,44.604759216308594
2001-02-21,51.5,43.35054397583008
2001-02-22,51.0,42.92967224121094
2001-02-23,51.18000030517578,43.08115768432617
2001-02-26,52.150001525878906,43.897666931152344
2001-02-27,49.0,41.24614715576172
2001-02-28,47.45000076293945,39.94141387939453
2001-03-01,48.79999923706055,41.077781677246094
2001-03-02,46.70000076293945,39.31010437011719
2001-03-05,47.54999923706055,40.02559280395508
2001-03-06,49.400001525878906,41.58285140991211
2001-03-07,49.41999816894531,41.59967803955078
2001-03-08,48.5,40.82524108886719
2001-03-09,45.099998474121094,37.96327590942383
2001-03-12,42.29999923706055,35.60634994506836
2001-03-13,44.45000076293945,37.41614532470703
2001-03-14,43.75,36.82692337036133
2001-03-15,42.150001525878906,35.480098724365234
2001-03-16,41.20000076293945,34.68043899536133
2001-03-19,43.2599983215332,36.41443634033203
2001-03-20,40.349998474121094,33.96492385864258
2001-03-21,40.349998474121094,33.96492385864258
2001-03-22,42.79999923706055,36.02724838256836
2001-03-23,42.79999923706055,36.02724838256836
2001-03-26,41.810001373291016,35.19389724731445
2001-03-27,43.25,36.406036376953125
2001-03-28,39.70000076293945,33.41780090332031
2001-03-29,38.95000076293945,32.78647232055664
2001-03-30,39.150001525878906,32.954833984375
2001-04-02,37.400001525878906,31.48175621032715
2001-04-03,34.65999984741211,29.175336837768555
2001-04-04,34.04999923706055,28.661861419677734
2001-04-05,37.310001373291016,31.406007766723633
2001-04-06,35.95000076293945,30.261198043823242
2001-04-09,37.04999923706055,31.187129974365234
2001-04-10,39.79999923706055,33.50197219848633
2001-04-11,41.0,34.51207733154297
2001-04-12,42.79999923706055,36.02724838256836
2001-04-16,40.25,33.88077163696289
2001-04-17,41.25,34.722530364990234
2001-04-18,45.54999923706055,38.342071533203125
2001-04-19,48.29999923706055,40.65690994262695
2001-04-20,48.400001525878906,40.7410888671875
2001-04-23,45.150001525878906,38.005367279052734
2001-04-24,44.29999923706055,37.28988265991211
2001-04-25,45.099998474121094,37.96327590942383
2001-04-26,43.95000076293945,36.99525833129883
2001-04-27,45.150001525878906,38.005367279052734
2001-04-30,46.150001525878906,38.84714889526367
2001-05-01,48.04999923706055,40.44646072387695
2001-05-02,48.97999954223633,41.22930145263672
2001-05-03,46.79999923706055,39.39427185058594
2001-05-04,48.20000076293945,40.57273864746094
2001-05-07,47.20000076293945,39.730987548828125
2001-05-08,48.20000076293945,40.57273864746094
2001-05-09,46.54999923706055,39.183841705322266
2001-05-10,45.77000045776367,38.52726364135742
2001-05-11,45.54999923706055,38.342071533203125
2001-05-14,44.81999969482422,37.72758102416992
2001-05-15,45.150001525878906,38.005367279052734
2001-05-16,47.150001525878906,39.68888854980469
2001-05-17,47.900001525878906,40.320220947265625
2001-05-18,48.040000915527344,40.43803405761719
2001-05-21,51.04999923706055,42.97174835205078
2001-05-22,50.900001525878906,42.845489501953125
2001-05-23,48.650001525878906,40.95150375366211
2001-05-24,49.900001525878906,42.00372314453125
2001-05-25,48.9900016784668,41.23773193359375
2001-05-29,46.119998931884766,38.82188034057617
2001-05-30,44.43000030517578,37.39931106567383
2001-05-31,44.72999954223633,37.65184783935547
2001-06-01,46.04999923706055,38.762962341308594
2001-06-04,45.83000183105469,38.57776641845703
2001-06-05,47.849998474121094,40.278114318847656
2001-06-06,47.47999954223633,39.96664810180664
2001-06-07,48.70000076293945,40.99361038208008
2001-06-08,47.349998474121094,39.85723876953125
2001-06-11,46.04999923706055,38.762962341308594
2001-06-12,45.79999923706055,38.55251693725586
2001-06-13,44.54999923706055,37.50031280517578
2001-06-14,42.25,35.56428146362305
2001-06-15,42.599998474121094,35.85888671875
2001-06-18,42.029998779296875,35.379093170166016
2001-06-19,41.81999969482422,35.20231246948242
2001-06-20,42.77000045776367,36.00198745727539
2001-06-21,43.349998474121094,36.49020004272461
2001-06-22,43.25,36.406036376953125
2001-06-25,43.36000061035156,36.498634338378906
2001-06-26,43.5099983215332,36.62489700317383
2001-06-27,43.790000915527344,36.86057662963867
2001-06-28,44.349998474121094,37.33198165893555
2001-06-29,45.70000076293945,38.46831512451172
2001-07-02,45.45000076293945,38.25788879394531
2001-07-03,45.63999938964844,38.417823791503906
2001-07-05,43.45000076293945,36.574398040771484
2001-07-06,41.650001525878906,35.05923843383789
2001-07-09,42.0099983215332,35.36223602294922
2001-07-10,40.5,34.091182708740234
2001-07-11,41.0,34.51207733154297
2001-07-12,43.599998474121094,36.700645446777344
2001-07-13,43.150001525878906,36.32185745239258
2001-07-16,42.349998474121094,35.648441314697266
2001-07-17,43.29999923706055,36.44810485839844
2001-07-18,41.650001525878906,35.05923843383789
2001-07-19,42.63999938964844,35.89257049560547
2001-07-20,41.650001525878906,35.05923843383789
2001-07-23,40.61000061035156,34.183807373046875
2001-07-24,40.150001525878906,33.796573638916016
2001-07-25,40.5,34.091182708740234
2001-07-26,41.099998474121094,34.59624099731445
2001-07-27,41.95000076293945,35.31175231933594
2001-07-30,41.70000076293945,35.10130310058594
2001-07-31,41.7599983215332,35.15180587768555
2001-08-01,43.099998474121094,36.27976608276367
2001-08-02,43.90999984741211,36.96160125732422
2001-08-03,43.18000030517578,36.347110748291016
2001-08-06,42.5,35.77470779418945
2001-08-07,42.279998779296875,35.58952713012695
2001-08-08,40.5,34.091182708740234
2001-08-09,40.66999816894531,34.23430633544922
2001-08-10,40.279998779296875,33.906002044677734
2001-08-13,41.099998474121094,34.59624099731445
2001-08-14,40.599998474121094,34.17538070678711
2001-08-15,39.099998474121094,32.912750244140625
2001-08-16,39.560001373291016,33.29994583129883
2001-08-17,37.7599983215332,31.78476905822754
2001-08-20,38.279998779296875,32.222511291503906
2001-08-21,36.689998626708984,30.884096145629883
2001-08-22,37.689998626708984,31.725839614868164
2001-08-23,37.31999969482422,31.414398193359375
2001-08-24,39.29999923706055,33.081085205078125
2001-08-27,39.349998474121094,33.1231803894043
2001-08-28,38.119998931884766,32.087806701660156
2001-08-29,37.560001373291016,31.616443634033203
2001-08-30,36.16999816894531,30.446392059326172
2001-08-31,36.630001068115234,30.83359146118164
2001-09-04,35.470001220703125,29.857139587402344
2001-09-05,35.33000183105469,29.73931884765625
2001-09-06,33.900001525878906,28.535593032836914
2001-09-07,33.70000076293945,28.367238998413086
2001-09-10,34.099998474121094,28.703937530517578
2001-09-17,31.200000762939453,26.262853622436523
2001-09-18,30.5,25.673622131347656
2001-09-19,29.969999313354492,25.22748374938965
2001-09-20,28.969999313354492,24.385726928710938
2001-09-21,28.190000534057617,23.729150772094727
2001-09-24,29.610000610351562,24.924455642700195
2001-09-25,29.700000762939453,25.000202178955078
2001-09-26,28.670000076293945,24.13319969177246
2001-09-27,28.479999542236328,23.97327423095703
2001-09-28,28.979999542236328,24.39415740966797
2001-10-01,28.729999542236328,24.183704376220703
2001-10-02,28.81999969482422,24.259458541870117
2001-10-03,31.0,26.09450340270996
2001-10-04,31.299999237060547,26.347028732299805
2001-10-05,31.760000228881836,26.734235763549805
2001-10-08,31.860000610351562,26.818408966064453
2001-10-09,31.09000015258789,26.17025375366211
2001-10-10,32.5,27.35713768005371
2001-10-11,34.70000076293945,29.209007263183594
2001-10-12,34.54999923706055,29.082735061645508
2001-10-15,34.400001525878906,28.956472396850586
2001-10-16,34.959999084472656,29.42784881591797
2001-10-17,32.45000076293945,27.315040588378906
2001-10-18,33.33000183105469,28.055782318115234
2001-10-19,33.54999923706055,28.240978240966797
2001-10-22,34.45000076293945,28.998565673828125
2001-10-23,34.630001068115234,29.150070190429688
2001-10-24,35.380001068115234,29.781404495239258
2001-10-25,36.79999923706055,30.976699829101562
2001-10-26,36.0099983215332,30.31170082092285
2001-10-29,34.040000915527344,28.6534481048584
2001-10-30,33.380001068115234,28.097885131835938
2001-10-31,33.900001525878906,28.535593032836914
2001-11-01,35.34000015258789,29.747718811035156
2001-11-02,35.599998474121094,29.96658706665039
2001-11-05,36.7599983215332,30.943017959594727
2001-11-06,38.189998626708984,32.14674377441406
2001-11-07,38.13999938964844,32.104644775390625
2001-11-08,37.75,31.776355743408203
2001-11-09,37.72999954223633,31.759540557861328
2001-11-12,38.0,31.986799240112305
2001-11-13,39.36000061035156,33.1315803527832
2001-11-14,39.63999938964844,33.36730194091797
2001-11-15,39.47999954223633,33.232601165771484
2001-11-16,39.369998931884766,33.14002227783203
2001-11-19,40.4900016784668,34.08279037475586
2001-11-20,38.619998931884766,32.508697509765625
2001-11-21,38.41999816894531,32.34033966064453
2001-11-23,39.279998779296875,33.06425476074219
2001-11-26,40.25,33.88077163696289
2001-11-27,40.20000076293945,33.838661193847656
2001-11-28,38.75,32.618133544921875
2001-11-29,39.95000076293945,33.628231048583984
2001-11-30,39.650001525878906,33.37569808959961
2001-12-03,38.970001220703125,32.803314208984375
2001-12-04,40.83000183105469,34.36897659301758
2001-12-05,42.849998474121094,36.0693244934082
2001-12-06,42.90999984741211,36.119834899902344
2001-12-07,41.72999954223633,35.126583099365234
2001-12-10,41.0,34.51207733154297
2001-12-11,41.22999954223633,34.7056884765625
2001-12-12,41.560001373291016,34.98347473144531
2001-12-13,39.7599983215332,33.46828842163086
2001-12-14,40.11000061035156,33.76291275024414
2001-12-17,40.79999923706055,34.34373092651367
2001-12-18,41.2599983215332,34.73092269897461
2001-12-19,40.5099983215332,34.09962844848633
2001-12-20,38.790000915527344,32.65179443359375
2001-12-21,39.47999954223633,33.232601165771484
2001-12-24,39.31999969482422,33.097938537597656
2001-12-26,39.689998626708984,33.409400939941406
2001-12-27,40.0099983215332,33.678733825683594
2001-12-28,40.33000183105469,33.94810485839844
2001-12-31,38.90999984741211,32.7528076171875
2002-01-02,40.11000061035156,33.76291275024414
2002-01-03,41.5,34.93295669555664
2002-01-04,41.66999816894531,35.07606506347656
2002-01-07,41.209999084472656,34.688846588134766
2002-01-08,41.4900016784668,34.92454528808594
2002-01-09,41.11000061035156,34.60468673706055
2002-01-10,41.380001068115234,34.83193588256836
2002-01-11,40.849998474121094,34.385799407958984
2002-01-14,39.959999084472656,33.636653900146484
2002-01-15,40.34000015258789,33.9565315246582
2002-01-16,38.779998779296875,32.64336395263672
2002-01-17,39.650001525878906,33.37569808959961
2002-01-18,38.59000015258789,32.48344421386719
2002-01-22,37.400001525878906,31.48175621032715
2002-01-23,38.43000030517578,32.34874725341797
2002-01-24,38.939998626708984,32.77804946899414
2002-01-25,38.83000183105469,32.68547439575195
2002-01-28,39.04999923706055,32.87065124511719
2002-01-29,37.97999954223633,31.96995735168457
2002-01-30,38.27000045776367,32.214080810546875
2002-01-31,38.5099983215332,32.41610336303711
2002-02-01,38.13999938964844,32.104644775390625
2002-02-04,36.91999816894531,31.07771873474121
2002-02-05,36.310001373291016,30.564226150512695
2002-02-06,36.060001373291016,30.353784561157227
2002-02-07,35.189998626708984,29.621461868286133
2002-02-08,36.16999816894531,30.446392059326172
2002-02-11,36.630001068115234,30.83359146118164
2002-02-12,36.33000183105469,30.581069946289062
2002-02-13,36.95000076293945,31.102941513061523
2002-02-14,36.880001068115234,31.044036865234375
2002-02-15,35.779998779296875,30.11809730529785
2002-02-19,34.68000030517578,29.19217300415039
2002-02-20,35.150001525878906,29.587793350219727
2002-02-21,33.47999954223633,28.182064056396484
2002-02-22,33.650001525878906,28.325170516967773
2002-02-25,35.0099983215332,29.469945907592773
2002-02-26,34.880001068115234,29.360517501831055
2002-02-27,34.400001525878906,28.956472396850586
2002-02-28,33.779998779296875,28.434585571289062
2002-03-01,35.7400016784668,30.084426879882812
2002-03-04,37.150001525878906,31.271297454833984
2002-03-05,37.41999816894531,31.498579025268555
2002-03-06,37.599998474121094,31.65011215209961
2002-03-07,37.68000030517578,31.717451095581055
2002-03-08,38.66999816894531,32.5507698059082
2002-03-11,38.529998779296875,32.43293380737305
2002-03-12,38.0,31.986799240112305
2002-03-13,37.08000183105469,31.21239471435547
2002-03-14,36.86000061035156,31.02721405029297
2002-03-15,37.22999954223633,31.338665008544922
2002-03-18,37.439998626708984,31.515417098999023
2002-03-19,37.380001068115234,31.464906692504883
2002-03-20,36.060001373291016,30.353784561157227
2002-03-21,37.02000045776367,31.161884307861328
2002-03-22,36.68000030517578,30.875694274902344
2002-03-25,35.560001373291016,29.932903289794922
2002-03-26,35.88999938964844,30.210691452026367
2002-03-27,35.61000061035156,29.975011825561523
2002-03-28,36.060001373291016,30.353784561157227
2002-04-01,36.75,30.934600830078125
2002-04-02,35.09000015258789,29.53727912902832
2002-04-03,35.029998779296875,29.48677635192871
2002-04-04,34.7599983215332,29.259521484375
2002-04-05,34.369998931884766,28.93121337890625
2002-04-08,34.79999923706055,29.293169021606445
2002-04-09,33.59000015258789,28.2746639251709
2002-04-10,33.84000015258789,28.485095977783203
2002-04-11,33.0,27.77800941467285
2002-04-12,33.52000045776367,28.21571159362793
2002-04-15,33.790000915527344,28.443010330200195
2002-04-16,35.20000076293945,29.62989044189453
2002-04-17,35.02000045776367,29.478370666503906
2002-04-18,34.349998474121094,28.914386749267578
2002-04-19,34.459999084472656,29.00697898864746
2002-04-22,33.59000015258789,28.2746639251709
2002-04-23,33.0099983215332,27.78642463684082
2002-04-24,32.5,27.35713768005371
2002-04-25,32.41999816894531,27.289793014526367
2002-04-26,31.040000915527344,26.1281681060791
2002-04-29,31.1200008392334,26.19550895690918
2002-04-30,31.729999542236328,26.708982467651367
2002-05-01,31.559999465942383,26.565879821777344
2002-05-02,30.510000228881836,25.682035446166992
2002-05-03,29.739999771118164,25.033876419067383
2002-05-06,28.969999313354492,24.385726928710938
2002-05-07,28.700000762939453,24.158456802368164
2002-05-08,31.770000457763672,26.742650985717773
2002-05-09,30.950000762939453,26.05241584777832
2002-05-10,29.559999465942383,24.882362365722656
2002-05-13,30.760000228881836,25.89247703552246
2002-05-14,32.56999969482422,27.416059494018555
2002-05-15,32.810001373291016,27.618078231811523
2002-05-16,32.86000061035156,27.6601619720459
2002-05-17,32.93000030517578,27.719097137451172
2002-05-20,32.209999084472656,27.113019943237305
2002-05-21,31.329999923706055,26.37227439880371
2002-05-22,31.399999618530273,26.431201934814453
2002-05-23,32.029998779296875,26.96150779724121
2002-05-24,31.239999771118164,26.296512603759766
2002-05-28,31.100000381469727,26.178667068481445
2002-05-29,30.280000686645508,25.488441467285156
2002-05-30,30.540000915527344,25.70728874206543
2002-05-31,30.040000915527344,25.286413192749023
2002-06-03,28.979999542236328,24.39415740966797
2002-06-04,29.360000610351562,24.71401596069336
2002-06-05,29.65999984741211,24.966541290283203
2002-06-06,28.8799991607666,24.309965133666992
2002-06-07,28.299999237060547,23.821762084960938
2002-06-10,28.25,23.779666900634766
2002-06-11,27.459999084472656,23.11467742919922
2002-06-12,27.860000610351562,23.451383590698242
2002-06-13,27.68000030517578,23.29987144470215
2002-06-14,27.6200008392334,23.249357223510742
2002-06-17,28.559999465942383,24.040611267089844
2002-06-18,29.020000457763672,24.427820205688477
2002-06-19,27.34000015258789,23.013662338256836
2002-06-20,26.459999084472656,22.272905349731445
2002-06-21,25.81999969482422,21.734195709228516
2002-06-24,26.329999923706055,22.163480758666992
2002-06-25,25.459999084472656,21.4311580657959
2002-06-26,25.649999618530273,21.59109115600586
2002-06-27,26.209999084472656,22.062469482421875
2002-06-28,26.100000381469727,21.96988296508789
2002-07-01,24.850000381469727,20.917682647705078
2002-07-02,23.950000762939453,20.160110473632812
2002-07-03,24.75,20.833511352539062
2002-07-05,26.34000015258789,22.171892166137695
2002-07-08,25.3799991607666,21.363821029663086
2002-07-09,24.65999984741211,20.757755279541016
2002-07-10,23.899999618530273,20.118024826049805
2002-07-11,24.799999237060547,20.875595092773438
2002-07-12,24.799999237060547,20.875595092773438
2002-07-15,25.56999969482422,21.523754119873047
2002-07-16,25.190000534057617,21.203882217407227
2002-07-17,25.649999618530273,21.59109115600586
2002-07-18,24.729999542236328,20.81667709350586
2002-07-19,23.989999771118164,20.193775177001953
2002-07-22,23.399999618530273,19.69713592529297
2002-07-23,22.399999618530273,18.855377197265625
2002-07-24,23.6200008392334,19.882326126098633
2002-07-25,22.25,18.72911262512207
2002-07-26,22.670000076293945,19.08264923095703
2002-07-29,23.829999923706055,20.05908966064453
2002-07-30,24.309999465942383,20.463134765625
2002-07-31,23.850000381469727,20.075927734375
2002-08-01,22.729999542236328,19.13315773010254
2002-08-02,22.25,18.72911262512207
2002-08-05,21.440000534057617,18.04730224609375
2002-08-06,22.5,18.93956184387207
2002-08-07,22.799999237060547,19.192079544067383
2002-08-08,23.56999969482422,19.840227127075195
2002-08-09,23.329999923706055,19.63820457458496
2002-08-12,23.399999618530273,19.69713592529297
2002-08-13,22.600000381469727,19.023725509643555
2002-08-14,24.040000915527344,20.235851287841797
2002-08-15,24.530000686645508,20.648324966430664
2002-08-16,24.700000762939453,20.791425704956055
2002-08-19,25.299999237060547,21.29647445678711
2002-08-20,25.190000534057617,21.203882217407227
2002-08-21,25.75,21.67527198791504
2002-08-22,26.15999984741211,22.020383834838867
2002-08-23,25.149999618530273,21.170209884643555
2002-08-26,25.25,21.254383087158203
2002-08-27,24.3700008392334,20.51363754272461
2002-08-28,23.479999542236328,19.764490127563477
2002-08-29,23.790000915527344,20.025421142578125
2002-08-30,23.489999771118164,19.772903442382812
2002-09-03,22.639999389648438,19.057405471801758
2002-09-04,22.729999542236328,19.13315773010254
2002-09-05,22.170000076293945,18.661771774291992
2002-09-06,22.850000381469727,19.23415756225586
2002-09-09,23.079999923706055,19.427772521972656
2002-09-10,23.649999618530273,19.907569885253906
2002-09-11,23.450000762939453,19.73922348022461
2002-09-12,22.809999465942383,19.20049476623535
2002-09-13,22.989999771118164,19.352018356323242
2002-09-16,22.65999984741211,19.07423973083496
2002-09-17,22.18000030517578,18.670190811157227
2002-09-18,21.93000030517578,18.459753036499023
2002-09-19,21.579999923706055,18.165138244628906
2002-09-20,21.670000076293945,18.24089813232422
2002-09-23,21.020000457763672,17.693754196166992
2002-09-24,21.030000686645508,17.702163696289062
2002-09-25,21.8700008392334,18.409252166748047
2002-09-26,21.600000381469727,18.18198013305664
2002-09-27,21.309999465942383,17.937864303588867
2002-09-30,20.719999313354492,17.441226959228516
2002-10-01,21.979999542236328,18.5018310546875
2002-10-02,21.25,17.887353897094727
2002-10-03,20.739999771118164,17.458057403564453
2002-10-04,20.350000381469727,17.129772186279297
2002-10-07,20.15999984741211,16.96984100341797
2002-10-08,20.200000762939453,17.003511428833008
2002-10-09,20.059999465942383,16.885671615600586
2002-10-10,21.079999923706055,17.744258880615234
2002-10-11,22.219999313354492,18.70386505126953
2002-10-14,22.479999542236328,18.922719955444336
2002-10-15,23.559999465942383,19.831815719604492
2002-10-16,22.780000686645508,19.175249099731445
2002-10-17,23.549999237060547,19.823392868041992
2002-10-18,23.809999465942383,20.042255401611328
2002-10-21,24.290000915527344,20.446300506591797
2002-10-22,24.139999389648438,20.320030212402344
2002-10-23,24.600000381469727,20.707250595092773
2002-10-24,23.979999542236328,20.185354232788086
2002-10-25,24.700000762939453,20.791425704956055
2002-10-28,24.489999771118164,20.61465072631836
2002-10-29,23.920000076293945,20.13485336303711
2002-10-30,24.559999465942383,20.673582077026367
2002-10-31,24.549999237060547,20.6651554107666
2002-11-01,25.25,21.254383087158203
2002-11-04,25.899999618530273,21.801528930664062
2002-11-05,26.100000381469727,21.96988296508789
2002-11-06,26.469999313354492,22.281330108642578
2002-11-07,25.540000915527344,21.498498916625977
2002-11-08,25.06999969482422,21.10287094116211
2002-11-11,24.309999465942383,20.463134765625
2002-11-12,24.93000030517578,20.985034942626953
2002-11-13,25.229999542236328,21.237558364868164
2002-11-14,26.100000381469727,21.96988296508789
2002-11-15,26.440000534057617,22.256086349487305
2002-11-18,26.049999237060547,21.927797317504883
2002-11-19,25.649999618530273,21.59109115600586
2002-11-20,26.739999771118164,22.508607864379883
2002-11-21,27.729999542236328,23.341949462890625
2002-11-22,27.719999313354492,23.333526611328125
2002-11-25,27.989999771118164,23.56080436706543
2002-11-26,27.049999237060547,22.769548416137695
2002-11-27,27.90999984741211,23.49347496032715
2002-11-29,27.719999313354492,23.333526611328125
2002-12-02,28.0,23.569225311279297
2002-12-03,27.170000076293945,22.870563507080078
2002-12-04,26.56999969482422,22.365507125854492
2002-12-05,26.200000762939453,22.054067611694336
2002-12-06,26.469999313354492,22.281330108642578
2002-12-09,25.219999313354492,21.229141235351562
2002-12-10,25.600000381469727,21.54900550842285
2002-12-11,25.719999313354492,21.650022506713867
2002-12-12,25.860000610351562,21.767854690551758
2002-12-13,25.040000915527344,21.077611923217773
2002-12-16,25.850000381469727,21.759445190429688
2002-12-17,25.93000030517578,21.826784133911133
2002-12-18,25.3799991607666,21.363821029663086
2002-12-19,25.059999465942383,21.094449996948242
2002-12-20,25.31999969482422,21.313316345214844
2002-12-23,25.670000076293945,21.607927322387695
2002-12-24,25.350000381469727,21.338565826416016
2002-12-26,25.280000686645508,21.279647827148438
2002-12-27,24.81999969482422,20.892431259155273
2002-12-30,24.6299991607666,20.732501983642578
2002-12-31,24.3700008392334,20.51363754272461
2003-01-02,25.399999618530273,21.380653381347656
2003-01-03,25.68000030517578,21.61634635925293
2003-01-06,26.31999969482422,22.15506362915039
2003-01-07,26.649999618530273,22.43284797668457
2003-01-08,25.899999618530273,21.801528930664062
2003-01-09,26.700000762939453,22.474939346313477
2003-01-10,27.100000381469727,22.81163787841797
2003-01-13,26.940000534057617,22.676956176757812
2003-01-14,27.079999923706055,22.794803619384766
2003-01-15,26.739999771118164,22.508607864379883
2003-01-16,26.440000534057617,22.256086349487305
2003-01-17,25.309999465942383,21.304895401000977
2003-01-21,25.030000686645508,21.0692081451416
2003-01-22,24.93000030517578,20.985034942626953
2003-01-23,25.510000228881836,21.47325325012207
2003-01-24,24.81999969482422,20.892431259155273
2003-01-27,24.530000686645508,20.648324966430664
2003-01-28,24.780000686645508,20.8587646484375
2003-01-29,25.149999618530273,21.170209884643555
2003-01-30,24.5,20.62307357788086
2003-01-31,24.440000534057617,20.572559356689453
2003-02-03,24.489999771118164,20.61465072631836
2003-02-04,24.190000534057617,20.362123489379883
2003-02-05,24.079999923706055,20.26953125
2003-02-06,24.209999084472656,20.37895965576172
2003-02-07,23.809999465942383,20.042255401611328
2003-02-10,24.020000457763672,20.219017028808594
2003-02-11,24.149999618530273,20.328454971313477
2003-02-12,23.81999969482422,20.050676345825195
2003-02-13,23.940000534057617,20.15168571472168
2003-02-14,24.489999771118164,20.61465072631836
2003-02-18,25.25,21.254383087158203
2003-02-19,25.079999923706055,21.111291885375977
2003-02-20,24.979999542236328,21.027116775512695
2003-02-21,25.170000076293945,21.18704605102539
2003-02-24,24.739999771118164,20.82509422302246
2003-02-25,24.770000457763672,20.850339889526367
2003-02-26,24.219999313354492,20.38738250732422
2003-02-27,24.770000457763672,20.850339889526367
2003-02-28,25.15999984741211,21.17863655090332
2003-03-03,24.649999618530273,20.749330520629883
2003-03-04,24.5,20.62307357788086
2003-03-05,24.549999237060547,20.6651554107666
2003-03-06,24.489999771118164,20.61465072631836
2003-03-07,24.540000915527344,20.656736373901367
2003-03-10,24.010000228881836,20.210609436035156
2003-03-11,23.799999237060547,20.033836364746094
2003-03-12,24.229999542236328,20.395795822143555
2003-03-13,25.6200008392334,21.565839767456055
2003-03-14,25.719999313354492,21.650022506713867
2003-03-17,26.600000381469727,22.390762329101562
2003-03-18,26.93000030517578,22.668542861938477
2003-03-19,26.700000762939453,22.474939346313477
2003-03-20,26.799999237060547,22.559106826782227
2003-03-21,27.170000076293945,22.870563507080078
2003-03-24,26.040000915527344,21.91936683654785
2003-03-25,26.40999984741211,22.230823516845703
2003-03-26,26.559999465942383,22.357084274291992
2003-03-27,26.3700008392334,22.197160720825195
2003-03-28,26.079999923706055,21.953044891357422
2003-03-31,25.25,21.254383087158203
2003-04-01,25.450000762939453,21.422744750976562
2003-04-02,26.149999618530273,22.011962890625
2003-04-03,26.479999542236328,22.289745330810547
2003-04-04,26.049999237060547,21.927797317504883
2003-04-07,26.09000015258789,21.961467742919922
2003-04-08,26.059999465942383,21.936206817626953
2003-04-09,25.459999084472656,21.4311580657959
2003-04-10,25.770000457763672,21.692106246948242
2003-04-11,25.510000228881836,21.47325325012207
2003-04-14,26.030000686645508,21.910966873168945
2003-04-15,26.280000686645508,22.121402740478516
2003-04-16,26.219999313354492,22.070886611938477
2003-04-17,26.81999969482422,22.575952529907227
2003-04-21,26.920000076293945,22.660125732421875
2003-04-22,27.43000030517578,23.089414596557617
2003-04-23,27.6299991607666,23.25777244567871
2003-04-24,27.479999542236328,23.13150978088379
2003-04-25,26.950000762939453,22.685367584228516
2003-04-28,27.479999542236328,23.13150978088379
2003-04-29,27.729999542236328,23.341949462890625
2003-04-30,27.450000762939453,23.106252670288086
2003-05-01,27.690000534057617,23.308277130126953
2003-05-02,28.280000686645508,23.80491828918457
2003-05-05,28.25,23.779666900634766
2003-05-06,28.610000610351562,24.08270835876465
2003-05-07,28.290000915527344,23.813343048095703
2003-05-08,27.770000457763672,23.375614166259766
2003-05-09,28.40999984741211,23.914350509643555
2003-05-12,28.84000015258789,24.27630043029785
2003-05-13,28.65999984741211,24.12479019165039
2003-05-14,28.600000381469727,24.074283599853516
2003-05-15,28.920000076293945,24.343647003173828
2003-05-16,28.700000762939453,24.158456802368164
2003-05-19,27.690000534057617,23.308277130126953
2003-05-20,27.770000457763672,23.375614166259766
2003-05-21,27.690000534057617,23.308277130126953
2003-05-22,28.09000015258789,23.64499282836914
2003-05-23,28.100000381469727,23.65339469909668
2003-05-27,29.100000381469727,24.49514389038086
2003-05-28,29.190000534057617,24.570919036865234
2003-05-29,29.309999465942383,24.671926498413086
2003-05-30,29.790000915527344,25.075973510742188
2003-06-02,29.579999923706055,24.899198532104492
2003-06-03,29.860000610351562,25.1348819732666
2003-06-04,30.420000076293945,25.606273651123047
2003-06-05,30.639999389648438,25.791465759277344
2003-06-06,30.1299991607666,25.362165451049805
2003-06-09,29.729999542236328,25.02546501159668
2003-06-10,30.18000030517578,25.404260635375977
2003-06-11,30.520000457763672,25.690448760986328
2003-06-12,30.649999618530273,25.799888610839844
2003-06-13,29.959999084472656,25.21906280517578
2003-06-16,30.8799991607666,25.99348258972168
2003-06-17,30.760000228881836,25.89247703552246
2003-06-18,30.920000076293945,26.027162551879883
2003-06-19,30.420000076293945,25.606273651123047
2003-06-20,30.3799991607666,25.572612762451172
2003-06-23,29.90999984741211,25.176977157592773
2003-06-24,29.68000030517578,24.98337745666504
2003-06-25,29.520000457763672,24.84869956970215
2003-06-26,30.219999313354492,25.437923431396484
2003-06-27,29.829999923706055,25.109638214111328
2003-06-30,29.950000762939453,25.21064567565918
2003-07-01,30.350000381469727,25.547353744506836
2003-07-02,30.969999313354492,26.06924057006836
2003-07-03,30.579999923706055,25.740962982177734
2003-07-07,31.889999389648438,26.84366798400879
2003-07-08,32.279998779296875,27.171947479248047
2003-07-09,32.20000076293945,27.1046085357666
2003-07-10,31.600000381469727,26.59955596923828
2003-07-11,31.84000015258789,26.801578521728516
2003-07-14,32.220001220703125,27.121440887451172
2003-07-15,32.2599983215332,27.15510368347168
2003-07-16,32.15999984741211,27.070940017700195
2003-07-17,31.18000030517578,26.246007919311523
2003-07-18,31.280000686645508,26.33018684387207
2003-07-21,30.8799991607666,25.99348258972168
2003-07-22,31.34000015258789,26.380693435668945
2003-07-23,31.600000381469727,26.59955596923828
2003-07-24,31.18000030517578,26.246007919311523
2003-07-25,31.799999237060547,26.767906188964844
2003-07-28,31.889999389648438,26.84366798400879
2003-07-29,31.649999618530273,26.641633987426758
2003-07-30,31.420000076293945,26.448036193847656
2003-07-31,31.799999237060547,26.767906188964844
2003-08-01,31.459999084472656,26.481698989868164
2003-08-04,31.450000762939453,26.473295211791992
2003-08-05,30.209999084472656,25.42950439453125
2003-08-06,30.190000534057617,25.412673950195312
2003-08-07,30.309999465942383,25.5136775970459
2003-08-08,30.06999969482422,25.31166648864746
2003-08-11,30.399999618530273,25.58943748474121
2003-08-12,30.860000610351562,25.97664451599121
2003-08-13,30.8700008392334,25.985069274902344
2003-08-14,30.899999618530273,26.01031494140625
2003-08-15,31.170000076293945,26.237594604492188
2003-08-18,31.969999313354492,26.9110050201416
2003-08-19,32.369998931884766,27.24771499633789
2003-08-20,32.290000915527344,27.18035888671875
2003-08-21,32.63999938964844,27.4749755859375
2003-08-22,32.439998626708984,27.306629180908203
2003-08-25,32.5099983215332,27.365541458129883
2003-08-26,32.540000915527344,27.39080810546875
2003-08-27,32.79999923706055,27.60965347290039
2003-08-28,33.09000015258789,27.853761672973633
2003-08-29,33.38999938964844,28.106311798095703
2003-09-02,33.869998931884766,28.510347366333008
2003-09-03,33.849998474121094,28.49350929260254
2003-09-04,34.15999984741211,28.75446128845215
2003-09-05,33.939998626708984,28.569263458251953
2003-09-08,34.5,29.040647506713867
2003-09-09,34.09000015258789,28.695524215698242
2003-09-10,33.27000045776367,28.005285263061523
2003-09-11,33.63999938964844,28.316734313964844
2003-09-12,33.81999969482422,28.46824836730957
2003-09-15,33.4900016784668,28.190465927124023
2003-09-16,34.400001525878906,28.956472396850586
2003-09-17,34.2599983215332,28.838626861572266
2003-09-18,34.779998779296875,29.27633285522461
2003-09-19,34.58000183105469,29.10799789428711
2003-09-22,33.91999816894531,28.552417755126953
2003-09-23,34.52000045776367,29.05748176574707
2003-09-24,33.220001220703125,27.96320915222168
2003-09-25,32.790000915527344,27.60124397277832
2003-09-26,32.58000183105469,27.424489974975586
2003-09-29,33.13999938964844,27.895854949951172
2003-09-30,32.41999816894531,27.289793014526367
2003-10-01,33.150001525878906,27.904273986816406
2003-10-02,33.2599983215332,27.996862411499023
2003-10-03,34.189998626708984,28.779712677001953
2003-10-06,34.439998626708984,28.990140914916992
2003-10-07,34.650001525878906,29.16692352294922
2003-10-08,34.43000030517578,28.981731414794922
2003-10-09,34.689998626708984,29.200590133666992
2003-10-10,35.0099983215332,29.469945907592773
2003-10-13,35.2400016784668,29.66354751586914
2003-10-14,35.33000183105469,29.73931884765625
2003-10-15,35.18000030517578,29.613048553466797
2003-10-16,35.459999084472656,29.84873390197754
2003-10-17,34.61000061035156,29.13324737548828
2003-10-20,35.040000915527344,29.495203018188477
2003-10-21,35.25,29.671981811523438
2003-10-22,34.56999969482422,29.099563598632812
2003-10-23,34.16999816894531,28.762874603271484
2003-10-24,34.20000076293945,28.788114547729492
2003-10-27,34.209999084472656,28.796539306640625
2003-10-28,35.36000061035156,29.764556884765625
2003-10-29,35.31999969482422,29.73090171813965
2003-10-30,35.38999938964844,29.789813995361328
2003-10-31,35.18000030517578,29.613048553466797
2003-11-03,35.7599983215332,30.101272583007812
2003-11-04,35.52000045776367,29.899240493774414
2003-11-05,35.84000015258789,30.168609619140625
2003-11-06,35.939998626708984,30.25277328491211
2003-11-07,35.630001068115234,29.991846084594727
2003-11-10,35.189998626708984,29.621461868286133
2003-11-11,35.060001373291016,29.512041091918945
2003-11-12,35.810001373291016,30.143348693847656
2003-11-13,35.77000045776367,30.109683990478516
2003-11-14,35.040000915527344,29.495203018188477
2003-11-17,34.68000030517578,29.19217300415039
2003-11-18,33.880001068115234,28.51876449584961
2003-11-19,34.209999084472656,28.796539306640625
2003-11-20,33.880001068115234,28.51876449584961
2003-11-21,34.22999954223633,28.813383102416992
2003-11-24,35.18000030517578,29.613048553466797
2003-11-25,35.18000030517578,29.613048553466797
2003-11-26,35.34000015258789,29.747718811035156
2003-11-28,35.380001068115234,29.781404495239258
2003-12-01,35.900001525878906,30.219118118286133
2003-12-02,35.70000076293945,30.05074119567871
2003-12-03,35.25,29.671981811523438
2003-12-04,35.630001068115234,29.991846084594727
2003-12-05,35.040000915527344,29.495203018188477
2003-12-08,35.2400016784668,29.66354751586914
2003-12-09,34.43000030517578,28.981731414794922
2003-12-10,34.560001373291016,29.091169357299805
2003-12-11,35.29999923706055,29.71404266357422
2003-12-12,35.2400016784668,29.66354751586914
2003-12-15,34.779998779296875,29.27633285522461
2003-12-16,34.849998474121094,29.335262298583984
2003-12-17,34.90999984741211,29.38575553894043
2003-12-18,35.560001373291016,29.932903289794922
2003-12-19,35.459999084472656,29.84873390197754
2003-12-22,35.56999969482422,29.941347122192383
2003-12-23,35.84000015258789,30.168609619140625
2003-12-24,35.900001525878906,30.230926513671875
2003-12-26,35.849998474121094,30.18880271911621
2003-12-29,36.439998626708984,30.685644149780273
2003-12-30,36.560001373291016,30.786699295043945
2003-12-31,36.459999084472656,30.702489852905273
2004-01-02,36.36000061035156,30.6182804107666
2004-01-05,37.09000015258789,31.232999801635742
2004-01-06,37.34000015258789,31.443532943725586
2004-01-07,37.68000030517578,31.729848861694336
2004-01-08,37.97999954223633,31.98245620727539
2004-01-09,37.72999954223633,31.771949768066406
2004-01-12,38.33000183105469,32.277191162109375
2004-01-13,37.95000076293945,31.957204818725586
2004-01-14,38.08000183105469,32.066673278808594
2004-01-15,38.18000030517578,32.15088653564453
2004-01-16,38.56999969482422,32.47929382324219
2004-01-20,38.540000915527344,32.45402526855469
2004-01-21,38.380001068115234,32.31930923461914
2004-01-22,38.150001525878906,32.12561798095703
2004-01-23,38.0099983215332,32.00771713256836
2004-01-26,38.59000015258789,32.49613952636719
2004-01-27,37.7400016784668,31.780359268188477
2004-01-28,37.099998474121094,31.241426467895508
2004-01-29,37.2400016784668,31.359315872192383
2004-01-30,37.06999969482422,31.21617317199707
2004-02-02,36.970001220703125,31.1319580078125
2004-02-03,36.93000030517578,31.098268508911133
2004-02-04,36.33000183105469,30.593021392822266
2004-02-05,36.470001220703125,30.710914611816406
2004-02-06,37.130001068115234,31.266687393188477
2004-02-09,37.119998931884766,31.258255004882812
2004-02-10,37.18000030517578,31.30878448486328
2004-02-11,37.58000183105469,31.645633697509766
2004-02-12,37.25,31.36775016784668
2004-02-13,36.939998626708984,31.106670379638672
2004-02-17,37.439998626708984,31.527734756469727
2004-02-18,37.54999923706055,31.620365142822266
2004-02-19,36.97999954223633,31.140377044677734
2004-02-20,36.86000061035156,31.039339065551758
2004-02-23,36.45000076293945,30.694061279296875
2004-02-24,36.36000061035156,30.6182804107666
2004-02-25,36.58000183105469,30.803544998168945
2004-02-26,36.66999816894531,30.87931251525879
2004-02-27,36.56999969482422,30.795116424560547
2004-03-01,37.04999923706055,31.199317932128906
2004-03-02,36.619998931884766,30.83722686767578
2004-03-03,36.41999816894531,30.668819427490234
2004-03-04,36.7599983215332,30.955110549926758
2004-03-05,36.630001068115234,30.845640182495117
2004-03-08,35.77000045776367,30.121448516845703
2004-03-09,35.65999984741211,30.02883529663086
2004-03-10,35.189998626708984,29.633037567138672
2004-03-11,34.869998931884766,29.363569259643555
2004-03-12,35.5099983215332,29.902502059936523
2004-03-15,34.88999938964844,29.380407333374023
2004-03-16,34.95000076293945,29.43092918395996
2004-03-17,35.5,29.89409065246582
2004-03-18,35.34000015258789,29.759342193603516
2004-03-19,34.75,29.262521743774414
2004-03-22,34.310001373291016,28.892011642456055
2004-03-23,34.029998779296875,28.656225204467773
2004-03-24,34.41999816894531,28.984636306762695
2004-03-25,35.34000015258789,29.759342193603516
2004-03-26,35.220001220703125,29.65830421447754
2004-03-29,35.790000915527344,30.138296127319336
2004-03-30,35.90999984741211,30.239347457885742
2004-03-31,35.84000015258789,30.180400848388672
2004-04-01,36.15999984741211,30.449861526489258
2004-04-02,37.099998474121094,31.241426467895508
2004-04-05,37.45000076293945,31.536165237426758
2004-04-06,36.97999954223633,31.140377044677734
2004-04-07,36.939998626708984,31.106670379638672
2004-04-08,36.939998626708984,31.106670379638672
2004-04-12,37.16999816894531,31.30037498474121
2004-04-13,36.630001068115234,30.845640182495117
2004-04-14,36.810001373291016,30.997220993041992
2004-04-15,36.150001525878906,30.441431045532227
2004-04-16,36.09000015258789,30.390907287597656
2004-04-19,36.529998779296875,30.76144027709961
2004-04-20,35.68000030517578,30.045658111572266
2004-04-21,35.9900016784668,30.306720733642578
2004-04-22,36.91999816894531,31.089862823486328
2004-04-23,37.209999084472656,31.334054946899414
2004-04-26,36.939998626708984,31.106670379638672
2004-04-27,36.869998931884766,31.047754287719727
2004-04-28,36.20000076293945,30.483564376831055
2004-04-29,35.63999938964844,30.011974334716797
2004-04-30,34.77000045776367,29.279361724853516
2004-05-03,35.099998474121094,29.55723762512207
2004-05-04,35.25,29.683578491210938
2004-05-05,35.529998779296875,29.919349670410156
2004-05-06,35.2599983215332,29.691987991333008
2004-05-07,34.970001220703125,29.44778060913086
2004-05-10,34.66999816894531,29.195148468017578
2004-05-11,35.189998626708984,29.633037567138672
2004-05-12,35.2599983215332,29.691987991333008
2004-05-13,35.0099983215332,29.481462478637695
2004-05-14,34.75,29.262521743774414
2004-05-17,34.41999816894531,28.984636306762695
2004-05-18,34.72999954223633,29.24567985534668
2004-05-19,34.689998626708984,29.21200180053711
2004-05-20,34.849998474121094,29.346725463867188
2004-05-21,35.02000045776367,29.489892959594727
2004-05-24,35.2599983215332,29.691987991333008
2004-05-25,35.959999084472656,30.28144073486328
2004-05-26,36.189998626708984,30.475130081176758
2004-05-27,36.41999816894531,30.668819427490234
2004-05-28,36.54999923706055,30.77826690673828
2004-06-01,36.5,30.736173629760742
2004-06-02,36.41999816894531,30.668819427490234
2004-06-03,35.97999954223633,30.29828643798828
2004-06-04,36.189998626708984,30.475130081176758
2004-06-07,37.04999923706055,31.199317932128906
2004-06-08,37.099998474121094,31.241426467895508
2004-06-09,36.58000183105469,30.803544998168945
2004-06-10,36.84000015258789,31.022470474243164
2004-06-14,36.31999969482422,30.584585189819336
2004-06-15,36.790000915527344,30.980379104614258
2004-06-16,36.72999954223633,30.929859161376953
2004-06-17,36.38999938964844,30.643529891967773
2004-06-18,36.439998626708984,30.685644149780273
2004-06-21,36.150001525878906,30.441431045532227
2004-06-22,36.68000030517578,30.887760162353516
2004-06-23,37.119998931884766,31.258255004882812
2004-06-24,37.04999923706055,31.199317932128906
2004-06-25,37.33000183105469,31.435108184814453
2004-06-28,37.02000045776367,31.174062728881836
2004-06-29,37.369998931884766,31.468795776367188
2004-06-30,37.7400016784668,31.780359268188477
2004-07-01,37.040000915527344,31.190906524658203
2004-07-02,36.81999969482422,31.00564956665039
2004-07-06,36.029998779296875,30.34039306640625
2004-07-07,36.099998474121094,30.399341583251953
2004-07-08,35.70000076293945,30.062484741210938
2004-07-09,35.75,30.104618072509766
2004-07-12,35.599998474121094,29.97829818725586
2004-07-13,35.54999923706055,29.936185836791992
2004-07-14,35.189998626708984,29.633037567138672
2004-07-15,35.06999969482422,29.532005310058594
2004-07-16,34.66999816894531,29.195148468017578
2004-07-19,34.599998474121094,29.136198043823242
2004-07-20,35.43000030517578,29.835142135620117
2004-07-21,34.400001525878906,28.967790603637695
2004-07-22,34.869998931884766,29.363569259643555
2004-07-23,34.209999084472656,28.807790756225586
2004-07-26,34.060001373291016,28.68146324157715
2004-07-27,34.529998779296875,29.077253341674805
2004-07-28,34.380001068115234,28.95095443725586
2004-07-29,34.779998779296875,29.28777503967285
2004-07-30,34.88999938964844,29.380407333374023
2004-08-02,34.959999084472656,29.439350128173828
2004-08-03,34.22999954223633,28.824642181396484
2004-08-04,34.2400016784668,28.83306312561035
2004-08-05,33.599998474121094,28.294124603271484
2004-08-06,32.720001220703125,27.553081512451172
2004-08-09,32.79999923706055,27.620441436767578
2004-08-10,33.209999084472656,27.9656982421875
2004-08-11,32.91999816894531,27.721487045288086
2004-08-12,32.470001220703125,27.342554092407227
2004-08-13,32.52000045776367,27.384662628173828
2004-08-16,32.88999938964844,27.69622802734375
2004-08-17,33.2599983215332,28.007802963256836
2004-08-18,33.849998474121094,28.50464630126953
2004-08-19,33.66999816894531,28.353057861328125
2004-08-20,34.0099983215332,28.63936996459961
2004-08-23,34.09000015258789,28.706737518310547
2004-08-24,34.08000183105469,28.698318481445312
2004-08-25,34.54999923706055,29.094097137451172
2004-08-26,34.400001525878906,28.967790603637695
2004-08-27,34.560001373291016,29.102537155151367
2004-08-30,33.97999954223633,28.614116668701172
2004-08-31,34.02000045776367,28.64778709411621
2004-09-01,34.27000045776367,28.858314514160156
2004-09-02,34.779998779296875,29.28777503967285
2004-09-03,34.13999938964844,28.74885368347168
2004-09-07,34.43000030517578,28.993057250976562
2004-09-08,34.29999923706055,28.88357925415039
2004-09-09,34.59000015258789,29.12778663635254
2004-09-10,35.119998931884766,29.574098587036133
2004-09-13,35.58000183105469,29.96145248413086
2004-09-14,35.630001068115234,30.003570556640625
2004-09-15,35.25,29.683578491210938
2004-09-16,35.31999969482422,29.74251937866211
2004-09-17,35.43000030517578,29.835142135620117
2004-09-20,35.43000030517578,29.835142135620117
2004-09-21,35.56999969482422,29.953048706054688
2004-09-22,34.95000076293945,29.43092918395996
2004-09-23,34.91999816894531,29.40567970275879
2004-09-24,34.79999923706055,29.30461883544922
2004-09-27,34.5,29.0519962310791
2004-09-28,34.56999969482422,29.110933303833008
2004-09-29,35.08000183105469,29.540420532226562
2004-09-30,35.13999938964844,29.590938568115234
2004-10-01,36.099998474121094,30.399341583251953
2004-10-04,36.310001373291016,30.576171875
2004-10-05,36.36000061035156,30.6182804107666
2004-10-06,36.650001525878906,30.86248779296875
2004-10-07,36.2400016784668,30.51722526550293
2004-10-08,35.58000183105469,29.96145248413086
2004-10-11,35.75,30.104618072509766
2004-10-12,35.689998626708984,30.05408477783203
2004-10-13,35.61000061035156,29.986724853515625
2004-10-14,35.45000076293945,29.851991653442383
2004-10-15,35.630001068115234,30.003570556640625
2004-10-18,36.13999938964844,30.433027267456055
2004-10-19,35.880001068115234,30.214092254638672
2004-10-20,36.04999923706055,30.357221603393555
2004-10-21,36.599998474121094,30.82038688659668
2004-10-22,35.79999923706055,30.146711349487305
2004-10-25,35.630001068115234,30.003570556640625
2004-10-26,35.81999969482422,30.163557052612305
2004-10-27,36.72999954223633,30.929859161376953
2004-10-28,36.959999084472656,31.12352752685547
2004-10-29,36.900001525878906,31.072996139526367
2004-11-01,37.040000915527344,31.190906524658203
2004-11-02,37.15999984741211,31.291954040527344
2004-11-03,37.40999984741211,31.502479553222656
2004-11-04,37.619998931884766,31.6793212890625
2004-11-05,37.959999084472656,31.96562957763672
2004-11-08,38.0,31.999296188354492
2004-11-09,37.91999816894531,31.93193244934082
2004-11-10,37.790000915527344,31.822463989257812
2004-11-11,38.290000915527344,32.24350357055664
2004-11-12,38.65999984741211,32.555076599121094
2004-11-15,38.83000183105469,32.698246002197266
2004-11-16,38.59000015258789,32.49613952636719
2004-11-17,39.11000061035156,32.934024810791016
2004-11-18,39.290000915527344,33.08557891845703
2004-11-19,38.68000030517578,32.57192611694336
2004-11-22,39.04999923706055,32.88349533081055
2004-11-23,38.9900016784668,32.83296203613281
2004-11-24,39.33000183105469,33.119266510009766
2004-11-26,39.209999084472656,33.01823425292969
2004-11-29,39.20000076293945,33.00982666015625
2004-11-30,39.119998931884766,32.94245529174805
2004-12-01,39.91999816894531,33.616111755371094
2004-12-02,40.06999969482422,33.74240493774414
2004-12-03,40.130001068115234,33.792964935302734
2004-12-06,40.27000045776367,33.91083526611328
2004-12-07,39.58000183105469,33.329776763916016
2004-12-08,39.810001373291016,33.523475646972656
2004-12-09,40.04999923706055,33.72557067871094
2004-12-10,39.93000030517578,33.624534606933594
2004-12-13,40.279998779296875,33.919254302978516
2004-12-14,40.47999954223633,34.08766555786133
2004-12-15,40.33000183105469,33.96137237548828
2004-12-16,39.95000076293945,33.6413688659668
2004-12-17,39.470001220703125,33.555511474609375
2004-12-20,39.20000076293945,33.325984954833984
2004-12-21,39.68000030517578,33.734039306640625
2004-12-22,39.72999954223633,33.776546478271484
2004-12-23,39.7599983215332,33.80204391479492
2004-12-27,39.59000015258789,33.657527923583984
2004-12-28,39.970001220703125,33.980594635009766
2004-12-29,40.02000045776367,34.023101806640625
2004-12-30,39.9900016784668,33.997596740722656
2004-12-31,39.91999816894531,33.938079833984375
2005-01-03,39.5,33.581024169921875
2005-01-04,38.779998779296875,32.968894958496094
2005-01-05,38.540000915527344,32.76485824584961
2005-01-06,38.349998474121094,32.60332489013672
2005-01-07,38.54999923706055,32.77336502075195
2005-01-10,38.529998779296875,32.75636291503906
2005-01-11,38.2599983215332,32.52682113647461
2005-01-12,38.58000183105469,32.79887390136719
2005-01-13,38.06999969482422,32.36530685424805
2005-01-14,38.43000030517578,32.67133712768555
2005-01-18,38.720001220703125,32.91790008544922
2005-01-19,38.08000183105469,32.37379455566406
2005-01-20,37.349998474121094,31.753170013427734
2005-01-21,37.04999923706055,31.498136520385742
2005-01-24,36.529998779296875,31.05606460571289
2005-01-25,36.709999084472656,31.209087371826172
2005-01-26,37.150001525878906,31.583145141601562
2005-01-27,37.099998474121094,31.540647506713867
2005-01-28,36.91999816894531,31.387632369995117
2005-01-31,37.400001525878906,31.795698165893555
2005-02-01,37.52000045776367,31.897682189941406
2005-02-02,37.58000183105469,31.948726654052734
2005-02-03,37.150001525878906,31.583145141601562
2005-02-04,37.75,32.093238830566406
2005-02-07,37.66999816894531,32.025238037109375
2005-02-08,37.7400016784668,32.08474349975586
2005-02-09,37.11000061035156,31.54916763305664
2005-02-10,37.150001525878906,31.583145141601562
2005-02-11,37.70000076293945,32.050743103027344
2005-02-14,37.869998931884766,32.19526290893555
2005-02-15,38.119998931884766,32.407798767089844
2005-02-16,37.97999954223633,32.28877639770508
2005-02-17,37.470001220703125,31.855220794677734
2005-02-18,37.349998474121094,31.753170013427734
2005-02-22,36.88999938964844,31.362104415893555
2005-02-23,36.939998626708984,31.404600143432617
2005-02-24,37.40999984741211,31.804201126098633
2005-02-25,37.619998931884766,31.982736587524414
2005-02-28,37.220001220703125,31.642681121826172
2005-03-01,37.630001068115234,31.991249084472656
2005-03-02,37.61000061035156,31.974214553833008
2005-03-03,37.29999923706055,31.710674285888672
2005-03-04,37.52000045776367,31.897682189941406
2005-03-07,38.060001373291016,32.35679626464844
2005-03-08,37.68000030517578,32.033748626708984
2005-03-09,37.56999969482422,31.94021224975586
2005-03-10,37.52000045776367,31.897682189941406
2005-03-11,37.16999816894531,31.600160598754883
2005-03-14,37.34000015258789,31.74468994140625
2005-03-15,37.040000915527344,31.489643096923828
2005-03-16,36.619998931884766,31.132577896118164
2005-03-17,36.709999084472656,31.209087371826172
2005-03-18,36.5099983215332,31.039064407348633
2005-03-21,36.58000183105469,31.098575592041016
2005-03-22,36.130001068115234,30.71601676940918
2005-03-23,36.2599983215332,30.826522827148438
2005-03-24,36.27000045776367,30.835033416748047
2005-03-28,36.34000015258789,30.8945255279541
2005-03-29,36.04999923706055,30.647974014282227
2005-03-30,36.72999954223633,31.22609519958496
2005-03-31,36.56999969482422,31.090065002441406
2005-04-01,36.20000076293945,30.775527954101562
2005-04-04,36.459999084472656,30.996551513671875
2005-04-05,36.560001373291016,31.081565856933594
2005-04-06,36.5,31.030555725097656
2005-04-07,36.939998626708984,31.404600143432617
2005-04-08,36.63999938964844,31.149566650390625
2005-04-11,36.47999954223633,31.013553619384766
2005-04-12,36.65999984741211,31.16658592224121
2005-04-13,36.060001373291016,30.65648078918457
2005-04-14,35.54999923706055,30.222904205322266
2005-04-15,34.7400016784668,29.534297943115234
2005-04-18,34.75,29.542789459228516
2005-04-19,34.9900016784668,29.746822357177734
2005-04-20,34.70000076293945,29.500286102294922
2005-04-21,35.619998931884766,30.282442092895508
2005-04-22,35.09000015258789,29.831832885742188
2005-04-25,35.380001068115234,30.078392028808594
2005-04-26,35.04999923706055,29.797828674316406
2005-04-27,35.099998474121094,29.840330123901367
2005-04-28,34.75,29.542789459228516
2005-04-29,34.97999954223633,29.738323211669922
2005-05-02,35.119998931884766,29.857349395751953
2005-05-03,35.29999923706055,30.010358810424805
2005-05-04,35.72999954223633,30.375938415527344
2005-05-05,35.7599983215332,30.401451110839844
2005-05-06,35.86000061035156,30.486448287963867
2005-05-09,36.029998779296875,30.630983352661133
2005-05-10,35.77000045776367,30.409942626953125
2005-05-11,35.95000076293945,30.562973022460938
2005-05-12,35.849998474121094,30.477941513061523
2005-05-13,36.2400016784668,30.809511184692383
2005-05-16,36.47999954223633,31.013553619384766
2005-05-17,36.70000076293945,31.200590133666992
2005-05-18,37.20000076293945,31.625654220581055
2005-05-19,37.5099983215332,31.88920021057129
2005-05-20,37.65999984741211,32.01673126220703
2005-05-23,37.849998474121094,32.17827224731445
2005-05-24,37.970001220703125,32.280277252197266
2005-05-25,37.810001373291016,32.14425277709961
2005-05-26,38.189998626708984,32.46731948852539
2005-05-27,38.209999084472656,32.484310150146484
2005-05-31,38.08000183105469,32.37379455566406
2005-06-01,38.38999938964844,32.63733673095703
2005-06-02,38.65999984741211,32.866878509521484
2005-06-03,38.099998474121094,32.39080047607422
2005-06-06,38.11000061035156,32.399295806884766
2005-06-07,37.790000915527344,32.12725067138672
2005-06-08,37.709999084472656,32.05925750732422
2005-06-09,37.95000076293945,32.263282775878906
2005-06-10,37.54999923706055,31.923213958740234
2005-06-13,37.72999954223633,32.076255798339844
2005-06-14,37.58000183105469,31.948726654052734
2005-06-15,37.70000076293945,32.050743103027344
2005-06-16,37.900001525878906,32.220767974853516
2005-06-17,37.869998931884766,32.22502136230469
2005-06-20,37.869998931884766,32.22502136230469
2005-06-21,37.849998474121094,32.208003997802734
2005-06-22,37.810001373291016,32.17396545410156
2005-06-23,37.38999938964844,31.816566467285156
2005-06-24,36.970001220703125,31.45918083190918
2005-06-27,36.79999923706055,31.314525604248047
2005-06-28,37.150001525878906,31.612329483032227
2005-06-29,37.06999969482422,31.544282913208008
2005-06-30,36.779998779296875,31.29749870300293
2005-07-01,36.72999954223633,31.254966735839844
2005-07-05,37.11000061035156,31.57832908630371
2005-07-06,36.93000030517578,31.425140380859375
2005-07-07,37.060001373291016,31.535768508911133
2005-07-08,37.77000045776367,32.13991928100586
2005-07-11,38.119998931884766,32.43775177001953
2005-07-12,38.29999923706055,32.59092712402344
2005-07-13,38.38999938964844,32.667503356933594
2005-07-14,38.77000045776367,32.990875244140625
2005-07-15,38.88999938964844,33.09297561645508
2005-07-18,38.72999954223633,32.95682144165039
2005-07-19,39.18000030517578,33.33974838256836
2005-07-20,39.459999084472656,33.57801055908203
2005-07-21,39.470001220703125,33.5865364074707
2005-07-22,39.41999816894531,33.54397964477539
2005-07-25,39.27000045776367,33.41633224487305
2005-07-26,39.41999816894531,33.54397964477539
2005-07-27,39.720001220703125,33.79925537109375
2005-07-28,39.90999984741211,33.96092224121094
2005-07-29,39.58000183105469,33.68010711669922
2005-08-01,39.650001525878906,33.73970031738281
2005-08-02,40.08000183105469,34.1055908203125
2005-08-03,40.060001373291016,34.08858871459961
2005-08-04,39.66999816894531,33.75672149658203
2005-08-05,39.47999954223633,33.595027923583984
2005-08-08,39.189998626708984,33.3482780456543
2005-08-09,39.45000076293945,33.56949996948242
2005-08-10,39.11000061035156,33.280181884765625
2005-08-11,39.43000030517578,33.552486419677734
2005-08-12,39.209999084472656,33.36528396606445
2005-08-15,39.45000076293945,33.56949996948242
2005-08-16,38.810001373291016,33.024906158447266
2005-08-17,39.040000915527344,33.220619201660156
2005-08-18,38.84000015258789,33.050437927246094
2005-08-19,38.81999969482422,33.03341293334961
2005-08-22,38.84000015258789,33.050437927246094
2005-08-23,38.72999954223633,32.95682144165039
2005-08-24,38.5,32.7611083984375
2005-08-25,38.59000015258789,32.83769607543945
2005-08-26,38.459999084472656,32.727054595947266
2005-08-29,38.7599983215332,32.98237228393555
2005-08-30,38.619998931884766,32.86322021484375
2005-08-31,38.97999954223633,33.16954803466797
2005-09-01,38.91999816894531,33.118507385253906
2005-09-02,38.77000045776367,32.990875244140625
2005-09-06,39.34000015258789,33.47590255737305
2005-09-07,39.40999984741211,33.53546142578125
2005-09-08,39.400001525878906,33.52695083618164
2005-09-09,39.619998931884766,33.714168548583984
2005-09-12,39.72999954223633,33.807769775390625
2005-09-13,39.630001068115234,33.7226676940918
2005-09-14,39.18000030517578,33.33974838256836
2005-09-15,39.15999984741211,33.32272720336914
2005-09-16,39.400001525878906,33.52695083618164
2005-09-19,39.09000015258789,33.263179779052734
2005-09-20,38.93000030517578,33.127017974853516
2005-09-21,38.5,32.7611083984375
2005-09-22,38.63999938964844,32.88024139404297
2005-09-23,38.75,32.97385787963867
2005-09-26,38.7599983215332,32.98237228393555
2005-09-27,38.66999816894531,32.905757904052734
2005-09-28,38.68000030517578,32.9142951965332
2005-09-29,39.20000076293945,33.35679244995117
2005-09-30,39.459999084472656,33.57801055908203
2005-10-03,39.560001373291016,33.66309356689453
2005-10-04,39.29999923706055,33.44184494018555
2005-10-05,38.7599983215332,32.98237228393555
2005-10-06,38.25,32.54838180541992
2005-10-07,38.34000015258789,32.624969482421875
2005-10-10,38.130001068115234,32.446250915527344
2005-10-11,37.939998626708984,32.284584045410156
2005-10-12,37.4900016784668,31.901655197143555
2005-10-13,37.779998779296875,32.14842224121094
2005-10-14,38.060001373291016,32.386695861816406
2005-10-17,38.18000030517578,32.48881149291992
2005-10-18,37.90999984741211,32.25908279418945
2005-10-19,38.66999816894531,32.905757904052734
2005-10-20,38.310001373291016,32.59943389892578
2005-10-21,38.54999923706055,32.80366134643555
2005-10-24,39.15999984741211,33.32272720336914
2005-10-25,39.0099983215332,33.195091247558594
2005-10-26,38.810001373291016,33.024906158447266
2005-10-27,38.029998779296875,32.36119842529297
2005-10-28,38.31999969482422,32.60793685913086
2005-10-31,38.869998931884766,33.075950622558594
2005-11-01,38.84000015258789,33.050437927246094
2005-11-02,39.349998474121094,33.48441696166992
2005-11-03,39.939998626708984,33.9864616394043
2005-11-04,40.08000183105469,34.1055908203125
2005-11-07,40.130001068115234,34.148155212402344
2005-11-08,40.13999938964844,34.15664291381836
2005-11-09,40.15999984741211,34.17367172241211
2005-11-10,40.599998474121094,34.548091888427734
2005-11-11,40.709999084472656,34.641700744628906
2005-11-14,40.709999084472656,34.641700744628906
2005-11-15,40.52000045776367,34.480003356933594
2005-11-16,40.77000045776367,34.692745208740234
2005-11-17,41.310001373291016,35.15224075317383
2005-11-18,41.45000076293945,35.271385192871094
2005-11-21,41.54999923706055,35.35647201538086
2005-11-22,41.70000076293945,35.484100341796875
2005-11-23,41.79999923706055,35.569217681884766
2005-11-25,41.88999938964844,35.64579391479492
2005-11-28,41.540000915527344,35.347984313964844
2005-11-29,41.34000015258789,35.17778396606445
2005-11-30,41.2400016784668,35.092689514160156
2005-12-01,42.0099983215332,35.74789047241211
2005-12-02,42.11000061035156,35.83299255371094
2005-12-05,41.79999923706055,35.569217681884766
2005-12-06,41.939998626708984,35.68832015991211
2005-12-07,41.86000061035156,35.6202507019043
2005-12-08,41.560001373291016,35.3650016784668
2005-12-09,41.720001220703125,35.501129150390625
2005-12-12,41.869998931884766,35.62876510620117
2005-12-13,42.040000915527344,35.77345275878906
2005-12-14,41.900001525878906,35.654293060302734
2005-12-15,41.970001220703125,35.713871002197266
2005-12-16,41.58000183105469,35.46736145019531
2005-12-19,40.91999816894531,34.90438461303711
2005-12-20,40.95000076293945,34.92997360229492
2005-12-21,41.130001068115234,35.08350372314453
2005-12-22,41.400001525878906,35.313819885253906
2005-12-23,41.400001525878906,35.313819885253906
2005-12-27,41.040000915527344,35.00674057006836
2005-12-28,40.9900016784668,34.96409225463867
2005-12-29,40.720001220703125,34.73378372192383
2005-12-30,40.40999984741211,34.469356536865234
2006-01-03,41.310001373291016,35.23704528808594
2006-01-04,41.7400016784668,35.60383987426758
2006-01-05,41.91999816894531,35.75736618041992
2006-01-06,42.68000030517578,36.405635833740234
2006-01-09,42.849998474121094,36.5506591796875
2006-01-10,42.880001068115234,36.57624816894531
2006-01-11,43.209999084472656,36.85771560668945
2006-01-12,43.0,36.678611755371094
2006-01-13,42.97999954223633,36.66155242919922
2006-01-17,42.70000076293945,36.422698974609375
2006-01-18,42.209999084472656,36.00473403930664
2006-01-19,42.52000045776367,36.2691535949707
2006-01-20,41.25,35.18587112426758
2006-01-23,41.2599983215332,35.194400787353516
2006-01-24,41.439998626708984,35.34793472290039
2006-01-25,41.2599983215332,35.194400787353516
2006-01-26,41.54999923706055,35.44175720214844
2006-01-27,42.11000061035156,35.919429779052734
2006-01-30,42.189998626708984,35.987693786621094
2006-01-31,42.0,35.82560729980469
2006-02-01,42.150001525878906,35.95357131958008
2006-02-02,41.43000030517578,35.33939743041992
2006-02-03,40.91999816894531,34.90438461303711
2006-02-06,40.810001373291016,34.8105354309082
2006-02-07,40.630001068115234,34.657020568847656
2006-02-08,41.099998474121094,35.05790710449219
2006-02-09,40.709999084472656,34.725257873535156
2006-02-10,40.959999084472656,34.938514709472656
2006-02-13,40.4900016784668,34.53759765625
2006-02-14,40.900001525878906,34.887306213378906
2006-02-15,41.15999984741211,35.10911178588867
2006-02-16,41.540000915527344,35.433250427246094
2006-02-17,41.209999084472656,35.15174865722656
2006-02-21,40.75,34.759368896484375
2006-02-22,41.2599983215332,35.194400787353516
2006-02-23,41.150001525878906,35.10057830810547
2006-02-24,41.2599983215332,35.194400787353516
2006-02-27,41.720001220703125,35.586769104003906
2006-02-28,41.099998474121094,35.05790710449219
2006-03-01,41.65999984741211,35.53560256958008
2006-03-02,41.689998626708984,35.561180114746094
2006-03-03,41.45000076293945,35.35647201538086
2006-03-06,41.09000015258789,35.04938888549805
2006-03-07,40.849998474121094,34.844661712646484
2006-03-08,40.869998931884766,34.86172103881836
2006-03-09,40.52000045776367,34.56317138671875
2006-03-10,40.560001373291016,34.59730529785156
2006-03-13,40.68000030517578,34.69965744018555
2006-03-14,41.369998931884766,35.2882080078125
2006-03-15,41.720001220703125,35.586769104003906
2006-03-16,41.369998931884766,35.2882080078125
2006-03-17,41.45000076293945,35.38127136230469
2006-03-20,41.54999923706055,35.46662139892578
2006-03-21,41.11000061035156,35.0910530090332
2006-03-22,41.209999084472656,35.176422119140625
2006-03-23,41.09000015258789,35.073978424072266
2006-03-24,41.29999923706055,35.25324249267578
2006-03-27,41.310001373291016,35.261756896972656
2006-03-28,41.13999938964844,35.11664962768555
2006-03-29,41.91999816894531,35.78246307373047
2006-03-30,42.04999923706055,35.893436431884766
2006-03-31,41.93000030517578,35.790992736816406
2006-04-03,41.97999954223633,35.833656311035156
2006-04-04,42.209999084472656,36.02998352050781
2006-04-05,42.61000061035156,36.37144088745117
2006-04-06,42.72999954223633,36.47386169433594
2006-04-07,42.31999969482422,36.1238899230957
2006-04-10,42.2599983215332,36.07267761230469
2006-04-11,41.91999816894531,35.78246307373047
2006-04-12,41.93000030517578,35.790992736816406
2006-04-13,42.099998474121094,35.93611526489258
2006-04-17,41.65999984741211,35.560523986816406
2006-04-18,42.459999084472656,36.24340057373047
2006-04-19,42.650001525878906,36.405582427978516
2006-04-20,42.5,36.277523040771484
2006-04-21,42.0,35.85074234008789
2006-04-24,41.959999084472656,35.81660079956055
2006-04-25,41.869998931884766,35.739784240722656
2006-04-26,41.86000061035156,35.73124313354492
2006-04-27,42.2599983215332,36.07267761230469
2006-04-28,41.849998474121094,35.72270965576172
2006-05-01,41.439998626708984,35.37273025512695
2006-05-02,41.54999923706055,35.46662139892578
2006-05-03,41.4900016784668,35.41539764404297
2006-05-04,41.83000183105469,35.705623626708984
2006-05-05,42.15999984741211,35.98732376098633
2006-05-08,42.20000076293945,36.02145004272461
2006-05-09,42.040000915527344,35.8848991394043
2006-05-10,41.66999816894531,35.56905746459961
2006-05-11,40.7400016784668,34.77521514892578
2006-05-12,40.189998626708984,34.305747985839844
2006-05-15,40.15999984741211,34.28014373779297
2006-05-16,39.86000061035156,34.0240592956543
2006-05-17,39.31999969482422,33.563140869140625
2006-05-18,39.04999923706055,33.332672119140625
2006-05-19,39.349998474121094,33.588722229003906
2006-05-22,38.970001220703125,33.264366149902344
2006-05-23,38.59000015258789,32.94000244140625
2006-05-24,38.849998474121094,33.16193389892578
2006-05-25,39.36000061035156,33.59724426269531
2006-05-26,39.4900016784668,33.7082405090332
2006-05-30,38.63999938964844,32.98269271850586
2006-05-31,38.81999969482422,33.13633728027344
2006-06-01,39.7400016784668,33.921630859375
2006-06-02,39.63999938964844,33.836273193359375
2006-06-05,38.779998779296875,33.10218048095703
2006-06-06,38.75,33.07659149169922
2006-06-07,38.459999084472656,32.829036712646484
2006-06-08,38.400001525878906,32.777828216552734
2006-06-09,38.150001525878906,32.56441879272461
2006-06-12,37.400001525878906,31.924243927001953
2006-06-13,37.25,31.79619026184082
2006-06-14,37.630001068115234,32.12059020996094
2006-06-15,38.650001525878906,32.99123001098633
2006-06-16,38.34000015258789,32.748634338378906
2006-06-19,38.029998779296875,32.483848571777344
2006-06-20,38.08000183105469,32.52654266357422
2006-06-21,38.68000030517578,33.039058685302734
2006-06-22,38.189998626708984,32.6204948425293
2006-06-23,38.150001525878906,32.586360931396484
2006-06-26,38.25,32.67177200317383
2006-06-27,37.529998779296875,32.056758880615234
2006-06-28,37.810001373291016,32.29591751098633
2006-06-29,38.959999084472656,33.2782096862793
2006-06-30,38.77000045776367,33.11592102050781
2006-07-03,39.0,33.31239318847656
2006-07-05,38.150001525878906,32.586360931396484
2006-07-06,38.11000061035156,32.552188873291016
2006-07-07,37.689998626708984,32.193416595458984
2006-07-10,37.36000061035156,31.911561965942383
2006-07-11,37.63999938964844,32.150726318359375
2006-07-12,36.93000030517578,31.544261932373047
2006-07-13,36.310001373291016,31.01468849182129
2006-07-14,35.939998626708984,30.698637008666992
2006-07-17,36.029998779296875,30.77552604675293
2006-07-18,36.150001525878906,30.878013610839844
2006-07-19,36.619998931884766,31.27947235107422
2006-07-20,36.08000183105469,30.81822395324707
2006-07-21,35.70000076293945,30.493637084960938
2006-07-24,36.40999984741211,31.100099563598633
2006-07-25,36.619998931884766,31.27947235107422
2006-07-26,36.59000015258789,31.25385284423828
2006-07-27,36.349998474121094,31.04886245727539
2006-07-28,37.11000061035156,31.698030471801758
2006-07-31,37.099998474121094,31.689468383789062
2006-08-01,36.47999954223633,31.159896850585938
2006-08-02,36.88999938964844,31.51009178161621
2006-08-03,37.119998931884766,31.706552505493164
2006-08-04,36.95000076293945,31.561370849609375
2006-08-07,36.709999084472656,31.356353759765625
2006-08-08,36.47999954223633,31.159896850585938
2006-08-09,36.529998779296875,31.202587127685547
2006-08-10,36.790000915527344,31.424694061279297
2006-08-11,36.529998779296875,31.202587127685547
2006-08-14,36.77000045776367,31.40760040283203
2006-08-15,37.70000076293945,32.20196533203125
2006-08-16,38.59000015258789,32.962181091308594
2006-08-17,38.72999954223633,33.08175277709961
2006-08-18,38.790000915527344,33.132999420166016
2006-08-21,38.41999816894531,32.81697463989258
2006-08-22,38.43000030517578,32.82551574707031
2006-08-23,38.13999938964844,32.577789306640625
2006-08-24,38.25,32.67177200317383
2006-08-25,38.31999969482422,32.73155212402344
2006-08-28,38.61000061035156,32.97925567626953
2006-08-29,38.72999954223633,33.08175277709961
2006-08-30,38.90999984741211,33.235511779785156
2006-08-31,38.869998931884766,33.20133590698242
2006-09-01,39.08000183105469,33.3807258605957
2006-09-05,39.459999084472656,33.70528793334961
2006-09-06,38.66999816894531,33.03050231933594
2006-09-07,38.4900016784668,32.876766204833984
2006-09-08,38.720001220703125,33.07321548461914
2006-09-11,38.959999084472656,33.2782096862793
2006-09-12,39.68000030517578,33.89321517944336
2006-09-13,39.95000076293945,34.12385177612305
2006-09-14,39.9900016784668,34.15800094604492
2006-09-15,40.11000061035156,34.28023910522461
2006-09-18,40.119998931884766,34.288761138916016
2006-09-19,39.849998474121094,34.058006286621094
2006-09-20,40.43000030517578,34.55370330810547
2006-09-21,40.18000030517578,34.34002685546875
2006-09-22,39.869998931884766,34.075096130371094
2006-09-25,40.56999969482422,34.67334747314453
2006-09-26,40.77000045776367,34.84429931640625
2006-09-27,40.720001220703125,34.80156326293945
2006-09-28,40.83000183105469,34.89556121826172
2006-09-29,40.650001525878906,34.741729736328125
2006-10-02,40.13999938964844,34.30586624145508
2006-10-03,40.310001373291016,34.4511604309082
2006-10-04,41.29999923706055,35.29725646972656
2006-10-05,41.5,35.46821975708008
2006-10-06,41.40999984741211,35.39127731323242
2006-10-09,41.54999923706055,35.51092529296875
2006-10-10,41.619998931884766,35.570735931396484
2006-10-11,41.540000915527344,35.50238800048828
2006-10-12,42.20000076293945,36.06645202636719
2006-10-13,42.43000030517578,36.26302719116211
2006-10-16,42.470001220703125,36.29719543457031
2006-10-17,42.0,35.89552688598633
2006-10-18,41.79999923706055,35.72458267211914
2006-10-19,41.900001525878906,35.81003952026367
2006-10-20,42.0,35.89552688598633
2006-10-23,42.43000030517578,36.26302719116211
2006-10-24,42.13999938964844,36.01515579223633
2006-10-25,42.43000030517578,36.26302719116211
2006-10-26,42.81999969482422,36.596343994140625
2006-10-27,42.209999084472656,36.07499694824219
2006-10-30,42.47999954223633,36.305755615234375
2006-10-31,42.58000183105469,36.39122009277344
2006-11-01,42.0,35.89552688598633
2006-11-02,42.040000915527344,35.9296989440918
2006-11-03,41.93000030517578,35.83568572998047
2006-11-06,42.540000915527344,36.3570442199707
2006-11-07,42.83000183105469,36.60489273071289
2006-11-08,43.029998779296875,36.77580261230469
2006-11-09,42.83000183105469,36.60489273071289
2006-11-10,43.029998779296875,36.77580261230469
2006-11-13,43.470001220703125,37.151851654052734
2006-11-14,43.93000030517578,37.54501724243164
2006-11-15,44.11000061035156,37.69883728027344
2006-11-16,44.29999923706055,37.86123275756836
2006-11-17,44.29999923706055,37.86123275756836
2006-11-20,44.38999938964844,37.93815231323242
2006-11-21,44.45000076293945,37.98942565917969
2006-11-22,44.72999954223633,38.22874069213867
2006-11-24,44.650001525878906,38.16036605834961
2006-11-27,43.63999938964844,37.29714584350586
2006-11-28,43.77000045776367,37.40826416015625
2006-11-29,44.06999969482422,37.66464614868164
2006-11-30,44.040000915527344,37.63901901245117
2006-12-01,43.65999984741211,37.31424331665039
2006-12-04,44.2599983215332,37.8270378112793
2006-12-05,44.41999816894531,37.96377182006836
2006-12-06,44.2599983215332,37.8270378112793
2006-12-07,43.70000076293945,37.34843444824219
2006-12-08,43.900001525878906,37.51936340332031
2006-12-11,44.060001373291016,37.65612030029297
2006-12-12,43.79999923706055,37.43389129638672
2006-12-13,43.880001068115234,37.502288818359375
2006-12-14,44.369998931884766,37.921043395996094
2006-12-15,44.43000030517578,38.01860046386719
2006-12-18,43.9900016784668,37.64209747314453
2006-12-19,43.849998474121094,37.52229690551758
2006-12-20,43.689998626708984,37.38539505004883
2006-12-21,43.380001068115234,37.120113372802734
2006-12-22,42.93000030517578,36.735050201416016
2006-12-26,43.11000061035156,36.88908386230469
2006-12-27,43.33000183105469,37.07733917236328
2006-12-28,43.119998931884766,36.89763259887695
2006-12-29,43.15999984741211,36.931884765625
2007-01-03,43.2400016784668,37.00032043457031
2007-01-04,44.060001373291016,37.702003479003906
2007-01-05,43.849998474121094,37.52229690551758
2007-01-08,43.880001068115234,37.547977447509766
2007-01-09,44.099998474121094,37.7362174987793
2007-01-10,44.619998931884766,38.181175231933594
2007-01-11,45.08000183105469,38.57481384277344
2007-01-12,45.310001373291016,38.7716178894043
2007-01-16,45.279998779296875,38.745948791503906
2007-01-17,44.90999984741211,38.42934036254883
2007-01-18,44.08000183105469,37.71912384033203
2007-01-19,44.16999816894531,37.79612350463867
2007-01-22,43.689998626708984,37.38539505004883
2007-01-23,43.58000183105469,37.291255950927734
2007-01-24,44.29999923706055,37.907371520996094
2007-01-25,43.72999954223633,37.41960525512695
2007-01-26,43.56999969482422,37.282718658447266
2007-01-29,43.61000061035156,37.31692123413086
2007-01-30,43.630001068115234,37.33405303955078
2007-01-31,44.06999969482422,37.71055603027344
2007-02-01,44.0,37.65066146850586
2007-02-02,44.15999984741211,37.787559509277344
2007-02-05,44.119998931884766,37.75334167480469
2007-02-06,44.060001373291016,37.702003479003906
2007-02-07,44.459999084472656,38.04426193237305
2007-02-08,44.45000076293945,38.03571701049805
2007-02-09,43.880001068115234,37.547977447509766
2007-02-12,43.709999084472656,37.402488708496094
2007-02-13,43.86000061035156,37.53083801269531
2007-02-14,44.599998474121094,38.16404724121094
2007-02-15,44.86000061035156,38.38654327392578
2007-02-16,44.709999084472656,38.25819396972656
2007-02-20,45.04999923706055,38.549129486083984
2007-02-21,45.189998626708984,38.668922424316406
2007-02-22,45.41999816894531,38.8657341003418
2007-02-23,45.2599983215332,38.72883224487305
2007-02-26,45.040000915527344,38.54056167602539
2007-02-27,43.189998626708984,36.9575309753418
2007-02-28,43.33000183105469,37.07733917236328
2007-03-01,43.130001068115234,36.90620040893555
2007-03-02,42.47999954223633,36.34998321533203
2007-03-05,42.150001525878906,36.06760025024414
2007-03-06,42.849998474121094,36.66659927368164
2007-03-07,42.68000030517578,36.521141052246094
2007-03-08,42.970001220703125,36.769290924072266
2007-03-09,42.93000030517578,36.735050201416016
2007-03-12,43.209999084472656,36.97465896606445
2007-03-13,42.369998931884766,36.2558708190918
2007-03-14,42.9900016784668,36.78639221191406
2007-03-15,42.88999938964844,36.700843811035156
2007-03-16,42.83000183105469,36.67258071899414
2007-03-19,43.27000045776367,37.04931640625
2007-03-20,43.58000183105469,37.31475067138672
2007-03-21,44.41999816894531,38.03398513793945
2007-03-22,44.2599983215332,37.897003173828125
2007-03-23,44.119998931884766,37.77712631225586
2007-03-26,44.29999923706055,37.93122863769531
2007-03-27,43.9900016784668,37.66580581665039
2007-03-28,43.52000045776367,37.26338577270508
2007-03-29,43.56999969482422,37.30620193481445
2007-03-30,43.529998779296875,37.27193069458008
2007-04-02,43.59000015258789,37.32331085205078
2007-04-03,44.15999984741211,37.811378479003906
2007-04-04,44.34000015258789,37.96548843383789
2007-04-05,44.560001373291016,38.153873443603516
2007-04-09,44.45000076293945,38.0596809387207
2007-04-10,44.68000030517578,38.25661849975586
2007-04-11,44.209999084472656,37.85417938232422
2007-04-12,44.560001373291016,38.153873443603516
2007-04-13,44.650001525878906,38.23093032836914
2007-04-16,45.060001373291016,38.58197784423828
2007-04-17,45.15999984741211,38.6676139831543
2007-04-18,45.0099983215332,38.539154052734375
2007-04-19,45.150001525878906,38.6590461730957
2007-04-20,45.400001525878906,38.87309265136719
2007-04-23,45.470001220703125,38.93305587768555
2007-04-24,45.70000076293945,39.129966735839844
2007-04-25,46.310001373291016,39.65229034423828
2007-04-26,46.54999923706055,39.85776138305664
2007-04-27,46.56999969482422,39.87489318847656
2007-04-30,45.959999084472656,39.352603912353516
2007-05-01,45.91999816894531,39.31834030151367
2007-05-02,46.41999816894531,39.74646759033203
2007-05-03,46.59000015258789,39.89202880859375
2007-05-04,46.630001068115234,39.92627716064453
2007-05-07,46.630001068115234,39.92627716064453
2007-05-08,46.72999954223633,40.011898040771484
2007-05-09,46.83000183105469,40.0975227355957
2007-05-10,46.189998626708984,39.549530029296875
2007-05-11,46.779998779296875,40.05470657348633
2007-05-14,46.459999084472656,39.780704498291016
2007-05-15,46.099998474121094,39.472469329833984
2007-05-16,46.54999923706055,39.85776138305664
2007-05-17,46.33000183105469,39.66939926147461
2007-05-18,46.709999084472656,39.9947624206543
2007-05-21,47.0099983215332,40.25162887573242
2007-05-22,47.04999923706055,40.28587341308594
2007-05-23,46.83000183105469,40.0975227355957
2007-05-24,46.15999984741211,39.523860931396484
2007-05-25,46.45000076293945,39.77214431762695
2007-05-29,46.810001373291016,40.080406188964844
2007-05-30,47.189998626708984,40.40575408935547
2007-05-31,47.40999984741211,40.594139099121094
2007-06-01,47.439998626708984,40.61981964111328
2007-06-04,47.58000183105469,40.73969268798828
2007-06-05,47.58000183105469,40.73969268798828
2007-06-06,47.06999969482422,40.303009033203125
2007-06-07,46.34000015258789,39.67794418334961
2007-06-08,46.90999984741211,40.166019439697266
2007-06-11,46.81999969482422,40.088951110839844
2007-06-12,46.540000915527344,39.84919738769531
2007-06-13,47.04999923706055,40.28587341308594
2007-06-14,47.36000061035156,40.551326751708984
2007-06-15,47.7599983215332,40.92578125
2007-06-18,47.77000045776367,40.934356689453125
2007-06-19,47.7599983215332,40.92578125
2007-06-20,47.310001373291016,40.54018783569336
2007-06-21,47.7400016784668,40.908653259277344
2007-06-22,47.290000915527344,40.52304458618164
2007-06-25,47.09000015258789,40.351646423339844
2007-06-26,46.81999969482422,40.12030029296875
2007-06-27,47.540000915527344,40.73725891113281
2007-06-28,47.52000045776367,40.72015380859375
2007-06-29,47.599998474121094,40.78867721557617
2007-07-02,48.029998779296875,41.15716552734375
2007-07-03,48.310001373291016,41.3970832824707
2007-07-05,48.65999984741211,41.696998596191406
2007-07-06,48.86000061035156,41.8683967590332
2007-07-09,48.88999938964844,41.894081115722656
2007-07-10,48.47999954223633,41.54275894165039
2007-07-11,48.810001373291016,41.82552719116211
2007-07-12,49.560001373291016,42.46822738647461
2007-07-13,49.900001525878906,42.759578704833984
2007-07-16,49.849998474121094,42.71671676635742
2007-07-17,50.22999954223633,43.0423469543457
2007-07-18,50.16999816894531,42.990936279296875
2007-07-19,50.31999969482422,43.11946487426758
2007-07-20,50.04999923706055,42.888126373291016
2007-07-23,50.06999969482422,42.90523147583008
2007-07-24,49.33000183105469,42.27114486694336
2007-07-25,49.400001525878906,42.33109664916992
2007-07-26,48.97999954223633,41.97120666503906
2007-07-27,47.9900016784668,41.12287139892578
2007-07-30,48.54999923706055,41.60273742675781
2007-07-31,47.529998779296875,40.72870635986328
2007-08-01,47.900001525878906,41.04576873779297
2007-08-02,48.34000015258789,41.42279052734375
2007-08-03,47.41999816894531,40.634429931640625
2007-08-06,47.970001220703125,41.105743408203125
2007-08-07,48.310001373291016,41.3970832824707
2007-08-08,48.84000015258789,41.85125732421875
2007-08-09,47.709999084472656,40.88295364379883
2007-08-10,47.279998779296875,40.51447677612305
2007-08-13,47.599998474121094,40.78867721557617
2007-08-14,46.790000915527344,40.09458923339844
2007-08-15,45.900001525878906,39.33194351196289
2007-08-16,45.45000076293945,38.94633102416992
2007-08-17,46.310001373291016,39.683284759521484
2007-08-20,46.529998779296875,39.871788024902344
2007-08-21,47.02000045776367,40.291683197021484
2007-08-22,47.65999984741211,40.8400993347168
2007-08-23,47.529998779296875,40.72870635986328
2007-08-24,48.20000076293945,41.30283737182617
2007-08-27,47.880001068115234,41.02862548828125
2007-08-28,46.7400016784668,40.051761627197266
2007-08-29,48.08000183105469,41.199981689453125
2007-08-30,48.33000183105469,41.41424560546875
2007-08-31,48.869998931884766,41.87694549560547
2007-09-04,49.68000030517578,42.571044921875
2007-09-05,49.18000030517578,42.14260482788086
2007-09-06,49.13999938964844,42.10831832885742
2007-09-07,48.22999954223633,41.328548431396484
2007-09-10,48.20000076293945,41.30283737182617
2007-09-11,48.93000030517578,41.928375244140625
2007-09-12,48.939998626708984,41.93693542480469
2007-09-13,49.18000030517578,42.14260482788086
2007-09-14,49.220001220703125,42.176883697509766
2007-09-17,48.810001373291016,41.82552719116211
2007-09-18,50.040000915527344,42.87953567504883
2007-09-19,50.16999816894531,42.990936279296875
2007-09-20,50.029998779296875,42.870967864990234
2007-09-21,50.36000061035156,43.17618179321289
2007-09-24,50.59000015258789,43.37336730957031
2007-09-25,51.06999969482422,43.78490447998047
2007-09-26,51.31999969482422,43.999229431152344
2007-09-27,51.58000183105469,44.22214889526367
2007-09-28,51.40999984741211,44.076393127441406
2007-10-01,52.0,44.58223342895508
2007-10-02,52.0099983215332,44.590816497802734
2007-10-03,51.650001525878906,44.282188415527344
2007-10-04,51.77000045776367,44.38504409790039
2007-10-05,52.81999969482422,45.28527069091797
2007-10-08,53.150001525878906,45.56818389892578
2007-10-09,53.380001068115234,45.765380859375
2007-10-10,53.5099983215332,45.876827239990234
2007-10-11,52.65999984741211,45.14806365966797
2007-10-12,53.529998779296875,45.893978118896484
2007-10-15,53.119998931884766,45.54245376586914
2007-10-16,52.869998931884766,45.32810974121094
2007-10-17,53.54999923706055,45.91111755371094
2007-10-18,53.779998779296875,46.10833740234375
2007-10-19,52.439998626708984,44.959476470947266
2007-10-22,53.06999969482422,45.499603271484375
2007-10-23,54.18000030517578,46.45125961303711
2007-10-24,53.77000045776367,46.099754333496094
2007-10-25,53.04999923706055,45.482452392578125
2007-10-26,53.93000030517578,46.23693084716797
2007-10-29,54.150001525878906,46.42554473876953
2007-10-30,54.2599983215332,46.51985549926758
2007-10-31,55.029998779296875,47.18001174926758
2007-11-01,54.0,46.29693603515625
2007-11-02,54.41999816894531,46.657039642333984
2007-11-05,54.06999969482422,46.3569450378418
2007-11-06,54.68000030517578,46.87992858886719
2007-11-07,53.349998474121094,45.73964309692383
2007-11-08,51.72999954223633,44.35076141357422
2007-11-09,50.0,42.867530822753906
2007-11-12,48.72999954223633,41.7786979675293
2007-11-13,50.7400016784668,43.501983642578125
2007-11-14,50.09000015258789,42.944705963134766
2007-11-15,49.81999969482422,42.71322250366211
2007-11-16,50.279998779296875,43.10758972167969
2007-11-19,49.70000076293945,42.61033630371094
2007-11-20,49.900001525878906,42.78181076049805
2007-11-21,49.310001373291016,42.275978088378906
2007-11-23,49.84000015258789,42.7303581237793
2007-11-26,48.97999954223633,41.99303436279297
2007-11-27,49.959999084472656,42.83323287963867
2007-11-28,51.47999954223633,44.136409759521484
2007-11-29,51.70000076293945,44.325016021728516
2007-11-30,51.310001373291016,43.99067687988281
2007-12-03,50.880001068115234,43.62201690673828
2007-12-04,50.66999816894531,43.44196701049805
2007-12-05,51.58000183105469,44.22214889526367
2007-12-06,52.31999969482422,44.85658645629883
2007-12-07,52.33000183105469,44.86515808105469
2007-12-10,52.540000915527344,45.04521179199219
2007-12-11,51.31999969482422,43.999229431152344
2007-12-12,51.779998779296875,44.393611907958984
2007-12-13,51.5,44.153564453125
2007-12-14,50.970001220703125,43.69916915893555
2007-12-17,49.72999954223633,42.63605499267578
2007-12-18,49.88999938964844,42.773216247558594
2007-12-19,49.880001068115234,42.764644622802734
2007-12-20,50.900001525878906,43.639156341552734
2007-12-21,51.849998474121094,44.499977111816406
2007-12-24,52.2400016784668,44.834678649902344
2007-12-26,52.5,45.05781936645508
2007-12-27,51.869998931884766,44.517127990722656
2007-12-28,51.81999969482422,44.47422790527344
2007-12-31,51.220001220703125,43.95927810668945
2008-01-02,50.40999984741211,43.26408004760742
2008-01-03,50.619998931884766,43.44432067871094
2008-01-04,48.400001525878906,41.53904342651367
2008-01-07,48.16999816894531,41.34162139892578
2008-01-08,46.91999816894531,40.268821716308594
2008-01-09,47.91999816894531,41.127071380615234
2008-01-10,47.9900016784668,41.18715286254883
2008-01-11,47.04999923706055,40.38039779663086
2008-01-14,47.869998931884766,41.08415222167969
2008-01-15,46.54999923706055,39.951255798339844
2008-01-16,46.04999923706055,39.522151947021484
2008-01-17,45.40999984741211,38.97285842895508
2008-01-18,45.349998474121094,38.92137908935547
2008-01-22,44.18000030517578,37.9172477722168
2008-01-23,44.0099983215332,37.771339416503906
2008-01-24,44.90999984741211,38.54375457763672
2008-01-25,43.9900016784668,37.75416564941406
2008-01-28,44.33000183105469,38.045963287353516
2008-01-29,44.40999984741211,38.1146240234375
2008-01-30,44.369998931884766,38.08031463623047
2008-01-31,45.130001068115234,38.732566833496094
2008-02-01,45.59000015258789,39.12736892700195
2008-02-04,44.95000076293945,38.57809066772461
2008-02-05,43.66999816894531,37.479530334472656
2008-02-06,42.810001373291016,36.741455078125
2008-02-07,43.11000061035156,36.99892807006836
2008-02-08,43.599998474121094,37.41944122314453
2008-02-11,44.06999969482422,37.82282257080078
2008-02-12,43.81999969482422,37.60825729370117
2008-02-13,44.779998779296875,38.43218994140625
2008-02-14,43.970001220703125,37.73700714111328
2008-02-15,43.81999969482422,37.60825729370117
2008-02-19,43.7400016784668,37.53960037231445
2008-02-20,43.939998626708984,37.711238861083984
2008-02-21,43.52000045776367,37.35080337524414
2008-02-22,43.68000030517578,37.48810577392578
2008-02-25,43.900001525878906,37.67692184448242
2008-02-26,44.06999969482422,37.82282257080078
2008-02-27,44.290000915527344,38.011653900146484
2008-02-28,44.119998931884766,37.865745544433594
2008-02-29,42.95000076293945,36.86159896850586
2008-03-03,42.66999816894531,36.62129211425781
2008-03-04,42.90999984741211,36.82726287841797
2008-03-05,43.119998931884766,37.00749969482422
2008-03-06,42.16999816894531,36.19215774536133
2008-03-07,42.06999969482422,36.10634231567383
2008-03-10,41.2599983215332,35.411136627197266
2008-03-11,42.83000183105469,36.75859832763672
2008-03-12,42.709999084472656,36.6556282043457
2008-03-13,43.040000915527344,36.938838958740234
2008-03-14,42.25,36.260826110839844
2008-03-17,41.47999954223633,35.5999755859375
2008-03-18,43.33000183105469,37.18773651123047
2008-03-19,42.2599983215332,36.2694091796875
2008-03-20,43.09000015258789,37.01066589355469
2008-03-24,44.58000183105469,38.29042053222656
2008-03-25,44.83000183105469,38.505149841308594
2008-03-26,44.70000076293945,38.39350128173828
2008-03-27,43.709999084472656,37.54317855834961
2008-03-28,43.4900016784668,37.35419845581055
2008-03-31,43.720001220703125,37.551780700683594
2008-04-01,45.59000015258789,39.15794372558594
2008-04-02,45.4900016784668,39.07202911376953
2008-04-03,45.59000015258789,39.15794372558594
2008-04-04,45.86000061035156,39.389854431152344
2008-04-07,45.7599983215332,39.303951263427734
2008-04-08,45.40999984741211,39.003318786621094
2008-04-09,44.900001525878906,38.5652961730957
2008-04-10,45.540000915527344,39.11499786376953
2008-04-11,44.279998779296875,38.03276824951172
2008-04-14,44.08000183105469,37.86098098754883
2008-04-15,44.13999938964844,37.912506103515625
2008-04-16,45.369998931884766,38.96895980834961
2008-04-17,45.27000045776367,38.883094787597656
2008-04-18,46.709999084472656,40.11993408203125
2008-04-21,47.040000915527344,40.40336990356445
2008-04-22,46.34000015258789,39.8021240234375
2008-04-23,46.849998474121094,40.24015808105469
2008-04-24,47.27000045776367,40.60091018676758
2008-04-25,47.150001525878906,40.49784469604492
2008-04-28,47.2400016784668,40.57514953613281
2008-04-29,47.599998474121094,40.88435745239258
2008-04-30,47.209999084472656,40.54938507080078
2008-05-01,48.70000076293945,41.829166412353516
2008-05-02,48.77000045776367,41.889286041259766
2008-05-05,48.630001068115234,41.76903533935547
2008-05-06,48.93000030517578,42.02671432495117
2008-05-07,48.040000915527344,41.26228713989258
2008-05-08,48.400001525878906,41.571510314941406
2008-05-09,48.209999084472656,41.408287048339844
2008-05-12,49.09000015258789,42.16413497924805
2008-05-13,49.220001220703125,42.27581024169922
2008-05-14,49.11000061035156,42.18132400512695
2008-05-15,49.970001220703125,42.91997146606445
2008-05-16,50.0099983215332,42.9543342590332
2008-05-19,49.650001525878906,42.64512634277344
2008-05-20,49.27000045776367,42.318748474121094
2008-05-21,48.18000030517578,41.382537841796875
2008-05-22,48.349998474121094,41.52854919433594
2008-05-23,48.20000076293945,41.399715423583984
2008-05-27,49.04999923706055,42.129783630371094
2008-05-28,49.25,42.301570892333984
2008-05-29,49.689998626708984,42.67949295043945
2008-05-30,50.0099983215332,42.9543342590332
2008-06-02,49.400001525878906,42.43040466308594
2008-06-03,49.130001068115234,42.198490142822266
2008-06-04,49.7599983215332,42.73961639404297
2008-06-05,50.54999923706055,43.41814041137695
2008-06-06,49.029998779296875,42.112586975097656
2008-06-09,48.77000045776367,41.889286041259766
2008-06-10,48.540000915527344,41.69173812866211
2008-06-11,47.369998931884766,40.686798095703125
2008-06-12,47.41999816894531,40.72975158691406
2008-06-13,48.369998931884766,41.545719146728516
2008-06-16,48.79999923706055,41.91505432128906
2008-06-17,48.540000915527344,41.69173812866211
2008-06-18,48.02000045776367,41.245094299316406
2008-06-19,48.77000045776367,41.889286041259766
2008-06-20,47.41999816894531,40.758174896240234
2008-06-23,47.04999923706055,40.44013595581055
2008-06-24,46.810001373291016,40.233863830566406
2008-06-25,47.56999969482422,40.88710403442383
2008-06-26,45.650001525878906,39.23682403564453
2008-06-27,45.650001525878906,39.23682403564453
2008-06-30,45.16999816894531,38.824241638183594
2008-07-01,45.810001373291016,39.37433624267578
2008-07-02,44.709999084472656,38.42887496948242
2008-07-03,44.630001068115234,38.36011505126953
2008-07-07,44.900001525878906,38.592201232910156
2008-07-08,45.970001220703125,39.511878967285156
2008-07-09,44.75,38.463253021240234
2008-07-10,45.279998779296875,38.91880416870117
2008-07-11,44.560001373291016,38.29995346069336
2008-07-14,44.22999954223633,38.01630783081055
2008-07-15,44.2400016784668,38.024898529052734
2008-07-16,45.34000015258789,38.97037887573242
2008-07-17,45.63999938964844,39.228233337402344
2008-07-18,44.59000015258789,38.32573699951172
2008-07-21,44.779998779296875,38.489051818847656
2008-07-22,44.779998779296875,38.489051818847656
2008-07-23,45.369998931884766,38.996158599853516
2008-07-24,44.689998626708984,38.41170120239258
2008-07-25,45.27000045776367,38.910221099853516
2008-07-28,44.41999816894531,38.17961502075195
2008-07-29,45.34000015258789,38.97037887573242
2008-07-30,45.56999969482422,39.16806411743164
2008-07-31,45.459999084472656,39.07351303100586
2008-08-01,44.880001068115234,38.575016021728516
2008-08-04,44.43000030517578,38.18821716308594
2008-08-05,45.93000030517578,39.47749328613281
2008-08-06,46.630001068115234,40.07914733886719
2008-08-07,46.27000045776367,39.76972579956055
2008-08-08,47.31999969482422,40.672218322753906
2008-08-11,47.75,41.04179382324219
2008-08-12,47.79999923706055,41.084781646728516
2008-08-13,47.70000076293945,40.998817443847656
2008-08-14,48.25,41.4715576171875
2008-08-15,48.15999984741211,41.39419937133789
2008-08-18,47.599998474121094,40.912872314453125
2008-08-19,47.0099983215332,40.40576171875
2008-08-20,47.09000015258789,40.474510192871094
2008-08-21,46.869998931884766,40.28544616699219
2008-08-22,47.4900016784668,40.81832504272461
2008-08-25,46.4900016784668,39.95881652832031
2008-08-26,46.43000030517578,39.90723419189453
2008-08-27,46.72999954223633,40.165096282958984
2008-08-28,47.11000061035156,40.491729736328125
2008-08-29,46.119998931884766,39.64078903198242
2008-09-02,45.54999923706055,39.1508674621582
2008-09-03,45.119998931884766,38.78127670288086
2008-09-04,43.65999984741211,37.526405334472656
2008-09-05,43.45000076293945,37.34588623046875
2008-09-08,43.369998931884766,37.27714157104492
2008-09-09,42.45000076293945,36.48637771606445
2008-09-10,42.79999923706055,36.78721237182617
2008-09-11,43.599998474121094,37.47481155395508
2008-09-12,43.43000030517578,37.32870101928711
2008-09-15,42.08000183105469,36.168357849121094
2008-09-16,42.40999984741211,36.451995849609375
2008-09-17,40.209999084472656,34.561073303222656
2008-09-18,41.56999969482422,35.73001480102539
2008-09-19,42.900001525878906,36.898033142089844
2008-09-22,40.880001068115234,35.1606330871582
2008-09-23,40.56999969482422,34.89401626586914
2008-09-24,40.849998474121094,35.13482666015625
2008-09-25,41.5,35.69388961791992
2008-09-26,41.08000183105469,35.332645416259766
2008-09-29,37.81999969482422,32.528743743896484
2008-09-30,38.90999984741211,33.46623229980469
2008-10-01,38.5,33.11361312866211
2008-10-02,36.75,31.608448028564453
2008-10-03,36.18000030517578,31.11817169189453
2008-10-06,34.86000061035156,29.982868194580078
2008-10-07,32.650001525878906,28.08205795288086
2008-10-08,32.38999938964844,27.858427047729492
2008-10-09,31.520000457763672,27.110153198242188
2008-10-10,31.31999969482422,26.938133239746094
2008-10-13,35.130001068115234,30.215072631835938
2008-10-14,33.61000061035156,28.907745361328125
2008-10-15,30.600000381469727,26.31886100769043
2008-10-16,32.2599983215332,27.74661636352539
2008-10-17,32.29999923706055,27.781015396118164
2008-10-20,33.20000076293945,28.555110931396484
2008-10-21,31.479999542236328,27.075754165649414
2008-10-22,30.610000610351562,26.327470779418945
2008-10-23,30.489999771118164,26.224254608154297
2008-10-24,29.510000228881836,25.38135528564453
2008-10-27,28.690000534057617,24.676084518432617
2008-10-28,31.860000610351562,27.402585983276367
2008-10-29,31.780000686645508,27.333768844604492
2008-10-30,32.84000015258789,28.2454833984375
2008-10-31,32.88999938964844,28.288482666015625
2008-11-03,32.81999969482422,28.228271484375
2008-11-04,33.75,29.028162002563477
2008-11-05,31.989999771118164,27.51439094543457
2008-11-06,30.559999465942383,26.28446388244629
2008-11-07,31.190000534057617,26.826318740844727
2008-11-10,30.770000457763672,26.46508026123047
2008-11-11,30.100000381469727,25.888816833496094
2008-11-12,28.709999084472656,24.693283081054688
2008-11-13,30.459999084472656,26.198440551757812
2008-11-14,28.979999542236328,24.92551040649414
2008-11-17,28.3700008392334,24.400859832763672
2008-11-18,28.34000015258789,24.37505340576172
2008-11-19,26.860000610351562,23.10211181640625
2008-11-20,25.559999465942383,21.98400115966797
2008-11-21,26.670000076293945,22.938690185546875
2008-11-24,28.299999237060547,24.34064483642578
2008-11-25,28.170000076293945,24.22882843017578
2008-11-26,29.350000381469727,25.243743896484375
2008-11-28,29.1200008392334,25.045928955078125
2008-12-01,26.93000030517578,23.162322998046875
2008-12-02,27.829999923706055,23.93640899658203
2008-12-03,28.6200008392334,24.615873336791992
2008-12-04,27.809999465942383,23.919206619262695
2008-12-05,28.940000534057617,24.891109466552734
2008-12-08,30.079999923706055,25.871620178222656
2008-12-09,30.010000228881836,25.811412811279297
2008-12-10,29.90999984741211,25.725400924682617
2008-12-11,29.09000015258789,25.02012825012207
2008-12-12,29.68000030517578,25.52757453918457
2008-12-15,29.15999984741211,25.080324172973633
2008-12-16,30.559999465942383,26.28446388244629
2008-12-17,30.190000534057617,25.966224670410156
2008-12-18,29.65999984741211,25.510372161865234
2008-12-19,29.860000610351562,25.719680786132812
2008-12-22,29.209999084472656,25.159805297851562
2008-12-23,29.059999465942383,25.030609130859375
2008-12-24,29.139999389648438,25.099515914916992
2008-12-26,29.1299991607666,25.090900421142578
2008-12-29,28.889999389648438,24.884183883666992
2008-12-30,29.489999771118164,25.400981903076172
2008-12-31,29.739999771118164,25.616321563720703
2009-01-02,31.030000686645508,26.72745132446289
2009-01-05,31.020000457763672,26.718843460083008
2009-01-06,31.329999923706055,26.985849380493164
2009-01-07,30.440000534057617,26.219263076782227
2009-01-08,30.760000228881836,26.49489402770996
2009-01-09,30.06999969482422,25.900562286376953
2009-01-12,29.520000457763672,25.426820755004883
2009-01-13,29.530000686645508,25.435440063476562
2009-01-14,28.6299991607666,24.660236358642578
2009-01-15,29.100000381469727,25.0650634765625
2009-01-16,29.420000076293945,25.340696334838867
2009-01-20,27.959999084472656,24.083131790161133
2009-01-21,29.149999618530273,25.10812759399414
2009-01-22,28.760000228881836,24.7722110748291
2009-01-23,28.899999618530273,24.89279556274414
2009-01-26,29.110000610351562,25.073673248291016
2009-01-27,29.31999969482422,25.254554748535156
2009-01-28,30.350000381469727,26.141746520996094
2009-01-29,29.579999923706055,25.478498458862305
2009-01-30,29.059999465942383,25.030609130859375
2009-02-02,29.40999984741211,25.332080841064453
2009-02-03,29.8700008392334,25.728296279907227
2009-02-04,29.90999984741211,25.76275634765625
2009-02-05,30.56999969482422,26.331233978271484
2009-02-06,31.3700008392334,27.020307540893555
2009-02-09,31.5,27.13229751586914
2009-02-10,30.34000015258789,26.133129119873047
2009-02-11,30.200000762939453,26.01254653930664
2009-02-12,30.56999969482422,26.331233978271484
2009-02-13,30.43000030517578,26.210641860961914
2009-02-17,29.219999313354492,25.168420791625977
2009-02-18,29.239999771118164,25.185649871826172
2009-02-19,28.790000915527344,24.798051834106445
2009-02-20,28.8700008392334,24.866958618164062
2009-02-23,27.860000610351562,23.996984481811523
2009-02-24,28.780000686645508,24.7894344329834
2009-02-25,28.59000015258789,24.625778198242188
2009-02-26,27.790000915527344,23.93669891357422
2009-02-27,27.530000686645508,23.712753295898438
2009-03-02,26.639999389648438,22.94615936279297
2009-03-03,26.6200008392334,22.92893409729004
2009-03-04,27.329999923706055,23.540481567382812
2009-03-05,26.510000228881836,22.834190368652344
2009-03-06,26.299999237060547,22.65330696105957
2009-03-09,25.739999771118164,22.170949935913086
2009-03-10,27.329999923706055,23.540481567382812
2009-03-11,27.75,23.902250289916992
2009-03-12,28.670000076293945,24.694686889648438
2009-03-13,28.739999771118164,24.754972457885742
2009-03-16,28.260000228881836,24.34153175354004
2009-03-17,29.329999923706055,25.263160705566406
2009-03-18,29.700000762939453,25.581872940063477
2009-03-19,29.68000030517578,25.56464385986328
2009-03-20,29.18000030517578,25.175539016723633
2009-03-23,30.899999618530273,26.659486770629883
2009-03-24,30.329999923706055,26.167724609375
2009-03-25,30.469999313354492,26.288503646850586
2009-03-26,31.40999984741211,27.09950065612793
2009-03-27,30.81999969482422,26.590476989746094
2009-03-30,30.059999465942383,25.934768676757812
2009-03-31,30.31999969482422,26.15908432006836
2009-04-01,30.770000457763672,26.54732894897461
2009-04-02,31.760000228881836,27.40147590637207
2009-04-03,32.349998474121094,27.910505294799805
2009-04-06,32.27000045776367,27.84148597717285
2009-04-07,31.420000076293945,27.10812759399414
2009-04-08,31.950000762939453,27.565391540527344
2009-04-09,32.939998626708984,28.41953468322754
2009-04-13,32.88999938964844,28.37639808654785
2009-04-14,32.4900016784668,28.031295776367188
2009-04-15,32.400001525878906,27.953645706176758
2009-04-16,33.2400016784668,28.678369522094727
2009-04-17,33.310001373291016,28.738752365112305
2009-04-20,32.2400016784668,27.81560516357422
2009-04-21,32.689998626708984,28.203834533691406
2009-04-22,32.790000915527344,28.290115356445312
2009-04-23,33.11000061035156,28.566219329833984
2009-04-24,33.689998626708984,29.066612243652344
2009-04-27,33.72999954223633,29.10112762451172
2009-04-28,33.47999954223633,28.88542938232422
2009-04-29,33.939998626708984,29.282299041748047
2009-04-30,34.279998779296875,29.575637817382812
2009-05-01,34.369998931884766,29.653289794921875
2009-05-04,35.04999923706055,30.239973068237305
2009-05-05,35.02000045776367,30.214094161987305
2009-05-06,35.029998779296875,30.222713470458984
2009-05-07,34.209999084472656,29.515239715576172
2009-05-08,34.22999954223633,29.53249168395996
2009-05-11,34.349998474121094,29.63603973388672
2009-05-12,33.93000030517578,29.27367401123047
2009-05-13,33.02000045776367,28.48855972290039
2009-05-14,33.38999938964844,28.807781219482422
2009-05-15,33.369998931884766,28.790512084960938
2009-05-18,34.2400016784668,29.541133880615234
2009-05-19,34.400001525878906,29.679166793823242
2009-05-20,34.279998779296875,29.575637817382812
2009-05-21,33.650001525878906,29.0320987701416
2009-05-22,33.540000915527344,28.93719482421875
2009-05-26,34.790000915527344,30.01564598083496
2009-05-27,34.54999923706055,29.808584213256836
2009-05-28,34.95000076293945,30.1536808013916
2009-05-29,35.380001068115234,30.524688720703125
2009-06-01,36.38999938964844,31.396093368530273
2009-06-02,36.439998626708984,31.43921661376953
2009-06-03,36.33000183105469,31.344316482543945
2009-06-04,36.7400016784668,31.69805145263672
2009-06-05,36.779998779296875,31.732561111450195
2009-06-08,36.66999816894531,31.637649536132812
2009-06-09,36.95000076293945,31.879215240478516
2009-06-10,36.81999969482422,31.7670841217041
2009-06-11,36.81999969482422,31.7670841217041
2009-06-12,36.650001525878906,31.620399475097656
2009-06-15,35.900001525878906,30.97331428527832
2009-06-16,35.54999923706055,30.67135238647461
2009-06-17,35.88999938964844,30.964704513549805
2009-06-18,35.81999969482422,30.9043025970459
2009-06-19,36.15999984741211,31.23601531982422
2009-06-22,35.08000183105469,30.303077697753906
2009-06-23,35.0,30.233966827392578
2009-06-24,35.59000015258789,30.743629455566406
2009-06-25,36.290000915527344,31.348299026489258
2009-06-26,36.369998931884766,31.417430877685547
2009-06-29,36.45000076293945,31.48653221130371
2009-06-30,36.380001068115234,31.426048278808594
2009-07-01,36.400001525878906,31.44333267211914
2009-07-02,35.599998474121094,30.752273559570312
2009-07-06,35.40999984741211,30.58812713623047
2009-07-07,34.529998779296875,29.82798194885254
2009-07-08,34.709999084472656,29.983461380004883
2009-07-09,34.77000045776367,30.03529930114746
2009-07-10,34.91999816894531,30.164857864379883
2009-07-13,35.59000015258789,30.743629455566406
2009-07-14,35.720001220703125,30.855934143066406
2009-07-15,36.91999816894531,31.89251708984375
2009-07-16,37.36000061035156,32.27260208129883
2009-07-17,37.560001373291016,32.44535827636719
2009-07-20,37.91999816894531,32.75636672973633
2009-07-21,38.18000030517578,32.9809455871582
2009-07-22,38.5,33.25737762451172
2009-07-23,39.349998474121094,33.991615295410156
2009-07-24,39.04999923706055,33.73246765136719
2009-07-27,39.349998474121094,33.991615295410156
2009-07-28,39.08000183105469,33.75838088989258
2009-07-29,39.34000015258789,33.982994079589844
2009-07-30,39.56999969482422,34.18165588378906
2009-07-31,39.45000076293945,34.0780029296875
2009-08-03,40.040000915527344,34.5876579284668
2009-08-04,40.040000915527344,34.5876579284668
2009-08-05,39.72999954223633,34.31986999511719
2009-08-06,39.380001068115234,34.01753234863281
2009-08-07,39.880001068115234,34.4494514465332
2009-08-10,39.599998474121094,34.20757293701172
2009-08-11,39.2599983215332,33.91387176513672
2009-08-12,39.869998931884766,34.44082260131836
2009-08-13,40.09000015258789,34.630859375
2009-08-14,39.630001068115234,34.233489990234375
2009-08-17,38.47999954223633,33.24009323120117
2009-08-18,39.029998779296875,33.71518325805664
2009-08-19,39.29999923706055,33.94844436645508
2009-08-20,39.7599983215332,34.34578323364258
2009-08-21,40.290000915527344,34.803619384765625
2009-08-24,40.25,34.76906967163086
2009-08-25,40.369998931884766,34.87273406982422
2009-08-26,40.29999923706055,34.812255859375
2009-08-27,40.400001525878906,34.89863586425781
2009-08-28,40.439998626708984,34.93319320678711
2009-08-31,40.029998779296875,34.57902145385742
2009-09-01,39.279998779296875,33.9311637878418
2009-09-02,39.25,33.90524673461914
2009-09-03,39.5099983215332,34.12983322143555
2009-09-04,40.36000061035156,34.86408615112305
2009-09-08,40.7400016784668,35.19234085083008
2009-09-09,41.09000015258789,35.49469757080078
2009-09-10,41.47999954223633,35.83157730102539
2009-09-11,41.52000045776367,35.86613464355469
2009-09-14,41.68000030517578,36.00434112548828
2009-09-15,41.810001373291016,36.116641998291016
2009-09-16,42.41999816894531,36.64356994628906
2009-09-17,42.40999984741211,36.63493728637695
2009-09-18,42.439998626708984,36.696327209472656
2009-09-21,42.56999969482422,36.808738708496094
2009-09-22,42.650001525878906,36.8779182434082
2009-09-23,42.45000076293945,36.70496368408203
2009-09-24,42.06999969482422,36.37639617919922
2009-09-25,41.70000076293945,36.05646896362305
2009-09-28,42.40999984741211,36.670406341552734
2009-09-29,42.220001220703125,36.506103515625
2009-09-30,42.25,36.532039642333984
2009-10-01,41.0,35.45121765136719
2009-10-02,40.880001068115234,35.34745788574219
2009-10-05,41.209999084472656,35.63278579711914
2009-10-06,41.939998626708984,36.26398849487305
2009-10-07,42.060001373291016,36.36775588989258
2009-10-08,42.2400016784668,36.523399353027344
2009-10-09,42.47999954223633,36.73091125488281
2009-10-12,42.56999969482422,36.808738708496094
2009-10-13,42.58000183105469,36.81736755371094
2009-10-14,43.15999984741211,37.318885803222656
2009-10-15,43.060001373291016,37.232421875
2009-10-16,42.779998779296875,36.99030685424805
2009-10-19,43.209999084472656,37.36212158203125
2009-10-20,43.220001220703125,37.37076950073242
2009-10-21,43.13999938964844,37.30157470703125
2009-10-22,43.310001373291016,37.448570251464844
2009-10-23,43.130001068115234,37.29294967651367
2009-10-26,42.9900016784668,37.17189407348633
2009-10-27,42.34000015258789,36.609859466552734
2009-10-28,41.38999938964844,35.788429260253906
2009-10-29,42.09000015258789,36.39369201660156
2009-10-30,40.959999084472656,35.41660690307617
2009-11-02,41.130001068115234,35.563629150390625
2009-11-03,41.2599983215332,35.676021575927734
2009-11-04,41.33000183105469,35.73654556274414
2009-11-05,42.349998474121094,36.61851119995117
2009-11-06,42.599998474121094,36.83467483520508
2009-11-09,43.5099983215332,37.62149429321289
2009-11-10,43.619998931884766,37.716617584228516
2009-11-11,43.900001525878906,37.95873260498047
2009-11-12,43.650001525878906,37.74257278442383
2009-11-13,44.0099983215332,38.053855895996094
2009-11-16,44.459999084472656,38.44293975830078
2009-11-17,44.599998474121094,38.563995361328125
2009-11-18,44.349998474121094,38.34782409667969
2009-11-19,43.65999984741211,37.7512321472168
2009-11-20,43.439998626708984,37.56099319458008
2009-11-23,44.13999938964844,38.166259765625
2009-11-24,43.9900016784668,38.03654098510742
2009-11-25,44.18000030517578,38.20083236694336
2009-11-27,43.5099983215332,37.62149429321289
2009-11-30,43.560001373291016,37.664756774902344
2009-12-01,44.0099983215332,38.053855895996094
2009-12-02,44.06999969482422,38.1057243347168
2009-12-03,43.88999938964844,37.95009231567383
2009-12-04,44.119998931884766,38.14895248413086
2009-12-07,43.90999984741211,37.96738052368164
2009-12-08,43.63999938964844,37.73392868041992
2009-12-09,44.08000183105469,38.1143798828125
2009-12-10,44.29999923706055,38.304603576660156
2009-12-11,44.130001068115234,38.15761184692383
2009-12-14,44.54999923706055,38.52075958251953
2009-12-15,44.29999923706055,38.304603576660156
2009-12-16,44.36000061035156,38.35647201538086
2009-12-17,43.81999969482422,37.88957595825195
2009-12-18,44.459999084472656,38.5070915222168
2009-12-21,44.959999084472656,38.94015884399414
2009-12-22,45.22999954223633,39.17400360107422
2009-12-23,45.560001373291016,39.45979309082031
2009-12-24,45.97999954223633,39.82358169555664
2009-12-28,46.220001220703125,40.03144836425781
2009-12-29,46.029998779296875,39.86688995361328
2009-12-30,46.16999816894531,39.98813247680664
2009-12-31,45.75,39.62437438964844
2010-01-04,46.41999816894531,40.204654693603516
2010-01-05,46.41999816894531,40.204654693603516
2010-01-06,46.13999938964844,39.962154388427734
2010-01-07,46.16999816894531,39.98813247680664
2010-01-08,46.54999923706055,40.31725311279297
2010-01-11,46.36000061035156,40.15269470214844
2010-01-12,45.779998779296875,39.65034866333008
2010-01-13,46.349998474121094,40.14402389526367
2010-01-14,46.38999938964844,40.17866897583008
2010-01-15,45.849998474121094,39.71099090576172
2010-01-19,46.59000015258789,40.35190200805664
2010-01-20,45.91999816894531,39.771602630615234
2010-01-21,45.4900016784668,39.399173736572266
2010-01-22,44.15999984741211,38.24728775024414
2010-01-25,44.310001373291016,38.377201080322266
2010-01-26,44.349998474121094,38.41182327270508
2010-01-27,44.70000076293945,38.71495056152344
2010-01-28,43.54999923706055,37.71892547607422
2010-01-29,42.790000915527344,37.06071472167969
2010-02-01,43.2599983215332,37.46778869628906
2010-02-02,43.650001525878906,37.805545806884766
2010-02-03,43.88999938964844,38.0134162902832
2010-02-04,42.619998931884766,36.91344451904297
2010-02-05,42.97999954223633,37.225257873535156
2010-02-08,42.66999816894531,36.95676803588867
2010-02-09,43.11000061035156,37.337852478027344
2010-02-10,43.02000045776367,37.2598876953125
2010-02-11,43.66999816894531,37.822872161865234
2010-02-12,43.7599983215332,37.900821685791016
2010-02-16,44.31999969482422,38.38585662841797
2010-02-17,44.56999969482422,38.60237503051758
2010-02-18,44.849998474121094,38.844879150390625
2010-02-19,44.83000183105469,38.82756805419922
2010-02-22,44.7400016784668,38.7496223449707
2010-02-23,44.15999984741211,38.24728775024414
2010-02-24,44.61000061035156,38.63701248168945
2010-02-25,44.599998474121094,38.628353118896484
2010-02-26,44.7599983215332,38.766929626464844
2010-03-01,45.40999984741211,39.32989501953125
2010-03-02,45.54999923706055,39.451148986816406
2010-03-03,45.599998474121094,39.49445343017578
2010-03-04,45.75,39.62437438964844
2010-03-05,46.439998626708984,40.22197723388672
2010-03-08,46.529998779296875,40.29994583129883
2010-03-09,46.790000915527344,40.5251350402832
2010-03-10,47.16999816894531,40.854244232177734
2010-03-11,47.349998474121094,41.0101318359375
2010-03-12,47.36000061035156,41.01880645751953
2010-03-15,47.2400016784668,40.91486740112305
2010-03-16,47.540000915527344,41.174713134765625
2010-03-17,47.66999816894531,41.28728103637695
2010-03-18,47.83000183105469,41.425872802734375
2010-03-19,47.4900016784668,41.17530059814453
2010-03-22,47.91999816894531,41.54812240600586
2010-03-23,48.25,41.834251403808594
2010-03-24,48.02000045776367,41.63483810424805
2010-03-25,47.95000076293945,41.574127197265625
2010-03-26,48.0,41.617488861083984
2010-03-29,48.22999954223633,41.8169059753418
2010-03-30,48.38999938964844,41.95563888549805
2010-03-31,48.15999984741211,41.75621032714844
2010-04-01,48.15999984741211,41.75621032714844
2010-04-05,48.61000061035156,42.1463737487793
2010-04-06,48.75,42.26776123046875
2010-04-07,48.630001068115234,42.16371536254883
2010-04-08,48.7400016784668,42.259098052978516
2010-04-09,49.029998779296875,42.51053237915039
2010-04-12,49.06999969482422,42.54520797729492
2010-04-13,49.31999969482422,42.761962890625
2010-04-14,49.90999984741211,43.27350616455078
2010-04-15,50.130001068115234,43.46426010131836
2010-04-16,49.529998779296875,42.94405746459961
2010-04-19,49.5,42.918033599853516
2010-04-20,49.75,43.134788513183594
2010-04-21,50.029998779296875,43.3775520324707
2010-04-22,50.310001373291016,43.620323181152344
2010-04-23,50.52000045776367,43.80239486694336
2010-04-26,50.40999984741211,43.7070198059082
2010-04-27,49.34000015258789,42.77930450439453
2010-04-28,49.369998931884766,42.80533218383789
2010-04-29,50.22999954223633,43.55095291137695
2010-04-30,49.2400016784668,42.692604064941406
2010-05-03,49.93000030517578,43.290870666503906
2010-05-04,48.43000030517578,41.99032211303711
2010-05-05,48.18000030517578,41.7735481262207
2010-05-06,46.56999969482422,40.37764358520508
2010-05-07,45.40999984741211,39.37187957763672
2010-05-10,47.77000045776367,41.41807174682617
2010-05-11,47.720001220703125,41.37472915649414
2010-05-12,48.619998931884766,42.155059814453125
2010-05-13,47.849998474121094,41.48743438720703
2010-05-14,46.93000030517578,40.68975067138672
2010-05-17,47.08000183105469,40.819820404052734
2010-05-18,46.43000030517578,40.25625228881836
2010-05-19,46.060001373291016,39.93547058105469
2010-05-20,44.349998474121094,38.45283508300781
2010-05-21,44.84000015258789,38.87765884399414
2010-05-24,44.65999984741211,38.72160339355469
2010-05-25,44.70000076293945,38.75627517700195
2010-05-26,44.20000076293945,38.32277297973633
2010-05-27,45.869998931884766,39.77070999145508
2010-05-28,45.599998474121094,39.5366096496582
2010-06-01,45.18000030517578,39.17245101928711
2010-06-02,46.25,40.100181579589844
2010-06-03,46.689998626708984,40.481666564941406
2010-06-04,45.09000015258789,39.094444274902344
2010-06-07,44.27000045776367,38.383460998535156
2010-06-08,44.189998626708984,38.31410217285156
2010-06-09,43.81999969482422,37.99330139160156
2010-06-10,45.06999969482422,39.07707977294922
2010-06-11,45.5,39.449920654296875
2010-06-14,45.4900016784668,39.44122314453125
2010-06-15,46.709999084472656,40.4990234375
2010-06-16,46.900001525878906,40.663753509521484
2010-06-17,47.04999923706055,40.79380798339844
2010-06-18,47.0,40.82768630981445
2010-06-21,46.599998474121094,40.48021697998047
2010-06-22,46.2400016784668,40.167484283447266
2010-06-23,46.04999923706055,40.00244140625
2010-06-24,45.349998474121094,39.394378662109375
2010-06-25,45.27000045776367,39.40220642089844
2010-06-28,45.11000061035156,39.26295852661133
2010-06-29,43.369998931884766,37.74848937988281
2010-06-30,42.709999084472656,37.174007415771484
2010-07-01,42.59000015258789,37.06957244873047
2010-07-02,42.470001220703125,36.96513748168945
2010-07-06,42.599998474121094,37.07827377319336
2010-07-07,43.959999084472656,38.26198959350586
2010-07-08,44.20000076293945,38.47090530395508
2010-07-09,44.619998931884766,38.836456298828125
2010-07-12,44.75,38.94960021972656
2010-07-13,45.33000183105469,39.45442581176758
2010-07-14,45.560001373291016,39.65460968017578
2010-07-15,45.599998474121094,39.68943786621094
2010-07-16,44.34000015258789,38.59275436401367
2010-07-19,44.720001220703125,38.92349624633789
2010-07-20,45.2599983215332,39.39350891113281
2010-07-21,44.63999938964844,38.85387420654297
2010-07-22,45.77000045776367,39.83739471435547
2010-07-23,46.060001373291016,40.0898323059082
2010-07-26,46.439998626708984,40.420555114746094
2010-07-27,46.41999816894531,40.40313720703125
2010-07-28,46.04999923706055,40.08110809326172
2010-07-29,45.709999084472656,39.785160064697266
2010-07-30,45.810001373291016,39.87222671508789
2010-08-02,46.66999816894531,40.6207275390625
2010-08-03,46.470001220703125,40.44666290283203
2010-08-04,46.939998626708984,40.855743408203125
2010-08-05,46.83000183105469,40.7600212097168
2010-08-06,46.7599983215332,40.69907760620117
2010-08-09,47.08000183105469,40.97760009765625
2010-08-10,46.66999816894531,40.6207275390625
2010-08-11,45.400001525878906,39.51535415649414
2010-08-12,45.040000915527344,39.202003479003906
2010-08-13,44.720001220703125,38.92349624633789
2010-08-16,44.79999923706055,38.993125915527344
2010-08-17,45.369998931884766,39.48925018310547
2010-08-18,45.54999923706055,39.645904541015625
2010-08-19,44.86000061035156,39.04535675048828
2010-08-20,44.91999816894531,39.09756851196289
2010-08-23,44.47999954223633,38.71461868286133
2010-08-24,43.650001525878906,37.9921875
2010-08-25,44.06999969482422,38.357749938964844
2010-08-26,43.540000915527344,37.896446228027344
2010-08-27,44.06999969482422,38.357749938964844
2010-08-30,43.61000061035156,37.957366943359375
2010-08-31,43.459999084472656,37.82680892944336
2010-09-01,44.7599983215332,38.95829772949219
2010-09-02,45.2599983215332,39.39350891113281
2010-09-03,46.0099983215332,40.04628372192383
2010-09-07,45.70000076293945,39.77648162841797
2010-09-08,46.25,40.25518035888672
2010-09-09,46.43000030517578,40.41185760498047
2010-09-10,46.599998474121094,40.559810638427734
2010-09-13,47.25,41.12556838989258
2010-09-14,47.45000076293945,41.299659729003906
2010-09-15,47.75,41.560752868652344
2010-09-16,47.939998626708984,41.726139068603516
2010-09-17,47.9900016784668,41.86745834350586
2010-09-20,48.83000183105469,42.600303649902344
2010-09-21,48.81999969482422,42.591575622558594
2010-09-22,48.689998626708984,42.478153228759766
2010-09-23,48.66999816894531,42.4607048034668
2010-09-24,49.65999984741211,43.32440948486328
2010-09-27,49.38999938964844,43.08884811401367
2010-09-28,49.369998931884766,43.0713996887207
2010-09-29,49.290000915527344,43.001617431640625
2010-09-30,49.06999969482422,42.8096809387207
2010-10-01,49.0099983215332,42.757328033447266
2010-10-04,48.47999954223633,42.294944763183594
2010-10-05,49.65999984741211,43.32440948486328
2010-10-06,49.22999954223633,42.949249267578125
2010-10-07,49.40999984741211,43.106292724609375
2010-10-08,49.75,43.40292739868164
2010-10-11,49.77000045776367,43.42037582397461
2010-10-12,50.11000061035156,43.71699905395508
2010-10-13,50.52000045776367,44.07468795776367
2010-10-14,50.41999816894531,43.98745346069336
2010-10-15,51.4900016784668,44.92094421386719
2010-10-18,51.29999923706055,44.75517654418945
2010-10-19,50.81999969482422,44.33642578125
2010-10-20,51.189998626708984,44.659202575683594
2010-10-21,51.290000915527344,44.7464599609375
2010-10-22,51.63999938964844,45.05179214477539
2010-10-25,51.88999938964844,45.269893646240234
2010-10-26,52.029998779296875,45.39204788208008
2010-10-27,52.189998626708984,45.5316276550293
2010-10-28,52.29999923706055,45.62759780883789
2010-10-29,52.18000030517578,45.522911071777344
2010-11-01,52.220001220703125,45.557804107666016
2010-11-02,52.779998779296875,46.04636764526367
2010-11-03,53.02000045776367,46.2557258605957
2010-11-04,53.66999816894531,46.82280731201172
2010-11-05,53.66999816894531,46.82280731201172
2010-11-08,53.7400016784668,46.883880615234375
2010-11-09,53.45000076293945,46.63089370727539
2010-11-10,53.720001220703125,46.8664436340332
2010-11-11,53.380001068115234,46.569828033447266
2010-11-12,52.5099983215332,45.810791015625
2010-11-15,52.310001373291016,45.636329650878906
2010-11-16,51.45000076293945,44.88603591918945
2010-11-17,51.599998474121094,45.01690673828125
2010-11-18,52.43000030517578,45.74102020263672
2010-11-19,52.470001220703125,45.77591323852539
2010-11-22,52.90999984741211,46.15977096557617
2010-11-23,52.06999969482422,45.42692565917969
2010-11-24,53.119998931884766,46.34297180175781
2010-11-26,52.77000045776367,46.03764343261719
2010-11-29,52.72999954223633,46.002742767333984
2010-11-30,52.09000015258789,45.444393157958984
2010-12-01,53.189998626708984,46.404048919677734
2010-12-02,53.72999954223633,46.87516403198242
2010-12-03,53.869998931884766,46.99729537963867
2010-12-06,53.849998474121094,46.9798583984375
2010-12-07,53.880001068115234,47.006019592285156
2010-12-08,54.08000183105469,47.180503845214844
2010-12-09,54.130001068115234,47.224124908447266
2010-12-10,54.4900016784668,47.538204193115234
2010-12-13,54.29999923706055,47.37242889404297
2010-12-14,54.400001525878906,47.45968246459961
2010-12-15,54.15999984741211,47.25031280517578
2010-12-16,54.58000183105469,47.616703033447266
2010-12-17,54.52000045776367,47.65868377685547
2010-12-20,54.560001373291016,47.69363021850586
2010-12-21,54.88999938964844,47.98210144042969
2010-12-22,54.880001068115234,47.9733772277832
2010-12-23,54.7400016784668,47.850990295410156
2010-12-27,54.77000045776367,47.87721252441406
2010-12-28,54.66999816894531,47.78980255126953
2010-12-29,54.790000915527344,47.89469909667969
2010-12-30,54.65999984741211,47.781063079833984
2010-12-31,54.459999084472656,47.606224060058594
2011-01-03,55.310001373291016,48.34925842285156
2011-01-04,55.27000045776367,48.31428146362305
2011-01-05,55.7400016784668,48.725154876708984
2011-01-06,55.91999816894531,48.88246154785156
2011-01-07,55.869998931884766,48.83879089355469
2011-01-10,56.08000183105469,49.02235412597656
2011-01-11,56.15999984741211,49.09228515625
2011-01-12,56.560001373291016,49.44194030761719
2011-01-13,56.58000183105469,49.45941162109375
2011-01-14,57.0,49.826576232910156
2011-01-18,57.15999984741211,49.966434478759766
2011-01-19,56.5099983215332,49.39823913574219
2011-01-20,56.11000061035156,49.048561096191406
2011-01-21,55.68000030517578,48.67268371582031
2011-01-24,56.45000076293945,49.34579849243164
2011-01-25,56.529998779296875,49.415714263916016
2011-01-26,56.83000183105469,49.67795944213867
2011-01-27,57.18000030517578,49.98390579223633
2011-01-28,55.72999954223633,48.71639633178711
2011-01-31,56.0,48.952423095703125
2011-02-01,57.04999923706055,49.87026596069336
2011-02-02,56.959999084472656,49.791587829589844
2011-02-03,57.060001373291016,49.8790283203125
2011-02-04,57.380001068115234,50.15873336791992
2011-02-07,57.650001525878906,50.394779205322266
2011-02-08,58.029998779296875,50.72693634033203
2011-02-09,57.93000030517578,50.639522552490234
2011-02-10,58.02000045776367,50.718204498291016
2011-02-11,58.439998626708984,51.08533477783203
2011-02-14,58.58000183105469,51.207725524902344
2011-02-15,58.5,51.13779067993164
2011-02-16,58.880001068115234,51.469970703125
2011-02-17,58.86000061035156,51.45248794555664
2011-02-18,58.72999954223633,51.338863372802734
2011-02-22,57.029998779296875,49.852787017822266
2011-02-23,56.560001373291016,49.44194030761719
2011-02-24,56.86000061035156,49.704185485839844
2011-02-25,57.650001525878906,50.394779205322266
2011-02-28,57.77000045776367,50.49966812133789
2011-03-01,56.84000015258789,49.686702728271484
2011-03-02,57.13999938964844,49.94896697998047
2011-03-03,58.27000045776367,50.93675994873047
2011-03-04,57.970001220703125,50.674495697021484
2011-03-07,57.189998626708984,49.9926643371582
2011-03-08,57.41999816894531,50.193729400634766
2011-03-09,57.029998779296875,49.852787017822266
2011-03-10,56.13999938964844,49.074790954589844
2011-03-11,56.4900016784668,49.38076400756836
2011-03-14,56.290000915527344,49.205936431884766
2011-03-15,55.4900016784668,48.506587982177734
2011-03-16,54.150001525878906,47.33523178100586
2011-03-17,54.650001525878906,47.772315979003906
2011-03-18,54.45000076293945,47.66464614868164
2011-03-21,55.5,48.58380889892578
2011-03-22,55.400001525878906,48.49625015258789
2011-03-23,55.709999084472656,48.767635345458984
2011-03-24,56.70000076293945,49.63426208496094
2011-03-25,56.84000015258789,49.756813049316406
2011-03-28,56.529998779296875,49.485443115234375
2011-03-29,57.08000183105469,49.96690368652344
2011-03-30,57.349998474121094,50.20326614379883
2011-03-31,57.43000030517578,50.27328872680664
2011-04-01,57.459999084472656,50.29954147338867
2011-04-04,57.27000045776367,50.13322067260742
2011-04-05,57.119998931884766,50.00191879272461
2011-04-06,57.2599983215332,50.12446975708008
2011-04-07,57.220001220703125,50.089454650878906
2011-04-08,56.95000076293945,49.853111267089844
2011-04-11,56.7599983215332,49.6867790222168
2011-04-12,56.369998931884766,49.34537887573242
2011-04-13,56.849998474121094,49.76556396484375
2011-04-14,56.75,49.67802429199219
2011-04-15,56.650001525878906,49.590476989746094
2011-04-18,56.25,49.2403564453125
2011-04-19,56.599998474121094,49.546714782714844
2011-04-20,57.880001068115234,50.66722106933594
2011-04-21,58.34000015258789,51.06989669799805
2011-04-25,58.4900016784668,51.20119857788086
2011-04-26,58.81999969482422,51.490081787109375
2011-04-27,59.220001220703125,51.84022521972656
2011-04-28,59.130001068115234,51.76142883300781
2011-04-29,59.08000183105469,51.71767807006836
2011-05-02,58.970001220703125,51.62138366699219
2011-05-03,58.689998626708984,51.37627410888672
2011-05-04,58.599998474121094,51.297481536865234
2011-05-05,58.279998779296875,51.0173454284668
2011-05-06,58.470001220703125,51.18368911743164
2011-05-09,58.689998626708984,51.37627410888672
2011-05-10,59.189998626708984,51.81397247314453
2011-05-11,58.7599983215332,51.43756103515625
2011-05-12,59.11000061035156,51.74394989013672
2011-05-13,58.40999984741211,51.131160736083984
2011-05-16,57.400001525878906,50.24702835083008
2011-05-17,57.560001373291016,50.38709259033203
2011-05-18,58.040000915527344,50.80727005004883
2011-05-19,58.209999084472656,50.956085205078125
2011-05-20,57.77000045776367,50.5709228515625
2011-05-23,56.91999816894531,49.82685089111328
2011-05-24,56.56999969482422,49.52045822143555
2011-05-25,56.790000915527344,49.71303939819336
2011-05-26,57.13999938964844,50.0194206237793
2011-05-27,57.43000030517578,50.27328872680664
2011-05-31,58.36000061035156,51.087398529052734
2011-06-01,57.09000015258789,49.975650787353516
2011-06-02,57.209999084472656,50.080711364746094
2011-06-03,56.349998474121094,49.32788848876953
2011-06-06,55.88999938964844,48.92519760131836
2011-06-07,55.790000915527344,48.8376579284668
2011-06-08,55.38999938964844,48.48749923706055
2011-06-09,55.4900016784668,48.575050354003906
2011-06-10,54.63999938964844,47.83096694946289
2011-06-13,54.63999938964844,47.83096694946289
2011-06-14,55.34000015258789,48.44373321533203
2011-06-15,54.290000915527344,47.52458190917969
2011-06-16,54.08000183105469,47.34075164794922
2011-06-17,53.790000915527344,47.19247055053711
2011-06-20,54.06999969482422,47.43815231323242
2011-06-21,55.22999954223633,48.455867767333984
2011-06-22,54.83000183105469,48.10492706298828
2011-06-23,55.34000015258789,48.5523681640625
2011-06-24,54.380001068115234,47.710121154785156
2011-06-27,55.25,48.47342300415039
2011-06-28,56.06999969482422,49.192840576171875
2011-06-29,56.29999923706055,49.394622802734375
2011-06-30,57.04999923706055,50.05261993408203
2011-07-01,57.90999984741211,50.807159423828125
2011-07-05,58.20000076293945,51.061580657958984
2011-07-06,58.38999938964844,51.228271484375
2011-07-07,59.189998626708984,51.9301643371582
2011-07-08,59.029998779296875,51.789794921875
2011-07-11,57.959999084472656,50.85101318359375
2011-07-12,57.52000045776367,50.464988708496094
2011-07-13,57.7599983215332,50.675540924072266
2011-07-14,57.09000015258789,50.08771896362305
2011-07-15,57.849998474121094,50.7545166015625
2011-07-18,57.540000915527344,50.48252868652344
2011-07-19,58.849998474121094,51.63185501098633
2011-07-20,58.599998474121094,51.412513732910156
2011-07-21,58.9900016784668,51.75468444824219
2011-07-22,59.599998474121094,52.289859771728516
2011-07-25,59.47999954223633,52.18458938598633
2011-07-26,59.630001068115234,52.316184997558594
2011-07-27,58.09000015258789,50.96507263183594
2011-07-28,58.189998626708984,51.05282974243164
2011-07-29,58.0,50.8861083984375
2011-08-01,57.72999954223633,50.64923095703125
2011-08-02,56.27000045776367,49.368289947509766
2011-08-03,56.810001373291016,49.84205627441406
2011-08-04,54.16999816894531,47.52587127685547
2011-08-05,53.83000183105469,47.227569580078125
2011-08-08,50.59000015258789,44.38496017456055
2011-08-09,53.029998779296875,46.52570724487305
2011-08-10,50.86000061035156,44.621856689453125
2011-08-11,53.099998474121094,46.587127685546875
2011-08-12,53.56999969482422,46.99946975708008
2011-08-15,54.36000061035156,47.69257736206055
2011-08-16,53.900001525878906,47.28900146484375
2011-08-17,53.58000183105469,47.008235931396484
2011-08-18,50.95000076293945,44.70081329345703
2011-08-19,50.029998779296875,43.893646240234375
2011-08-22,50.209999084472656,44.05158615112305
2011-08-23,52.279998779296875,45.86769485473633
2011-08-24,52.689998626708984,46.22739791870117
2011-08-25,51.83000183105469,45.472869873046875
2011-08-26,53.130001068115234,46.61342239379883
2011-08-29,54.61000061035156,47.91189956665039
2011-08-30,54.970001220703125,48.227760314941406
2011-08-31,55.060001373291016,48.30670928955078
2011-09-01,54.560001373291016,47.868038177490234
2011-09-02,53.279998779296875,46.74502944946289
2011-09-06,53.290000915527344,46.75381088256836
2011-09-07,54.63999938964844,47.93822479248047
2011-09-08,54.38999938964844,47.718894958496094
2011-09-09,53.18000030517578,46.65729522705078
2011-09-12,53.86000061035156,47.2538948059082
2011-09-13,54.58000183105469,47.88558578491211
2011-09-14,55.36000061035156,48.569923400878906
2011-09-15,56.18000030517578,49.289344787597656
2011-09-16,56.59000015258789,49.74111557006836
2011-09-19,56.61000061035156,49.75871658325195
2011-09-20,56.36000061035156,49.538963317871094
2011-09-21,55.380001068115234,48.677555084228516
2011-09-22,53.58000183105469,47.095420837402344
2011-09-23,54.150001525878906,47.59642028808594
2011-09-26,54.779998779296875,48.15018844604492
2011-09-27,55.349998474121094,48.65120315551758
2011-09-28,54.529998779296875,47.9304313659668
2011-09-29,53.880001068115234,47.35912322998047
2011-09-30,52.4900016784668,46.13734436035156
2011-10-03,51.13999938964844,44.95071792602539
2011-10-04,52.189998626708984,45.873653411865234
2011-10-05,53.529998779296875,47.05146408081055
2011-10-06,54.43000030517578,47.84254837036133
2011-10-07,54.06999969482422,47.5261344909668
2011-10-10,55.939998626708984,49.1697998046875
2011-10-11,56.31999969482422,49.503814697265625
2011-10-12,56.599998474121094,49.749916076660156
2011-10-13,57.119998931884766,50.20698928833008
2011-10-14,58.18000030517578,51.13870620727539
2011-10-17,57.279998779296875,50.34762191772461
2011-10-18,57.9900016784668,50.97169876098633
2011-10-19,56.869998931884766,49.98724365234375
2011-10-20,56.59000015258789,49.74111557006836
2011-10-21,57.29999923706055,50.365196228027344
2011-10-24,58.4900016784668,51.41118621826172
2011-10-25,57.34000015258789,50.400367736816406
2011-10-26,57.27000045776367,50.338829040527344
2011-10-27,58.849998474121094,51.72761535644531
2011-10-28,58.939998626708984,51.80670928955078
2011-10-31,57.95000076293945,50.93653106689453
2011-11-01,56.439998626708984,49.609283447265625
2011-11-02,56.91999816894531,50.03120422363281
2011-11-03,58.099998474121094,51.068382263183594
2011-11-04,57.79999923706055,50.80467224121094
2011-11-07,58.209999084472656,51.16507339477539
2011-11-08,58.880001068115234,51.75399398803711
2011-11-09,56.810001373291016,49.93449401855469
2011-11-10,56.779998779296875,49.90813446044922
2011-11-11,57.849998474121094,50.8486442565918
2011-11-14,57.4900016784668,50.53221130371094
2011-11-15,58.130001068115234,51.094749450683594
2011-11-16,57.16999816894531,50.250938415527344
2011-11-17,55.83000183105469,49.073123931884766
2011-11-18,55.400001525878906,48.69514846801758
2011-11-21,54.34000015258789,47.7634391784668
2011-11-22,54.52000045776367,47.92164993286133
2011-11-23,53.290000915527344,46.840518951416016
2011-11-25,52.880001068115234,46.48015213012695
2011-11-28,54.720001220703125,48.097450256347656
2011-11-29,54.380001068115234,47.79859924316406
2011-11-30,56.38999938964844,49.565330505371094
2011-12-01,56.779998779296875,49.90813446044922
2011-12-02,56.619998931884766,49.76750564575195
2011-12-05,57.2400016784668,50.31246566772461
2011-12-06,57.08000183105469,50.17182922363281
2011-12-07,57.08000183105469,50.17182922363281
2011-12-08,56.119998931884766,49.32801818847656
2011-12-09,57.02000045776367,50.119110107421875
2011-12-12,56.380001068115234,49.556541442871094
2011-12-13,55.7599983215332,49.01157760620117
2011-12-14,54.88999938964844,48.24687194824219
2011-12-15,54.7400016784668,48.11503601074219
2011-12-16,54.86000061035156,48.36275100708008
2011-12-19,54.31999969482422,47.8867073059082
2011-12-20,55.93000030517578,49.306034088134766
2011-12-21,55.130001068115234,48.60076141357422
2011-12-22,55.599998474121094,49.01511764526367
2011-12-23,56.08000183105469,49.438262939453125
2011-12-27,56.2400016784668,49.62266159057617
2011-12-28,55.59000015258789,49.04914855957031
2011-12-29,55.9900016784668,49.40208053588867
2011-12-30,55.83000183105469,49.26093292236328
2012-01-03,56.900001525878906,50.205020904541016
2012-01-04,57.13999938964844,50.41678237915039
2012-01-05,57.61000061035156,50.83148193359375
2012-01-06,57.810001373291016,51.007938385009766
2012-01-09,57.619998931884766,50.84029769897461
2012-01-10,58.040000915527344,51.210872650146484
2012-01-11,58.15999984741211,51.31675338745117
2012-01-12,58.38999938964844,51.51970291137695
2012-01-13,58.18000030517578,51.33441162109375
2012-01-17,58.709999084472656,51.80203628540039
2012-01-18,59.4900016784668,52.490272521972656
2012-01-19,59.86000061035156,52.816734313964844
2012-01-20,59.77000045776367,52.73731994628906
2012-01-23,59.790000915527344,52.754974365234375
2012-01-24,59.68000030517578,52.657928466796875
2012-01-25,60.43000030517578,53.31966018676758
2012-01-26,60.220001220703125,53.134368896484375
2012-01-27,60.400001525878906,53.29319381713867
2012-01-30,60.45000076293945,53.337310791015625
2012-01-31,60.529998779296875,53.407894134521484
2012-02-01,61.02000045776367,53.84023666381836
2012-02-02,61.209999084472656,54.00789260864258
2012-02-03,62.04999923706055,54.749053955078125
2012-02-06,62.0,54.7049446105957
2012-02-07,62.130001068115234,54.81966018676758
2012-02-08,62.459999084472656,55.11080551147461
2012-02-09,62.90999984741211,55.50786590576172
2012-02-10,62.470001220703125,55.11964416503906
2012-02-13,63.04999923706055,55.63139343261719
2012-02-14,63.209999084472656,55.77256393432617
2012-02-15,62.77000045776367,55.38433837890625
2012-02-16,63.630001068115234,56.14314651489258
2012-02-17,63.43000030517578,55.966678619384766
2012-02-21,63.61000061035156,56.12549591064453
2012-02-22,63.31999969482422,55.869625091552734
2012-02-23,63.7400016784668,56.240196228027344
2012-02-24,63.959999084472656,56.43431854248047
2012-02-27,64.05000305175781,56.51373291015625
2012-02-28,64.69999694824219,57.087242126464844
2012-02-29,64.41000366210938,56.83138656616211
2012-03-01,64.91999816894531,57.2813720703125
2012-03-02,64.87000274658203,57.237239837646484
2012-03-05,64.19999694824219,56.64607238769531
2012-03-06,63.56999969482422,56.090206146240234
2012-03-07,64.05999755859375,56.522552490234375
2012-03-08,64.75,57.13137435913086
2012-03-09,65.0199966430664,57.369606018066406
2012-03-12,65.05000305175781,57.39609146118164
2012-03-13,66.26000213623047,58.46369934082031
2012-03-14,66.48999786376953,58.66664505004883
2012-03-15,66.68000030517578,58.83430099487305
2012-03-16,66.5199966430664,58.79276657104492
2012-03-19,66.98999786376953,59.20814514160156
2012-03-20,67.11000061035156,59.314178466796875
2012-03-21,67.12000274658203,59.323028564453125
2012-03-22,66.9800033569336,59.19930648803711
2012-03-23,66.94000244140625,59.16395568847656
2012-03-26,68.11000061035156,60.19803237915039
2012-03-27,68.20999908447266,60.28642654418945
2012-03-28,67.94000244140625,60.04777526855469
2012-03-29,67.68000030517578,59.8180046081543
2012-03-30,67.55000305175781,59.70307540893555
2012-04-02,68.25,60.3217658996582
2012-04-03,68.2300033569336,60.30409622192383
2012-04-04,67.30000305175781,59.48213195800781
2012-04-05,67.72000122070312,59.853355407714844
2012-04-09,67.20999908447266,59.402587890625
2012-04-10,66.12999725341797,58.44804382324219
2012-04-11,66.44999694824219,58.730873107910156
2012-04-12,67.20999908447266,59.402587890625
2012-04-13,66.19000244140625,58.50109100341797
2012-04-16,65.44999694824219,57.847015380859375
2012-04-17,66.77999877929688,59.02252960205078
2012-04-18,66.61000061035156,58.872276306152344
2012-04-19,65.86000061035156,58.209388732910156
2012-04-20,65.68000030517578,58.050315856933594
2012-04-23,65.08000183105469,57.52002716064453
2012-04-24,64.7300033569336,57.21066665649414
2012-04-25,66.44999694824219,58.730873107910156
2012-04-26,66.83999633789062,59.07556915283203
2012-04-27,67.23999786376953,59.42910385131836
2012-04-30,66.76000213623047,59.00486373901367
2012-05-01,66.87000274658203,59.102081298828125
2012-05-02,67.05999755859375,59.27000045776367
2012-05-03,66.3499984741211,58.64249801635742
2012-05-04,64.69999694824219,57.18415832519531
2012-05-07,64.76000213623047,57.23717498779297
2012-05-08,64.5199966430664,57.025062561035156
2012-05-09,64.31999969482422,56.84830856323242
2012-05-10,64.19000244140625,56.73340606689453
2012-05-11,64.18000030517578,56.724571228027344
2012-05-14,63.58000183105469,56.194278717041016
2012-05-15,63.369998931884766,56.008663177490234
2012-05-16,62.939998626708984,55.62860870361328
2012-05-17,61.61000061035156,54.453121185302734
2012-05-18,60.810001373291016,53.74602508544922
2012-05-21,62.5099983215332,55.24854278564453
2012-05-22,62.439998626708984,55.18669128417969
2012-05-23,62.560001373291016,55.29274368286133
2012-05-24,62.150001525878906,54.93038558959961
2012-05-25,62.06999969482422,54.859676361083984
2012-05-29,62.86000061035156,55.55791473388672
2012-05-30,62.33000183105469,55.0894660949707
2012-05-31,62.060001373291016,54.85084533691406
2012-06-01,60.40999984741211,53.39249038696289
2012-06-04,60.869998931884766,53.799072265625
2012-06-05,61.119998931884766,54.02001953125
2012-06-06,62.52000045776367,55.25739669799805
2012-06-07,62.27000045776367,55.03643798828125
2012-06-08,62.869998931884766,55.56675338745117
2012-06-11,61.810001373291016,54.629886627197266
2012-06-12,62.560001373291016,55.29274368286133
2012-06-13,62.130001068115234,54.9127082824707
2012-06-14,62.36000061035156,55.11599349975586
2012-06-15,62.9900016784668,55.800758361816406
2012-06-18,63.58000183105469,56.323429107666016
2012-06-19,64.23999786376953,56.908103942871094
2012-06-20,64.29000091552734,56.952388763427734
2012-06-21,62.689998626708984,55.53499984741211
2012-06-22,63.349998474121094,56.11968231201172
2012-06-25,62.130001068115234,55.03892135620117
2012-06-26,62.52000045776367,55.384395599365234
2012-06-27,62.900001525878906,55.72105407714844
2012-06-28,62.20000076293945,55.10091781616211
2012-06-29,64.16000366210938,56.83723449707031
2012-07-02,64.3499984741211,57.005531311035156
2012-07-03,64.88999938964844,57.483924865722656
2012-07-05,64.93000030517578,57.51933288574219
2012-07-06,64.12000274658203,56.80179977416992
2012-07-09,64.0,56.69548034667969
2012-07-10,63.369998931884766,56.137393951416016
2012-07-11,63.02000045776367,55.827335357666016
2012-07-12,62.43000030517578,55.304683685302734
2012-07-13,63.380001068115234,56.1462516784668
2012-07-16,63.20000076293945,55.98677444458008
2012-07-17,63.529998779296875,56.27913284301758
2012-07-18,64.38999938964844,57.04096984863281
2012-07-19,65.0999984741211,57.669918060302734
2012-07-20,64.23999786376953,56.908103942871094
2012-07-23,63.459999084472656,56.21710968017578
2012-07-24,62.959999084472656,55.7741813659668
2012-07-25,62.540000915527344,55.402122497558594
2012-07-26,63.369998931884766,56.137393951416016
2012-07-27,64.87000274658203,57.46617126464844
2012-07-30,64.81999969482422,57.42189407348633
2012-07-31,64.80000305175781,57.404205322265625
2012-08-01,64.61000061035156,57.23588180541992
2012-08-02,64.37999725341797,57.03209686279297
2012-08-03,65.5999984741211,58.11285400390625
2012-08-06,66.0999984741211,58.5557975769043
2012-08-07,66.6500015258789,59.04302978515625
2012-08-08,66.62000274658203,59.01644515991211
2012-08-09,66.81999969482422,59.193634033203125
2012-08-10,66.86000061035156,59.229061126708984
2012-08-13,67.0199966430664,59.370792388916016
2012-08-14,67.05000305175781,59.39738082885742
2012-08-15,67.22000122070312,59.547969818115234
2012-08-16,68.0199966430664,60.25666046142578
2012-08-17,68.31999969482422,60.52241134643555
2012-08-20,68.41999816894531,60.61098861694336
2012-08-21,68.1500015258789,60.37184524536133
2012-08-22,68.43000030517578,60.6198844909668
2012-08-23,67.87000274658203,60.123802185058594
2012-08-24,68.29000091552734,60.4958381652832
2012-08-27,68.4000015258789,60.593318939208984
2012-08-28,68.4000015258789,60.593318939208984
2012-08-29,68.4000015258789,60.593318939208984
2012-08-30,67.70999908447266,59.9820556640625
2012-08-31,68.16000366210938,60.38068389892578
2012-09-04,68.08999633789062,60.31869888305664
2012-09-05,68.0199966430664,60.25666046142578
2012-09-06,69.52999877929688,61.59431076049805
2012-09-07,69.43000030517578,61.50572967529297
2012-09-10,68.54000091552734,60.71733093261719
2012-09-11,68.43000030517578,60.6198844909668
2012-09-12,68.62999725341797,60.797035217285156
2012-09-13,69.55999755859375,61.620887756347656
2012-09-14,70.18000030517578,62.17017364501953
2012-09-17,70.20999908447266,62.19673156738281
2012-09-18,70.2699966430664,62.2498664855957
2012-09-19,70.4000015258789,62.36503601074219
2012-09-20,70.33000183105469,62.30302429199219
2012-09-21,70.1500015258789,62.320777893066406
2012-09-24,69.73999786376953,61.956539154052734
2012-09-25,68.76000213623047,61.0859260559082
2012-09-26,68.19999694824219,60.588436126708984
2012-09-27,69.13999938964844,61.423492431640625
2012-09-28,68.56999969482422,60.91712951660156
2012-10-01,68.47000122070312,60.82828903198242
2012-10-02,68.66999816894531,61.005943298339844
2012-10-03,69.11000061035156,61.39687728881836
2012-10-04,69.3499984741211,61.61008071899414
2012-10-05,68.9800033569336,61.28138732910156
2012-10-08,68.3499984741211,60.721675872802734
2012-10-09,67.26000213623047,59.75334548950195
2012-10-10,66.91999816894531,59.4512825012207
2012-10-11,66.70999908447266,59.26470184326172
2012-10-12,66.68000030517578,59.23805618286133
2012-10-15,67.16999816894531,59.67337417602539
2012-10-16,68.12000274658203,60.517356872558594
2012-10-17,68.08000183105469,60.48178482055664
2012-10-18,67.29000091552734,59.779991149902344
2012-10-19,65.68000030517578,58.34967041015625
2012-10-22,66.0199966430664,58.65171813964844
2012-10-23,65.38999938964844,58.092018127441406
2012-10-24,65.16000366210938,57.887699127197266
2012-10-25,65.16000366210938,57.887699127197266
2012-10-26,65.3499984741211,58.056495666503906
2012-10-31,64.94999694824219,57.70113754272461
2012-11-01,65.87000274658203,58.51845932006836
2012-11-02,65.16999816894531,57.896575927734375
2012-11-05,65.5999984741211,58.27858352661133
2012-11-06,65.72000122070312,58.385189056396484
2012-11-07,64.16999816894531,57.0081787109375
2012-11-08,63.15999984741211,56.11092758178711
2012-11-09,63.43000030517578,56.35078811645508
2012-11-12,63.41999816894531,56.34190368652344
2012-11-13,62.97999954223633,55.950992584228516
2012-11-14,62.2400016784668,55.293601989746094
2012-11-15,62.029998779296875,55.10702133178711
2012-11-16,62.29999923706055,55.34690475463867
2012-11-19,63.779998779296875,56.6617317199707
2012-11-20,63.79999923706055,56.67949295043945
2012-11-21,63.93000030517578,56.79496383666992
2012-11-23,64.9000015258789,57.6567268371582
2012-11-26,65.18000030517578,57.90548324584961
2012-11-27,64.95999908447266,57.71004104614258
2012-11-28,65.5199966430664,58.207523345947266
2012-11-29,65.91000366210938,58.553993225097656
2012-11-30,65.80000305175781,58.456275939941406
2012-12-03,65.66999816894531,58.340782165527344
2012-12-04,65.62999725341797,58.30524826049805
2012-12-05,64.9000015258789,57.6567268371582
2012-12-06,65.31999969482422,58.02985382080078
2012-12-07,64.93000030517578,57.68336486816406
2012-12-10,65.12000274658203,57.8521728515625
2012-12-11,65.97000122070312,58.60731887817383
2012-12-12,65.83000183105469,58.4829216003418
2012-12-13,65.30999755859375,58.02096939086914
2012-12-14,64.69000244140625,57.470157623291016
2012-12-17,65.55000305175781,58.23417663574219
2012-12-18,66.55000305175781,59.122596740722656
2012-12-19,66.26000213623047,58.86494827270508
2012-12-20,66.26000213623047,58.86494827270508
2012-12-21,65.19999694824219,58.24585723876953
2012-12-24,65.06999969482422,58.12972640991211
2012-12-26,64.5,57.620506286621094
2012-12-27,64.4000015258789,57.53118133544922
2012-12-28,63.779998779296875,56.977317810058594
2012-12-31,65.12999725341797,58.18331527709961
2013-01-02,67.19999694824219,60.03252410888672
2013-01-03,66.8499984741211,59.719871520996094
2013-01-04,66.62999725341797,59.52334213256836
2013-01-07,66.6500015258789,59.541202545166016
2013-01-08,66.5199966430664,59.42506408691406
2013-01-09,66.7699966430664,59.64841079711914
2013-01-10,67.16999816894531,60.0057258605957
2013-01-11,67.26000213623047,60.08614730834961
2013-01-14,66.95999908447266,59.818119049072266
2013-01-15,66.62999725341797,59.52334213256836
2013-01-16,66.9000015258789,59.764530181884766
2013-01-17,67.22000122070312,60.05038070678711
2013-01-18,67.06999969482422,59.91639709472656
2013-01-22,67.18000030517578,60.01465606689453
2013-01-23,67.58999633789062,60.38092041015625
2013-01-24,66.66000366210938,59.55014419555664
2013-01-25,67.0,59.85384750366211
2013-01-28,67.1500015258789,59.98785400390625
2013-01-29,67.16000366210938,59.996803283691406
2013-01-30,67.0199966430664,59.87171173095703
2013-01-31,66.87000274658203,59.73772048950195
2013-02-01,67.66000366210938,60.443477630615234
2013-02-04,66.4800033569336,59.389339447021484
2013-02-05,67.45999908447266,60.26481628417969
2013-02-06,67.23999786376953,60.068275451660156
2013-02-07,67.30000305175781,60.12187194824219
2013-02-08,67.98999786376953,60.73827362060547
2013-02-11,68.01000213623047,60.756126403808594
2013-02-12,67.7300033569336,60.50602722167969
2013-02-13,67.97000122070312,60.72041320800781
2013-02-14,67.94999694824219,60.70254135131836
2013-02-15,67.75,60.52386474609375
2013-02-19,68.23999786376953,60.961585998535156
2013-02-20,67.19000244140625,60.023616790771484
2013-02-21,66.47000122070312,59.38039779663086
2013-02-22,67.13999938964844,59.97893524169922
2013-02-25,66.30999755859375,59.23745346069336
2013-02-26,66.55999755859375,59.460784912109375
2013-02-27,67.23999786376953,60.068275451660156
2013-02-28,67.0999984741211,59.94318389892578
2013-03-01,67.37999725341797,60.193328857421875
2013-03-04,67.68000030517578,60.46132278442383
2013-03-05,68.68000030517578,61.35468292236328
2013-03-06,68.51000213623047,61.202816009521484
2013-03-07,68.69000244140625,61.3636360168457
2013-03-08,68.7699966430664,61.4350700378418
2013-03-11,68.97000122070312,61.61376190185547
2013-03-12,68.72000122070312,61.39041519165039
2013-03-13,68.62999725341797,61.31001663208008
2013-03-14,68.86000061035156,61.515480041503906
2013-03-15,68.51000213623047,61.34446334838867
2013-03-18,68.36000061035156,61.210147857666016
2013-03-19,68.2300033569336,61.09373474121094
2013-03-20,68.70999908447266,61.5235481262207
2013-03-21,67.93000030517578,60.825130462646484
2013-03-22,68.58999633789062,61.41606903076172
2013-03-25,68.33999633789062,61.19222640991211
2013-03-26,68.70999908447266,61.5235481262207
2013-03-27,68.80000305175781,61.604122161865234
2013-03-28,68.97000122070312,61.756351470947266
2013-04-01,68.5,61.335487365722656
2013-04-02,69.04000091552734,61.81904220581055
2013-04-03,68.41000366210938,61.25491714477539
2013-04-04,68.43000030517578,61.27281951904297
2013-04-05,67.86000061035156,60.76246643066406
2013-04-08,68.22000122070312,61.08478927612305
2013-04-09,68.68000030517578,61.49667739868164
2013-04-10,70.0199966430664,62.6965217590332
2013-04-11,69.98999786376953,62.66967010498047
2013-04-12,69.94000244140625,62.624874114990234
2013-04-15,68.55999755859375,61.38921356201172
2013-04-16,69.47000122070312,62.20404815673828
2013-04-17,68.11000061035156,60.98626708984375
2013-04-18,67.16999816894531,60.144615173339844
2013-04-19,68.08999633789062,60.9683837890625
2013-04-22,68.79000091552734,61.59516525268555
2013-04-23,69.44999694824219,62.18614959716797
2013-04-24,69.41999816894531,62.15928268432617
2013-04-25,69.79000091552734,62.49055862426758
2013-04-26,69.56999969482422,62.29356002807617
2013-04-29,70.20999908447266,62.86664581298828
2013-04-30,70.72000122070312,63.32331085205078
2013-05-01,70.38999938964844,63.027835845947266
2013-05-02,71.27999877929688,63.824737548828125
2013-05-03,72.12000274658203,64.57685852050781
2013-05-06,72.4000015258789,64.82762145996094
2013-05-07,72.36000061035156,64.79176330566406
2013-05-08,72.70999908447266,65.10517120361328
2013-05-09,72.61000061035156,65.01561737060547
2013-05-10,73.05000305175781,65.40963745117188
2013-05-13,73.13999938964844,65.4902114868164
2013-05-14,73.5199966430664,65.83045196533203
2013-05-15,73.66999816894531,65.96475219726562
2013-05-16,73.58999633789062,65.89312744140625
2013-05-17,74.30000305175781,66.52887725830078
2013-05-20,74.19000244140625,66.4303970336914
2013-05-21,74.2699966430664,66.50201416015625
2013-05-22,73.62000274658203,65.91996765136719
2013-05-23,73.44999694824219,65.76776885986328
2013-05-24,73.41000366210938,65.7319564819336
2013-05-28,73.88999938964844,66.16177368164062
2013-05-29,73.54000091552734,65.84835815429688
2013-05-30,73.93000030517578,66.19757080078125
2013-05-31,73.25,65.58869934082031
2013-06-03,73.37999725341797,65.7051010131836
2013-06-04,73.0,65.36486053466797
2013-06-05,72.05000305175781,64.5141830444336
2013-06-06,72.4000015258789,64.82762145996094
2013-06-07,73.38999938964844,65.71405029296875
2013-06-10,73.41999816894531,65.74089813232422
2013-06-11,72.69000244140625,65.08724975585938
2013-06-12,71.8499984741211,64.33511352539062
2013-06-13,72.76000213623047,65.14991760253906
2013-06-14,72.27999877929688,64.72014617919922
2013-06-17,72.9800033569336,65.34693145751953
2013-06-18,73.58000183105469,65.88420867919922
2013-06-19,72.76000213623047,65.14991760253906
2013-06-20,71.02999877929688,63.60087966918945
2013-06-21,70.43000030517578,63.26315689086914
2013-06-24,69.7300033569336,62.6343879699707
2013-06-25,70.23999786376953,63.09247589111328
2013-06-26,70.87000274658203,63.658363342285156
2013-06-27,71.16999816894531,63.92784881591797
2013-06-28,71.2699966430664,64.01766967773438
2013-07-01,71.70999908447266,64.41291046142578
2013-07-02,71.73999786376953,64.43983459472656
2013-07-03,72.02999877929688,64.7002944946289
2013-07-05,72.58000183105469,65.1943359375
2013-07-08,72.6500015258789,65.25724792480469
2013-07-09,73.08999633789062,65.6524658203125
2013-07-10,73.51000213623047,66.02972412109375
2013-07-11,74.97000122070312,67.34117126464844
2013-07-12,75.30000305175781,67.63760375976562
2013-07-15,75.47000122070312,67.79026794433594
2013-07-16,75.37000274658203,67.7004623413086
2013-07-17,75.55999755859375,67.87113189697266
2013-07-18,75.37000274658203,67.7004623413086
2013-07-19,74.58999633789062,66.99980926513672
2013-07-22,74.80999755859375,67.19743347167969
2013-07-23,74.26000213623047,66.70339965820312
2013-07-24,74.5,66.91899871826172
2013-07-25,74.97000122070312,67.34117126464844
2013-07-26,75.37000274658203,67.7004623413086
2013-07-29,75.2300033569336,67.5747299194336
2013-07-30,75.62999725341797,67.93401336669922
2013-07-31,75.7699966430664,68.05976104736328
2013-08-01,76.54000091552734,68.75141143798828
2013-08-02,76.97000122070312,69.1376724243164
2013-08-05,77.0199966430664,69.18254852294922
2013-08-06,76.55999755859375,68.76934814453125
2013-08-07,76.41999816894531,68.64360046386719
2013-08-08,76.80000305175781,68.9849853515625
2013-08-09,76.48999786376953,68.70649719238281
2013-08-12,76.66999816894531,68.8681869506836
2013-08-13,77.0999984741211,69.2544174194336
2013-08-14,76.80999755859375,68.99392700195312
2013-08-15,75.51000213623047,67.82623291015625
2013-08-16,75.4800033569336,67.79928588867188
2013-08-19,75.3499984741211,67.68248748779297
2013-08-20,75.68000030517578,67.97895050048828
2013-08-21,75.41999816894531,67.7453842163086
2013-08-22,76.16000366210938,68.41008758544922
2013-08-23,76.66999816894531,68.8681869506836
2013-08-26,76.70999908447266,68.90409088134766
2013-08-27,75.13999938964844,67.49385070800781
2013-08-28,75.43000030517578,67.7543716430664
2013-08-29,75.95999908447266,68.23041534423828
2013-08-30,75.47000122070312,67.79026794433594
2013-09-03,75.9000015258789,68.1765365600586
2013-09-04,76.70999908447266,68.90409088134766
2013-09-05,76.83999633789062,69.02088928222656
2013-09-06,76.93000030517578,69.10173034667969
2013-09-09,77.83000183105469,69.91011810302734
2013-09-10,78.20999908447266,70.25145721435547
2013-09-11,78.05999755859375,70.1167221069336
2013-09-12,78.01000213623047,70.07182312011719
2013-09-13,78.05999755859375,70.1167221069336
2013-09-16,77.8499984741211,69.92808532714844
2013-09-17,78.37000274658203,70.39518737792969
2013-09-18,79.30999755859375,71.23954772949219
2013-09-19,79.5,71.41022491455078
2013-09-20,78.98999786376953,71.16513061523438
2013-09-23,78.83000183105469,71.02101135253906
2013-09-24,78.83000183105469,71.02101135253906
2013-09-25,78.55999755859375,70.77774810791016
2013-09-26,79.16999816894531,71.32733154296875
2013-09-27,79.06999969482422,71.23719024658203
2013-09-30,78.87999725341797,71.06600952148438
2013-10-01,79.68000030517578,71.78680419921875
2013-10-02,79.6500015258789,71.7597427368164
2013-10-03,78.72000122070312,70.92190551757812
2013-10-04,79.4000015258789,71.5345458984375
2013-10-07,78.73999786376953,70.9399185180664
2013-10-08,77.22000122070312,69.57046508789062
2013-10-09,76.9800033569336,69.35425567626953
2013-10-10,78.61000061035156,70.82279968261719
2013-10-11,79.2300033569336,71.38138580322266
2013-10-14,79.79000091552734,71.88591003417969
2013-10-15,79.4800033569336,71.60660552978516
2013-10-16,80.37999725341797,72.41744995117188
2013-10-17,80.83999633789062,72.83190155029297
2013-10-18,82.1500015258789,74.01211547851562
2013-10-21,82.33000183105469,74.17428588867188
2013-10-22,82.44999694824219,74.28242492675781
2013-10-23,81.94999694824219,73.8319091796875
2013-10-24,82.30999755859375,74.15628814697266
2013-10-25,82.9000015258789,74.68781280517578
2013-10-28,82.91999816894531,74.705810546875
2013-10-29,83.05999755859375,74.83195495605469
2013-10-30,82.9800033569336,74.7599105834961
2013-10-31,82.79000091552734,74.58869171142578
2013-11-01,82.80999755859375,74.60674285888672
2013-11-04,82.93000030517578,74.71485137939453
2013-11-05,83.0199966430664,74.79590606689453
2013-11-06,83.0,74.77790069580078
2013-11-07,81.44000244140625,73.37245178222656
2013-11-08,82.54000091552734,74.36349487304688
2013-11-11,82.41000366210938,74.24634552001953
2013-11-12,82.54000091552734,74.36349487304688
2013-11-13,83.54000091552734,75.26438903808594
2013-11-14,83.80000305175781,75.49862670898438
2013-11-15,83.95999908447266,75.64278411865234
2013-11-18,83.13999938964844,74.9040298461914
2013-11-19,82.9000015258789,74.68781280517578
2013-11-20,82.69999694824219,74.50761413574219
2013-11-21,83.54000091552734,75.26438903808594
2013-11-22,83.98999786376953,75.66984558105469
2013-11-25,84.19000244140625,75.85005950927734
2013-11-26,84.62999725341797,76.24646759033203
2013-11-27,85.22000122070312,76.77799987792969
2013-11-29,85.7300033569336,77.23747253417969
2013-12-02,85.4800033569336,77.01219177246094
2013-12-03,85.41000366210938,76.94920349121094
2013-12-04,85.48999786376953,77.02124786376953
2013-12-05,85.37999725341797,76.92212677001953
2013-12-06,86.0,77.48070526123047
2013-12-09,86.3499984741211,77.79605865478516
2013-12-10,86.29000091552734,77.74199676513672
2013-12-11,85.18000030517578,76.74195098876953
2013-12-12,84.95999908447266,76.54376220703125
2013-12-13,84.8499984741211,76.44464874267578
2013-12-16,85.31999969482422,76.86808013916016
2013-12-17,85.1500015258789,76.71493530273438
2013-12-18,86.13999938964844,77.60684204101562
2013-12-19,85.9000015258789,77.3906021118164
2013-12-20,86.5,78.17874145507812
2013-12-23,87.41000366210938,79.0011978149414
2013-12-24,87.44999694824219,79.037353515625
2013-12-26,87.73999786376953,79.29944610595703
2013-12-27,87.5199966430664,79.10063934326172
2013-12-30,87.38999938964844,78.98310852050781
2013-12-31,87.95999908447266,79.49830627441406
2014-01-02,87.2699966430664,78.87467193603516
2014-01-03,86.63999938964844,78.3052749633789
2014-01-06,86.31999969482422,78.01604461669922
2014-01-07,87.12000274658203,78.73910522460938
2014-01-08,87.30999755859375,78.91082000732422
2014-01-09,87.0199966430664,78.64871978759766
2014-01-10,87.30000305175781,78.90180206298828
2014-01-13,86.01000213623047,77.73589324951172
2014-01-14,87.6500015258789,79.2181396484375
2014-01-15,88.37000274658203,79.86886596679688
2014-01-16,88.37999725341797,79.87789916992188
2014-01-17,87.87999725341797,79.42599487304688
2014-01-21,88.55000305175781,80.03153991699219
2014-01-22,88.77999877929688,80.23942565917969
2014-01-23,88.4800033569336,79.9682846069336
2014-01-24,86.73999786376953,78.3956527709961
2014-01-27,85.9000015258789,77.6364974975586
2014-01-28,85.8499984741211,77.59127807617188
2014-01-29,84.93000030517578,76.7597885131836
2014-01-30,86.5,78.17874145507812
2014-01-31,86.2699966430664,77.97085571289062
2014-02-03,84.29000091552734,76.18135070800781
2014-02-04,84.91000366210938,76.7417221069336
2014-02-05,84.69000244140625,76.54286193847656
2014-02-06,85.7699966430664,77.51897430419922
2014-02-07,87.30000305175781,78.90180206298828
2014-02-10,87.80000305175781,79.35369110107422
2014-02-11,88.80000305175781,80.25750732421875
2014-02-12,88.97000122070312,80.41112518310547
2014-02-13,89.62999725341797,81.00763702392578
2014-02-14,89.80999755859375,81.17031860351562
2014-02-18,90.25,81.56800842285156
2014-02-19,89.62999725341797,81.00763702392578
2014-02-20,90.05000305175781,81.38727569580078
2014-02-21,89.93000030517578,81.27877807617188
2014-02-24,90.41000366210938,81.71263122558594
2014-02-25,90.30999755859375,81.62220764160156
2014-02-26,90.2300033569336,81.54994201660156
2014-02-27,90.44000244140625,82.07904052734375
2014-02-28,90.33999633789062,81.98826599121094
2014-03-03,89.66999816894531,81.38018798828125
2014-03-04,90.80999755859375,82.41481018066406
2014-03-05,91.05999755859375,82.6417007446289
2014-03-06,90.9800033569336,82.56909942626953
2014-03-07,90.52999877929688,82.16068267822266
2014-03-10,90.61000061035156,82.23332214355469
2014-03-11,90.22000122070312,81.87934875488281
2014-03-12,90.55999755859375,82.18792724609375
2014-03-13,89.27999877929688,81.02625274658203
2014-03-14,88.66999816894531,80.47265625
2014-03-17,89.44999694824219,81.18054962158203
2014-03-18,90.52999877929688,82.16068267822266
2014-03-19,90.04000091552734,81.71601867675781
2014-03-20,90.29000091552734,81.94291687011719
2014-03-21,89.0,80.95684814453125
2014-03-24,88.22000122070312,80.24732971191406
2014-03-25,88.51000213623047,80.51116180419922
2014-03-26,87.37000274658203,79.47416687011719
2014-03-27,86.87999725341797,79.02841186523438
2014-03-28,87.05000305175781,79.18305969238281
2014-03-31,87.66999816894531,79.74703979492188
2014-04-01,89.20999908447266,81.14788055419922
2014-04-02,89.44000244140625,81.35709381103516
2014-04-03,88.7300033569336,80.71125793457031
2014-04-04,86.37000274658203,78.5645523071289
2014-04-07,85.55000305175781,77.8186264038086
2014-04-08,86.33999633789062,78.5372543334961
2014-04-09,87.81999969482422,79.88350677490234
2014-04-10,85.0999984741211,77.40930938720703
2014-04-11,84.11000061035156,76.5087661743164
2014-04-14,84.7699966430664,77.10912322998047
2014-04-15,85.05000305175781,77.36381530761719
2014-04-16,86.18000030517578,78.39168548583984
2014-04-17,86.19999694824219,78.40990447998047
2014-04-21,86.83999633789062,78.9920425415039
2014-04-22,87.52999877929688,79.61968994140625
2014-04-23,86.76000213623047,78.91926574707031
2014-04-24,87.58999633789062,79.67430877685547
2014-04-25,86.19000244140625,78.40080261230469
2014-04-28,86.47000122070312,78.6554946899414
2014-04-29,87.16000366210938,79.28315734863281
2014-04-30,87.38999938964844,79.49235534667969
2014-05-01,87.6500015258789,79.72886657714844
2014-05-02,87.48999786376953,79.58332061767578
2014-05-05,87.94999694824219,80.00173950195312
2014-05-06,86.80999755859375,78.96477508544922
2014-05-07,86.55999755859375,78.73735046386719
2014-05-08,86.4800033569336,78.66460418701172
2014-05-09,86.80000305175781,78.95568084716797
2014-05-12,88.2300033569336,80.25643920898438
2014-05-13,88.29000091552734,80.31101989746094
2014-05-14,87.83000183105469,79.89258575439453
2014-05-15,87.13999938964844,79.26493835449219
2014-05-16,87.70999908447266,79.783447265625
2014-05-19,88.31999969482422,80.33831024169922
2014-05-20,88.0,80.0472183227539
2014-05-21,88.83999633789062,80.8113021850586
2014-05-22,89.2300033569336,81.16605377197266
2014-05-23,89.87999725341797,81.75733184814453
2014-05-27,91.0,82.776123046875
2014-05-28,90.72000122070312,82.52143096923828
2014-05-29,91.30000305175781,83.04901123046875
2014-05-30,91.30999755859375,83.05809020996094
2014-06-02,91.22000122070312,82.9762191772461
2014-06-03,91.18000030517578,82.93982696533203
2014-06-04,91.5199966430664,83.24911499023438
2014-06-05,92.29000091552734,83.94953155517578
2014-06-06,92.81999969482422,84.431640625
2014-06-09,92.75,84.36795806884766
2014-06-10,92.91000366210938,84.51350402832031
2014-06-11,92.88999938964844,84.49530792236328
2014-06-12,92.05000305175781,83.73124694824219
2014-06-13,92.31999969482422,83.976806640625
2014-06-16,92.4000015258789,84.0495834350586
2014-06-17,92.44999694824219,84.09506225585938
2014-06-18,92.97000122070312,84.56810760498047
2014-06-19,92.91000366210938,84.51350402832031
2014-06-20,92.7699966430664,84.6128921508789
2014-06-23,92.79000091552734,84.63117980957031
2014-06-24,92.69999694824219,84.54905700683594
2014-06-25,93.29000091552734,85.08718872070312
2014-06-26,93.33999633789062,85.13277435302734
2014-06-27,93.75,85.50675964355469
2014-06-30,93.91000366210938,85.65269470214844
2014-07-01,94.94000244140625,86.5921401977539
2014-07-02,95.0999984741211,86.73800659179688
2014-07-03,95.69999694824219,87.28528594970703
2014-07-07,95.41000366210938,87.02079010009766
2014-07-08,94.26000213623047,85.971923828125
2014-07-09,94.95999908447266,86.6103515625
2014-07-10,94.66000366210938,86.33671569824219
2014-07-11,95.2699966430664,86.89309692382812
2014-07-14,95.83999633789062,87.4129409790039
2014-07-15,95.51000213623047,87.11199188232422
2014-07-16,95.88999938964844,87.45857238769531
2014-07-17,94.62000274658203,86.30025482177734
2014-07-18,96.12000274658203,87.66835021972656
2014-07-21,96.0,87.55890655517578
2014-07-22,96.61000061035156,88.1152572631836
2014-07-23,97.2300033569336,88.68074798583984
2014-07-24,97.12000274658203,88.58045196533203
2014-07-25,96.73999786376953,88.23385620117188
2014-07-28,96.7699966430664,88.26119232177734
2014-07-29,96.5999984741211,88.10612487792969
2014-07-30,96.9800033569336,88.4527359008789
2014-07-31,95.0199966430664,86.6650619506836
2014-08-01,94.66999816894531,86.34584045410156
2014-08-04,95.31999969482422,86.93871307373047
2014-08-05,94.58999633789062,86.27287292480469
2014-08-06,94.5199966430664,86.20901489257812
2014-08-07,94.22000122070312,85.9354248046875
2014-08-08,94.9000015258789,86.55564880371094
2014-08-11,95.45999908447266,87.06639099121094
2014-08-12,95.41999816894531,87.02991485595703
2014-08-13,96.43000030517578,87.95109558105469
2014-08-14,96.93000030517578,88.40714263916016
2014-08-15,97.4000015258789,88.83583068847656
2014-08-18,98.1500015258789,89.51985931396484
2014-08-19,98.69999694824219,90.0215072631836
2014-08-20,98.69999694824219,90.0215072631836
2014-08-21,98.9000015258789,90.20393371582031
2014-08-22,99.05000305175781,90.34072875976562
2014-08-25,99.4000015258789,90.65997314453125
2014-08-26,99.5,90.75116729736328
2014-08-27,99.5199966430664,90.76941680908203
2014-08-28,99.41000366210938,90.6690902709961
2014-08-29,99.77999877929688,91.00652313232422
2014-09-02,100.06999969482422,91.27104187011719
2014-09-03,99.4800033569336,90.73291015625
2014-09-04,99.38999938964844,90.65084075927734
2014-09-05,99.88999938964844,91.1069107055664
2014-09-08,100.08000183105469,91.28016662597656
2014-09-09,99.25,90.52313995361328
2014-09-10,100.06999969482422,91.27104187011719
2014-09-11,99.98999786376953,91.19808197021484
2014-09-12,99.4800033569336,90.73291015625
2014-09-15,98.5199966430664,89.8573226928711
2014-09-16,99.37999725341797,90.6417007446289
2014-09-17,99.52999877929688,90.77853393554688
2014-09-18,100.27999877929688,91.46257019042969
2014-09-19,99.9800033569336,91.40589904785156
2014-09-22,99.05000305175781,90.55563354492188
2014-09-23,98.77999877929688,90.30880737304688
2014-09-24,99.83999633789062,91.27790069580078
2014-09-25,97.73999786376953,89.35797119140625
2014-09-26,98.77999877929688,90.30880737304688
2014-09-29,98.6500015258789,90.18995666503906
2014-09-30,98.79000091552734,90.31793212890625
2014-10-01,97.20999908447266,88.87344360351562
2014-10-02,97.20999908447266,88.87344360351562
2014-10-03,98.16999816894531,89.7511215209961
2014-10-06,97.95999908447266,89.55909729003906
2014-10-07,96.56999969482422,88.28832244873047
2014-10-08,98.44999694824219,90.007080078125
2014-10-09,96.86000061035156,88.553466796875
2014-10-10,94.44000244140625,86.34097290039062
2014-10-13,92.95999908447266,84.98796081542969
2014-10-14,92.97000122070312,84.99703979492188
2014-10-15,92.37000274658203,84.44850158691406
2014-10-16,91.79000091552734,83.91822814941406
2014-10-17,93.0,85.02447509765625
2014-10-20,94.38999938964844,86.29527282714844
2014-10-21,96.87000274658203,88.56261444091797
2014-10-22,96.37000274658203,88.10546875
2014-10-23,97.81999969482422,89.43115234375
2014-10-24,98.62000274658203,90.16252899169922
2014-10-27,98.69000244140625,90.22652435302734
2014-10-28,100.18000030517578,91.5887451171875
2014-10-29,99.80999755859375,91.25047302246094
2014-10-30,100.0199966430664,91.44246673583984
2014-10-31,101.4000015258789,92.7041015625
2014-11-03,101.69999694824219,92.97837829589844
2014-11-04,101.36000061035156,92.66756439208984
2014-11-05,101.37000274658203,92.67668914794922
2014-11-06,101.69000244140625,92.9692611694336
2014-11-07,101.5999984741211,92.88693237304688
2014-11-10,101.95999908447266,93.21607208251953
2014-11-11,102.27999877929688,93.50865936279297
2014-11-12,102.45999908447266,93.67321014404297
2014-11-13,102.9000015258789,94.07548522949219
2014-11-14,103.22000122070312,94.3680419921875
2014-11-17,102.91000366210938,94.08462524414062
2014-11-18,103.68000030517578,94.78857421875
2014-11-19,103.20999908447266,94.35890197753906
2014-11-20,103.66999816894531,94.77941131591797
2014-11-21,103.87000274658203,94.9622802734375
2014-11-24,104.68000030517578,95.70285034179688
2014-11-25,104.83999633789062,95.84908294677734
2014-11-26,105.5199966430664,96.47079467773438
2014-11-28,106.01000213623047,96.91876220703125
2014-12-01,104.80999755859375,95.82166290283203
2014-12-02,105.2300033569336,96.2056655883789
2014-12-03,105.41999816894531,96.37935638427734
2014-12-04,105.37000274658203,96.33363342285156
2014-12-05,105.37999725341797,96.34278106689453
2014-12-08,104.62999725341797,95.65711975097656
2014-12-09,104.95999908447266,95.95880126953125
2014-12-10,103.30999755859375,94.45030975341797
2014-12-11,103.80000305175781,94.89826965332031
2014-12-12,102.66999816894531,93.86518096923828
2014-12-15,101.61000061035156,92.8961181640625
2014-12-16,99.9800033569336,91.40589904785156
2014-12-17,101.80000305175781,93.06982421875
2014-12-18,104.25,95.30968475341797
2014-12-19,104.31999969482422,95.72908020019531
2014-12-22,104.58000183105469,95.9676513671875
2014-12-23,104.20999908447266,95.62812805175781
2014-12-24,104.30000305175781,95.7107162475586
2014-12-26,105.04000091552734,96.3897705078125
2014-12-29,105.0199966430664,96.37142944335938
2014-12-30,104.31999969482422,95.72908020019531
2014-12-31,103.25,94.74717712402344
2015-01-02,102.94000244140625,94.46271514892578
2015-01-05,101.43000030517578,93.0770492553711
2015-01-06,100.06999969482422,91.8290786743164
2015-01-07,101.36000061035156,93.01285552978516
2015-01-08,103.30000305175781,94.79305267333984
2015-01-09,102.62000274658203,94.16905212402344
2015-01-12,101.55000305175781,93.18717193603516
2015-01-13,101.5199966430664,93.1596450805664
2015-01-14,100.95999908447266,92.64576721191406
2015-01-15,99.6500015258789,91.44365692138672
2015-01-16,100.81999969482422,92.517333984375
2015-01-20,101.62000274658203,93.25141906738281
2015-01-21,102.13999938964844,93.7286148071289
2015-01-22,104.02999877929688,95.46292877197266
2015-01-23,104.26000213623047,95.67401885986328
2015-01-26,104.13999938964844,95.56389617919922
2015-01-27,101.44000244140625,93.08625030517578
2015-01-28,100.91999816894531,92.60906982421875
2015-01-29,101.88999938964844,93.4991683959961
2015-01-30,101.0999984741211,92.77428436279297
2015-02-02,101.9800033569336,93.5817642211914
2015-02-03,102.95999908447266,94.48104858398438
2015-02-04,102.87000274658203,94.39849853515625
2015-02-05,103.76000213623047,95.21519470214844
2015-02-06,103.12999725341797,94.63706970214844
2015-02-09,102.80000305175781,94.33427429199219
2015-02-10,104.4000015258789,95.80247497558594
2015-02-11,104.77999877929688,96.15119934082031
2015-02-12,106.0,97.2707290649414
2015-02-13,106.91000366210938,98.10578155517578
2015-02-17,107.01000213623047,98.1975326538086
2015-02-18,107.16000366210938,98.33519744873047
2015-02-19,107.69000244140625,98.821533203125
2015-02-20,108.41000366210938,99.48223876953125
2015-02-23,108.5199966430664,99.58320617675781
2015-02-24,108.5999984741211,99.65660095214844
2015-02-25,108.33000183105469,99.4088134765625
2015-02-26,108.87999725341797,99.91354370117188
2015-02-27,108.4000015258789,99.47308349609375
2015-03-02,109.37999725341797,100.37235260009766
2015-03-03,108.87000274658203,99.90438842773438
2015-03-04,108.44999694824219,99.51895141601562
2015-03-05,108.63999938964844,99.69332885742188
2015-03-06,107.41000366210938,98.56462860107422
2015-03-09,107.72000122070312,98.84906005859375
2015-03-10,105.72000122070312,97.01378631591797
2015-03-11,105.11000061035156,96.45401000976562
2015-03-12,105.80000305175781,97.0871810913086
2015-03-13,105.33999633789062,96.6650619506836
2015-03-16,106.69999694824219,97.9130630493164
2015-03-17,106.87000274658203,98.069091796875
2015-03-18,107.91999816894531,99.03260040283203
2015-03-19,108.08000183105469,99.1794204711914
2015-03-20,108.52999877929688,99.82139587402344
2015-03-23,108.31999969482422,99.62825012207031
2015-03-24,107.93000030517578,99.26956939697266
2015-03-25,105.45999908447266,96.99776458740234
2015-03-26,105.0999984741211,96.66664123535156
2015-03-27,105.5199966430664,97.05294799804688
2015-03-30,106.7300033569336,98.16584014892578
2015-03-31,105.5999984741211,97.12651062011719
2015-04-01,105.05000305175781,96.62066650390625
2015-04-02,105.12000274658203,96.68505859375
2015-04-06,105.9800033569336,97.47606658935547
2015-04-07,105.80000305175781,97.31046295166016
2015-04-08,106.63999938964844,98.08306884765625
2015-04-09,107.30999755859375,98.69932556152344
2015-04-10,107.75,99.10401153564453
2015-04-13,107.4800033569336,98.8556900024414
2015-04-14,107.16999816894531,98.5705337524414
2015-04-15,107.83999633789062,99.18677520751953
2015-04-16,107.69000244140625,99.04884338378906
2015-04-17,106.01000213623047,97.5036392211914
2015-04-20,107.5999984741211,98.96603393554688
2015-04-21,108.05999755859375,99.38914489746094
2015-04-22,108.6500015258789,99.93180847167969
2015-04-23,109.05999755859375,100.30888366699219
2015-04-24,110.54000091552734,101.67012786865234
2015-04-27,110.26000213623047,101.41260528564453
2015-04-28,110.04000091552734,101.21025085449219
2015-04-29,109.3499984741211,100.57561492919922
2015-04-30,107.62999725341797,98.99362182617188
2015-05-01,109.05000305175781,100.2997055053711
2015-05-04,109.2300033569336,100.46524810791016
2015-05-05,107.44999694824219,98.82804870605469
2015-05-06,106.70999908447266,98.1474609375
2015-05-07,107.3499984741211,98.73609161376953
2015-05-08,108.69000244140625,99.96857452392578
2015-05-11,108.2699966430664,99.58226013183594
2015-05-12,107.77999877929688,99.13159942626953
2015-05-13,108.0,99.33396911621094
2015-05-14,109.58000183105469,100.78717803955078
2015-05-15,109.58000183105469,100.78717803955078
2015-05-18,110.05999755859375,101.22862243652344
2015-05-19,109.94000244140625,101.1182632446289
2015-05-20,110.01000213623047,101.18267822265625
2015-05-21,110.58000183105469,101.70694732666016
2015-05-22,110.47000122070312,101.60574340820312
2015-05-26,109.19999694824219,100.43767547607422
2015-05-27,110.95999908447266,102.05644989013672
2015-05-28,110.70999908447266,101.82649230957031
2015-05-29,110.05000305175781,101.21944427490234
2015-06-01,110.41999816894531,101.55976104736328
2015-06-02,110.06999969482422,101.23786163330078
2015-06-03,110.4000015258789,101.5413589477539
2015-06-04,109.55999755859375,100.76874542236328
2015-06-05,109.30000305175781,100.5296630859375
2015-06-08,108.19000244140625,99.50871276855469
2015-06-09,108.01000213623047,99.3431396484375
2015-06-10,109.48999786376953,100.70436096191406
2015-06-11,109.6500015258789,100.85154724121094
2015-06-12,108.75,100.02377319335938
2015-06-15,108.20999908447266,99.5270767211914
2015-06-16,108.80000305175781,100.06976318359375
2015-06-17,109.0999984741211,100.3456802368164
2015-06-18,110.69000244140625,101.80810546875
2015-06-19,109.88999938964844,101.30475616455078
2015-06-22,110.69999694824219,102.05146789550781
2015-06-23,110.79000091552734,102.13447570800781
2015-06-24,110.22000122070312,101.60897064208984
2015-06-25,110.0,101.40613555908203
2015-06-26,109.2699966430664,100.73320770263672
2015-06-29,106.69000244140625,98.35475158691406
2015-06-30,107.06999969482422,98.70507049560547
2015-07-01,107.91999816894531,99.48868560791016
2015-07-02,107.94999694824219,99.51631927490234
2015-07-06,107.69999694824219,99.28585052490234
2015-07-07,107.97000122070312,99.53478240966797
2015-07-08,106.08999633789062,97.8016586303711
2015-07-09,106.02999877929688,97.7463150024414
2015-07-10,107.6500015258789,99.2397689819336
2015-07-13,109.54000091552734,100.98210906982422
2015-07-14,110.26000213623047,101.64588165283203
2015-07-15,110.37999725341797,101.7564697265625
2015-07-16,111.94000244140625,103.19463348388672
2015-07-17,113.58999633789062,104.7156982421875
2015-07-20,113.9800033569336,105.07522583007812
2015-07-21,113.91000366210938,105.01068878173828
2015-07-22,112.62000274658203,103.82145690917969
2015-07-23,112.19999694824219,103.43431854248047
2015-07-24,111.0999984741211,102.42021942138672
2015-07-27,110.18000030517578,101.57208251953125
2015-07-28,111.12999725341797,102.4478988647461
2015-07-29,111.55000305175781,102.8350601196289
2015-07-30,112.08000183105469,103.32367706298828
2015-07-31,111.94999694824219,103.20379638671875
2015-08-03,111.5999984741211,102.88117980957031
2015-08-04,111.38999938964844,102.68755340576172
2015-08-05,112.25,103.48038482666016
2015-08-06,110.44999694824219,101.82101440429688
2015-08-07,110.30999755859375,101.69194793701172
2015-08-10,111.56999969482422,102.85352325439453
2015-08-11,110.13999938964844,101.53521728515625
2015-08-12,110.5199966430664,101.8855209350586
2015-08-13,110.33999633789062,101.7196044921875
2015-08-14,110.51000213623047,101.87631225585938
2015-08-17,111.43000030517578,102.72444915771484
2015-08-18,110.86000061035156,102.19898986816406
2015-08-19,110.12999725341797,101.52599334716797
2015-08-20,107.08000183105469,98.71430206298828
2015-08-21,102.4000015258789,94.3999252319336
2015-08-24,98.45999908447266,90.7677230834961
2015-08-25,98.08999633789062,90.4266357421875
2015-08-26,103.02999877929688,94.98072814941406
2015-08-27,105.63999938964844,97.38679504394531
2015-08-28,105.62000274658203,97.36836242675781
2015-08-31,104.30999755859375,96.16069030761719
2015-09-01,101.05000305175781,93.15538787841797
2015-09-02,103.9000015258789,95.78275299072266
2015-09-03,103.38999938964844,95.31257629394531
2015-09-04,102.16000366210938,94.17866516113281
2015-09-08,105.04000091552734,96.83367919921875
2015-09-09,103.86000061035156,95.745849609375
2015-09-10,104.98999786376953,96.78758239746094
2015-09-11,105.56999969482422,97.3222427368164
2015-09-14,105.25,97.0272445678711
2015-09-15,106.48999786376953,98.17039489746094
2015-09-16,107.08999633789062,98.7235107421875
2015-09-17,107.12999725341797,98.76036071777344
2015-09-18,105.3499984741211,97.35572814941406
2015-09-21,105.68000030517578,97.66067504882812
2015-09-22,104.0999984741211,96.2005844116211
2015-09-23,104.18000030517578,96.27449798583984
2015-09-24,103.80000305175781,95.92334747314453
2015-09-25,102.91999816894531,95.1101303100586
2015-09-28,99.98999786376953,92.40247344970703
2015-09-29,99.47000122070312,91.92191314697266
2015-09-30,101.76000213623047,94.03813934326172
2015-10-01,102.22000122070312,94.4632339477539
2015-10-02,104.01000213623047,96.11739349365234
2015-10-05,105.5,97.49433135986328
2015-10-06,105.0,97.03230285644531
2015-10-07,105.62999725341797,97.61448669433594
2015-10-08,106.05000305175781,98.00262451171875
2015-10-09,106.52999877929688,98.44617462158203
2015-10-12,106.79000091552734,98.68646240234375
2015-10-13,106.0999984741211,98.04882049560547
2015-10-14,105.93000030517578,97.8917236328125
2015-10-15,107.66999816894531,99.49967956542969
2015-10-16,108.12000274658203,99.91553497314453
2015-10-19,108.73999786376953,100.48847961425781
2015-10-20,108.18000030517578,99.97099304199219
2015-10-21,107.5199966430664,99.3610610961914
2015-10-22,109.70999908447266,101.38489532470703
2015-10-23,112.77999877929688,104.22193145751953
2015-10-26,112.8499984741211,104.28660583496094
2015-10-27,113.08000183105469,104.49913787841797
2015-10-28,114.0199966430664,105.36781311035156
2015-10-29,113.83999633789062,105.20148468017578
2015-10-30,113.33000183105469,104.73017120361328
2015-11-02,114.61000061035156,105.91304779052734
2015-11-03,115.01000213623047,106.28268432617188
2015-11-04,115.0199966430664,106.29196166992188
2015-11-05,114.70999908447266,106.0054702758789
2015-11-06,114.79000091552734,106.07942199707031
2015-11-09,113.56999969482422,104.95197296142578
2015-11-10,113.27999877929688,104.68396759033203
2015-11-11,113.13999938964844,104.55460357666016
2015-11-12,112.04000091552734,103.53804016113281
2015-11-13,109.83999633789062,101.50498962402344
2015-11-16,111.41999816894531,102.96514129638672
2015-11-17,111.48999786376953,103.02983093261719
2015-11-18,113.62999725341797,105.0074234008789
2015-11-19,113.70999908447266,105.08135223388672
2015-11-20,114.4800033569336,105.79292297363281
2015-11-23,114.1500015258789,105.48798370361328
2015-11-24,114.05000305175781,105.39556884765625
2015-11-25,114.1500015258789,105.48798370361328
2015-11-27,114.30999755859375,105.6358413696289
2015-11-30,114.0199966430664,105.36781311035156
2015-12-01,115.16000366210938,106.42134094238281
2015-12-02,114.44999694824219,105.7651596069336
2015-12-03,112.51000213623047,103.9724349975586
2015-12-04,115.13999938964844,106.40283966064453
2015-12-07,114.62000274658203,105.92230987548828
2015-12-08,114.62999725341797,105.93153381347656
2015-12-09,112.88999938964844,104.32357788085938
2015-12-10,113.4000015258789,104.79488372802734
2015-12-11,110.79000091552734,102.38291931152344
2015-12-14,111.62999725341797,103.1591796875
2015-12-15,112.30999755859375,103.78755187988281
2015-12-16,113.9800033569336,105.33087921142578
2015-12-17,112.31999969482422,103.79684448242188
2015-12-18,109.83000183105469,101.80575561523438
2015-12-21,111.05000305175781,102.93663024902344
2015-12-22,111.77999877929688,103.61328125
2015-12-23,112.61000061035156,104.38265991210938
2015-12-24,112.58999633789062,104.3641128540039
2015-12-28,112.52999877929688,104.3084945678711
2015-12-29,114.30000305175781,105.94918060302734
2015-12-30,113.2699966430664,104.99439239501953
2015-12-31,111.86000061035156,103.68743896484375
2016-01-04,109.5,101.49986267089844
2016-01-05,109.30999755859375,101.32376861572266
2016-01-06,108.26000213623047,100.35047912597656
2016-01-07,104.87000274658203,97.20813751220703
2016-01-08,104.01000213623047,96.41096496582031
2016-01-11,104.33000183105469,96.70759582519531
2016-01-12,105.54000091552734,97.82918548583984
2016-01-13,101.9000015258789,94.45513153076172
2016-01-14,104.06999969482422,96.46662139892578
2016-01-15,100.83999633789062,93.47254943847656
2016-01-19,101.05999755859375,93.676513671875
2016-01-20,100.75,93.38912963867188
2016-01-21,100.8499984741211,93.4818344116211
2016-01-22,103.7699966430664,96.18850708007812
2016-01-25,102.2300033569336,94.76102447509766
2016-01-26,103.1500015258789,95.61380004882812
2016-01-27,100.58000183105469,93.23155975341797
2016-01-28,102.0,94.54781341552734
2016-01-29,104.12999725341797,96.52222442626953
2016-02-01,104.41000366210938,96.7817611694336
2016-02-02,102.1500015258789,94.68685913085938
2016-02-03,101.66000366210938,94.23265838623047
2016-02-04,101.6500015258789,94.22340393066406
2016-02-05,98.12000274658203,90.95130157470703
2016-02-08,96.62000274658203,89.56090545654297
2016-02-09,96.31999969482422,89.28282165527344
2016-02-10,96.69000244140625,89.62577819824219
2016-02-11,96.55000305175781,89.49600219726562
2016-02-12,98.0199966430664,90.85858154296875
2016-02-16,100.2300033569336,92.90715026855469
2016-02-17,102.5,95.01129913330078
2016-02-18,101.33000183105469,93.9267578125
2016-02-19,101.62999725341797,94.20487213134766
2016-02-22,103.27999877929688,95.73429870605469
2016-02-23,101.58000183105469,94.15850830078125
2016-02-24,102.55000305175781,95.05765533447266
2016-02-25,103.55999755859375,95.99384307861328
2016-02-26,103.43000030517578,95.87334442138672
2016-02-29,102.5,95.01129913330078
2016-03-01,105.79000091552734,98.0609359741211
2016-03-02,105.83000183105469,98.0979995727539
2016-03-03,105.62999725341797,97.91258239746094
2016-03-04,105.66999816894531,97.94969940185547
2016-03-07,105.0199966430664,97.34716796875
2016-03-08,104.1500015258789,96.54074096679688
2016-03-09,104.81999969482422,97.16178131103516
2016-03-10,104.66000366210938,97.01345825195312
2016-03-11,106.48999786376953,98.70980072021484
2016-03-14,106.66999816894531,98.87662506103516
2016-03-15,106.62999725341797,98.83956146240234
2016-03-16,107.58000183105469,99.72013854980469
2016-03-17,107.5199966430664,99.66450500488281
2016-03-18,107.37000274658203,99.82075500488281
2016-03-21,107.79000091552734,100.21118927001953
2016-03-22,108.12000274658203,100.51799774169922
2016-03-23,107.2300033569336,99.69056701660156
2016-03-24,107.26000213623047,99.71842956542969
2016-03-28,107.11000061035156,99.57902526855469
2016-03-29,108.83000183105469,101.17805480957031
2016-03-30,109.36000061035156,101.67080688476562
2016-03-31,109.19999694824219,101.52204132080078
2016-04-01,110.36000061035156,102.60047149658203
2016-04-04,109.94000244140625,102.21002197265625
2016-04-05,108.87999725341797,101.22453308105469
2016-04-06,110.66999816894531,102.88866424560547
2016-04-07,109.08000183105469,101.41046142578125
2016-04-08,109.0,101.33610534667969
2016-04-11,108.5999984741211,100.96420288085938
2016-04-12,109.51000213623047,101.81025695800781
2016-04-13,110.91000366210938,103.1118392944336
2016-04-14,110.91999816894531,103.12108612060547
2016-04-15,110.63999938964844,102.86078643798828
2016-04-18,111.2300033569336,103.40930938720703
2016-04-19,110.55000305175781,102.77710723876953
2016-04-20,110.63999938964844,102.86078643798828
2016-04-21,110.6500015258789,102.8700942993164
2016-04-22,108.9800033569336,101.31751251220703
2016-04-25,108.9800033569336,101.31751251220703
2016-04-26,108.44999694824219,100.82479858398438
2016-04-27,107.58000183105469,100.01594543457031
2016-04-28,106.27999877929688,98.80734252929688
2016-04-29,105.72000122070312,98.28672790527344
2016-05-02,106.72000122070312,99.2164306640625
2016-05-03,105.7300033569336,98.29601287841797
2016-05-04,105.05000305175781,97.66385650634766
2016-05-05,105.0199966430664,97.63594055175781
2016-05-06,105.58000183105469,98.15660095214844
2016-05-09,105.87999725341797,98.43547058105469
2016-05-10,107.33000183105469,99.78355407714844
2016-05-11,106.36000061035156,98.88172149658203
2016-05-12,105.88999938964844,98.44479370117188
2016-05-13,105.5,98.08219909667969
2016-05-16,106.81999969482422,99.30939483642578
2016-05-17,105.4800033569336,98.0635986328125
2016-05-18,105.86000061035156,98.41687774658203
2016-05-19,105.30999755859375,97.9055404663086
2016-05-20,106.47000122070312,98.9840087890625
2016-05-23,106.33000183105469,98.85386657714844
2016-05-24,108.45999908447266,100.8340835571289
2016-05-25,109.23999786376953,101.55923461914062
2016-05-26,109.55999755859375,101.85672760009766
2016-05-27,110.12999725341797,102.38665771484375
2016-05-31,110.33999633789062,102.58189392089844
2016-06-01,110.3499984741211,102.5911865234375
2016-06-02,110.58000183105469,102.80501556396484
2016-06-03,110.05999755859375,102.32157897949219
2016-06-06,110.45999908447266,102.69345092773438
2016-06-07,110.18000030517578,102.43312072753906
2016-06-08,110.37000274658203,102.60977935791016
2016-06-09,110.19000244140625,102.44245147705078
2016-06-10,108.94000244140625,101.28033447265625
2016-06-13,108.02999877929688,100.434326171875
2016-06-14,108.02999877929688,100.434326171875
2016-06-15,107.72000122070312,100.14610290527344
2016-06-16,108.04000091552734,100.44358825683594
2016-06-17,106.48999786376953,99.26628112792969
2016-06-20,107.16000366210938,99.89083862304688
2016-06-21,107.5,100.20777130126953
2016-06-22,107.23999786376953,99.96540832519531
2016-06-23,108.7699966430664,101.39163208007812
2016-06-24,104.29000091552734,97.21550750732422
2016-06-27,102.22000122070312,95.28591918945312
2016-06-28,104.45999908447266,97.3740005493164
2016-06-29,106.30999755859375,99.09847259521484
2016-06-30,107.54000091552734,100.24504852294922
2016-07-01,108.08000183105469,100.74842071533203
2016-07-05,107.41999816894531,100.13321685791016
2016-07-06,108.30000305175781,100.95350646972656
2016-07-07,108.62000274658203,101.25179290771484
2016-07-08,110.30000305175781,102.81784057617188
2016-07-11,110.93000030517578,103.40509796142578
2016-07-12,111.48999786376953,103.92709350585938
2016-07-13,111.22000122070312,103.67544555664062
2016-07-14,111.9800033569336,104.38385009765625
2016-07-15,111.80000305175781,104.21607208251953
2016-07-18,112.54000091552734,104.90589141845703
2016-07-19,112.12999725341797,104.52367401123047
2016-07-20,113.44000244140625,105.74481964111328
2016-07-21,113.18000030517578,105.50244903564453
2016-07-22,113.6500015258789,105.9405746459961
2016-07-25,113.66000366210938,105.94991302490234
2016-07-26,113.79000091552734,106.07112884521484
2016-07-27,114.58000183105469,106.80748748779297
2016-07-28,114.9800033569336,107.18035888671875
2016-07-29,115.2300033569336,107.41341400146484
2016-08-01,115.83999633789062,107.98200988769531
2016-08-02,114.95999908447266,107.16173553466797
2016-08-03,115.33999633789062,107.51593780517578
2016-08-04,115.66999816894531,107.82356262207031
2016-08-05,116.77999877929688,108.8582763671875
2016-08-08,116.6500015258789,108.73707580566406
2016-08-09,116.91999816894531,108.98875427246094
2016-08-10,116.62000274658203,108.70912170410156
2016-08-11,117.12000274658203,109.17520904541016
2016-08-12,117.19999694824219,109.249755859375
2016-08-15,117.69999694824219,109.71582794189453
2016-08-16,117.05000305175781,109.10993957519531
2016-08-17,117.26000213623047,109.30570220947266
2016-08-18,117.29000091552734,109.33364868164062
2016-08-19,117.26000213623047,109.30570220947266
2016-08-22,117.3499984741211,109.38957977294922
2016-08-23,117.55999755859375,109.58534240722656
2016-08-24,116.80000305175781,108.87688446044922
2016-08-25,116.61000061035156,108.69979858398438
2016-08-26,116.77999877929688,108.8582763671875
2016-08-29,116.94000244140625,109.0074234008789
2016-08-30,116.55999755859375,108.65316772460938
2016-08-31,116.44000244140625,108.54132843017578
2016-09-01,116.73999786376953,108.82097625732422
2016-09-02,117.12000274658203,109.17520904541016
2016-09-06,117.8499984741211,109.85568237304688
2016-09-07,117.91999816894531,109.92090606689453
2016-09-08,117.2300033569336,109.27774047851562
2016-09-09,114.27999877929688,106.52783203125
2016-09-12,116.33000183105469,108.43879699707031
2016-09-13,115.29000091552734,107.4693374633789
2016-09-14,115.83999633789062,107.98200988769531
2016-09-15,117.63999938964844,109.65990447998047
2016-09-16,117.29000091552734,109.60758972167969
2016-09-19,116.77999877929688,109.1310043334961
2016-09-20,117.0,109.33657836914062
2016-09-21,118.1500015258789,110.41128540039062
2016-09-22,119.08999633789062,111.2896728515625
2016-09-23,118.33000183105469,110.57947540283203
2016-09-26,117.33999633789062,109.654296875
2016-09-27,118.5,110.73834991455078
2016-09-28,118.69999694824219,110.92524719238281
2016-09-29,117.83999633789062,110.12157440185547
2016-09-30,118.72000122070312,110.94393157958984
2016-10-03,118.55000305175781,110.78504943847656
2016-10-04,118.37000274658203,110.6168441772461
2016-10-05,118.79000091552734,111.00934600830078
2016-10-06,118.7300033569336,110.95326232910156
2016-10-07,118.47000122070312,110.71028137207031
2016-10-10,119.22000122070312,111.41117095947266
2016-10-11,117.5199966430664,109.82251739501953
2016-10-12,117.41999816894531,109.72908020019531
2016-10-13,117.0,109.33657836914062
2016-10-14,117.13999938964844,109.46741485595703
2016-10-17,116.81999969482422,109.16836547851562
2016-10-18,117.86000061035156,110.14026641845703
2016-10-19,117.8499984741211,110.13092041015625
2016-10-20,117.70999908447266,110.00007629394531
2016-10-21,118.1500015258789,110.41128540039062
2016-10-24,119.56999969482422,111.73824310302734
2016-10-25,119.19000244140625,111.38313293457031
2016-10-26,118.37999725341797,110.62620544433594
2016-10-27,117.83999633789062,110.12157440185547
2016-10-28,117.0999984741211,109.43003845214844
2016-10-31,116.98999786376953,109.32722473144531
2016-11-01,116.11000061035156,108.50489044189453
2016-11-02,115.18000030517578,107.63579559326172
2016-11-03,114.05000305175781,106.579833984375
2016-11-04,113.6500015258789,106.20599365234375
2016-11-07,116.3499984741211,108.72916412353516
2016-11-08,117.11000061035156,109.43939208984375
2016-11-09,117.6500015258789,109.94402313232422
2016-11-10,115.75,108.16845703125
2016-11-11,115.80000305175781,108.21519470214844
2016-11-14,114.62999725341797,107.12181091308594
2016-11-15,116.22000122070312,108.60768127441406
2016-11-16,116.91000366210938,109.25247192382812
2016-11-17,117.76000213623047,110.04682922363281
2016-11-18,117.31999969482422,109.6356430053711
2016-11-21,118.54000091552734,110.77571868896484
2016-11-22,118.9000015258789,111.11214447021484
2016-11-23,118.41999816894531,110.66356658935547
2016-11-25,118.80000305175781,111.01868438720703
2016-11-28,118.52999877929688,110.76636505126953
2016-11-29,118.94000244140625,111.14954376220703
2016-11-30,117.5,109.80382537841797
2016-12-01,115.47000122070312,107.90679931640625
2016-12-02,115.69999694824219,108.12171936035156
2016-12-05,116.5999984741211,108.9627914428711
2016-12-06,116.87999725341797,109.22443389892578
2016-12-07,118.36000061035156,110.60751342773438
2016-12-08,118.56999969482422,110.8037338256836
2016-12-09,119.5,111.67284393310547
2016-12-12,118.95999908447266,111.1681900024414
2016-12-13,120.45999908447266,112.5699691772461
2016-12-14,120.20999908447266,112.33634185791016
2016-12-15,120.4000015258789,112.51390075683594
2016-12-16,119.5999984741211,112.09681701660156
2016-12-19,120.08999633789062,112.55607604980469
2016-12-20,120.55000305175781,112.9872055053711
2016-12-21,120.45999908447266,112.90287780761719
2016-12-22,120.12000274658203,112.58418273925781
2016-12-23,120.19999694824219,112.65917205810547
2016-12-27,120.81999969482422,113.2402572631836
2016-12-28,119.87999725341797,112.35922241210938
2016-12-29,119.70999908447266,112.19987487792969
2016-12-30,118.4800033569336,111.04707336425781
2017-01-03,119.54000091552734,112.04055786132812
2017-01-04,120.19000244140625,112.64978790283203
2017-01-05,120.87000274658203,113.28713989257812
2017-01-06,121.93000030517578,114.28065490722656
2017-01-09,122.33000183105469,114.6555404663086
2017-01-10,122.5999984741211,114.90859985351562
2017-01-11,122.93000030517578,115.21791076660156
2017-01-12,122.73999786376953,115.03983306884766
2017-01-13,123.16000366210938,115.4334716796875
2017-01-17,122.79000091552734,115.0866928100586
2017-01-18,123.04000091552734,115.32100677490234
2017-01-19,122.9800033569336,115.26475524902344
2017-01-20,123.25,115.517822265625
2017-01-23,123.3499984741211,115.61155700683594
2017-01-24,124.18000030517578,116.38945770263672
2017-01-25,125.43000030517578,117.56108093261719
2017-01-26,125.55999755859375,117.68289184570312
2017-01-27,125.80000305175781,117.90784454345703
2017-01-30,124.81999969482422,116.98932647705078
2017-01-31,124.56999969482422,116.75499725341797
2017-02-01,125.43000030517578,117.56108093261719
2017-02-02,125.31999969482422,117.45796203613281
2017-02-03,125.68000030517578,117.79537200927734
2017-02-06,125.83000183105469,117.93598937988281
2017-02-07,126.29000091552734,118.36710357666016
2017-02-08,126.5,118.56392669677734
2017-02-09,126.95999908447266,118.99504089355469
2017-02-10,127.37999725341797,119.38872528076172
2017-02-13,128.10000610351562,120.06355285644531
2017-02-14,128.52999877929688,120.4665756225586
2017-02-15,129.2899932861328,121.17891693115234
2017-02-16,129.25,121.14138793945312
2017-02-17,129.80999755859375,121.66627502441406
2017-02-21,130.4499969482422,122.26612854003906
2017-02-22,130.5,122.31298828125
2017-02-23,130.00999450683594,121.85372924804688
2017-02-24,130.25999450683594,122.08805084228516
2017-02-27,130.4199981689453,122.23800659179688
2017-02-28,130.02000427246094,121.8631362915039
2017-03-01,131.44000244140625,123.19402313232422
2017-03-02,130.77999877929688,122.57545471191406
2017-03-03,131.02000427246094,122.80036163330078
2017-03-06,130.72999572753906,122.528564453125
2017-03-07,130.50999450683594,122.32232666015625
2017-03-08,130.74000549316406,122.53793334960938
2017-03-09,130.83999633789062,122.63166809082031
2017-03-10,131.38999938964844,123.14712524414062
2017-03-13,131.61000061035156,123.35334014892578
2017-03-14,131.2899932861328,123.05342864990234
2017-03-15,132.10000610351562,123.81260681152344
2017-03-16,132.00999450683594,123.7282485961914
2017-03-17,131.69000244140625,123.68506622314453
2017-03-20,131.80999755859375,123.79777526855469
2017-03-21,129.80999755859375,121.9193344116211
2017-03-22,130.69000244140625,122.7458724975586
2017-03-23,130.36000061035156,122.4358901977539
2017-03-24,130.6300048828125,122.68950653076172
2017-03-27,130.83999633789062,122.88673400878906
2017-03-28,131.63999938964844,123.63807678222656
2017-03-29,132.25,124.21102905273438
2017-03-30,132.47000122070312,124.41766357421875
2017-03-31,132.3800048828125,124.33312225341797
2017-04-03,132.3000030517578,124.25801086425781
2017-04-04,132.50999450683594,124.4552001953125
2017-04-05,131.97000122070312,123.94799041748047
2017-04-06,132.0399932861328,124.01377868652344
2017-04-07,131.97000122070312,123.94799041748047
2017-04-10,132.02000427246094,123.9950180053711
2017-04-11,131.4499969482422,123.45963287353516
2017-04-12,130.9199981689453,122.96184539794922
2017-04-13,130.39999389648438,122.47344207763672
2017-04-17,131.47999572753906,123.48780822753906
2017-04-18,131.27999877929688,123.29996490478516
2017-04-19,131.49000549316406,123.4972152709961
2017-04-20,132.58999633789062,124.53034210205078
2017-04-21,132.55999755859375,124.50216674804688
2017-04-24,134.16000366210938,126.00497436523438
2017-04-25,135.1300048828125,126.91596984863281
2017-04-26,134.94000244140625,126.73749542236328
2017-04-27,135.75,127.49826049804688
2017-04-28,135.99000549316406,127.72364807128906
2017-05-01,137.1999969482422,128.8600616455078
2017-05-02,137.42999267578125,129.07611083984375
2017-05-03,136.99000549316406,128.66287231445312
2017-05-04,137.0399932861328,128.70986938476562
2017-05-05,137.5399932861328,129.17942810058594
2017-05-08,137.83999633789062,129.46124267578125
2017-05-09,138.32000732421875,129.9120635986328
2017-05-10,138.39999389648438,129.98721313476562
2017-05-11,138.2899932861328,129.88385009765625
2017-05-12,138.60000610351562,130.17506408691406
2017-05-15,139.0399932861328,130.5883026123047
2017-05-16,139.6199951171875,131.133056640625
2017-05-17,136.07000732421875,127.7988510131836
2017-05-18,137.25999450683594,128.9164581298828
2017-05-19,137.83999633789062,129.46124267578125
2017-05-22,139.0,130.5507049560547
2017-05-23,139.13999938964844,130.68223571777344
2017-05-24,139.77999877929688,131.2832794189453
2017-05-25,140.97000122070312,132.4009552001953
2017-05-26,141.22000122070312,132.63577270507812
2017-05-30,141.33999633789062,132.74847412109375
2017-05-31,141.2899932861328,132.7015380859375
2017-06-01,141.83999633789062,133.21810913085938
2017-06-02,143.4600067138672,134.7396240234375
2017-06-05,143.42999267578125,134.71139526367188
2017-06-06,142.86000061035156,134.1760711669922
2017-06-07,143.4199981689453,134.70204162597656
2017-06-08,143.57000732421875,134.8428955078125
2017-06-09,139.97999572753906,131.47113037109375
2017-06-12,139.22999572753906,130.7667236328125
2017-06-13,140.36000061035156,131.8280487060547
2017-06-14,139.75,131.25514221191406
2017-06-15,139.1300048828125,130.67282104492188
2017-06-16,138.14999389648438,130.1058349609375
2017-06-19,140.4600067138672,132.28134155273438
2017-06-20,139.36000061035156,131.24537658691406
2017-06-21,140.74000549316406,132.54505920410156
2017-06-22,140.6999969482422,132.5073699951172
2017-06-23,141.24000549316406,133.0159149169922
2017-06-26,140.5800018310547,132.39437866210938
2017-06-27,138.02999877929688,129.9927978515625
2017-06-28,140.02000427246094,131.86700439453125
2017-06-29,137.58999633789062,129.5784912109375
2017-06-30,137.63999938964844,129.6255645751953
2017-07-03,136.19000244140625,128.25994873046875
2017-07-05,137.52999877929688,129.52198791503906
2017-07-06,136.2899932861328,128.35414123535156
2017-07-07,137.75999450683594,129.7385711669922
2017-07-10,138.66000366210938,130.58615112304688
2017-07-11,139.0500030517578,130.9534454345703
2017-07-12,140.6999969482422,132.5073699951172
2017-07-13,141.00999450683594,132.79933166503906
2017-07-14,142.1199951171875,133.84466552734375
2017-07-17,142.19000244140625,133.91061401367188
2017-07-18,143.13999938964844,134.8052978515625
2017-07-19,143.97999572753906,135.59640502929688
2017-07-20,144.1699981689453,135.77537536621094
2017-07-21,144.11000061035156,135.71884155273438
2017-07-24,144.77000427246094,136.3404083251953
2017-07-25,144.39999389648438,135.99195861816406
2017-07-26,144.8699951171875,136.43458557128906
2017-07-27,143.9600067138672,135.5775604248047
2017-07-28,143.83999633789062,135.46453857421875
2017-07-31,143.22999572753906,134.89004516601562
2017-08-01,143.55999755859375,135.20082092285156
2017-08-02,143.9499969482422,135.56814575195312
2017-08-03,143.38999938964844,135.040771484375
2017-08-04,143.64999389648438,135.2855682373047
2017-08-07,144.55999755859375,136.1426239013672
2017-08-08,144.30999755859375,135.9071502685547
2017-08-09,144.1199951171875,135.728271484375
2017-08-10,141.02999877929688,132.81814575195312
2017-08-11,142.10000610351562,133.82586669921875
2017-08-14,143.92999267578125,135.54930114746094
2017-08-15,144.02999877929688,135.64346313476562
2017-08-16,144.27999877929688,135.87887573242188
2017-08-17,141.3300018310547,133.1007080078125
2017-08-18,141.22999572753906,133.00648498535156
2017-08-21,141.0500030517578,132.8370361328125
2017-08-22,143.1999969482422,134.86180114746094
2017-08-23,142.69000244140625,134.38153076171875
2017-08-24,142.27000427246094,133.98594665527344
2017-08-25,141.97000122070312,133.70343017578125
2017-08-28,142.41000366210938,134.11778259277344
2017-08-29,142.97000122070312,134.64520263671875
2017-08-30,144.64999389648438,136.22740173339844
2017-08-31,146.1999969482422,137.68716430664062
2017-09-01,146.0,137.49874877929688
2017-09-05,144.69000244140625,136.2650604248047
2017-09-06,145.1300048828125,136.67947387695312
2017-09-07,145.47000122070312,136.99960327148438
2017-09-08,144.2100067138672,135.81298828125
2017-09-11,145.8699951171875,137.3763427734375
2017-09-12,146.22000122070312,137.70596313476562
2017-09-13,146.4199981689453,137.89437866210938
2017-09-14,145.55999755859375,137.08436584472656
2017-09-15,146.05999755859375,137.55523681640625
2017-09-18,145.5500030517578,137.37503051757812
2017-09-19,145.8000030517578,137.61093139648438
2017-09-20,145.35000610351562,137.1862335205078
2017-09-21,144.4600067138672,136.3462677001953
2017-09-22,144.32000732421875,136.21408081054688
2017-09-25,142.8000030517578,134.7794647216797
2017-09-26,143.1699981689453,135.1287078857422
2017-09-27,144.4600067138672,136.3462677001953
2017-09-28,144.41000366210938,136.29908752441406
2017-09-29,145.4499969482422,137.28060913085938
2017-10-02,145.5800018310547,137.40335083007812
2017-10-03,145.88999938964844,137.69593811035156
2017-10-04,146.02999877929688,137.82806396484375
2017-10-05,147.4600067138672,139.17776489257812
2017-10-06,147.66000366210938,139.36648559570312
2017-10-09,147.49000549316406,139.20599365234375
2017-10-10,147.60000610351562,139.3098907470703
2017-10-11,148.0399932861328,139.7251739501953
2017-10-12,147.77000427246094,139.47032165527344
2017-10-13,148.33999633789062,140.00827026367188
2017-10-16,148.85000610351562,140.48968505859375
2017-10-17,149.0399932861328,140.66896057128906
2017-10-18,148.86000061035156,140.49908447265625
2017-10-19,148.30999755859375,139.97998046875
2017-10-20,148.7100067138672,140.3575439453125
2017-10-23,147.74000549316406,139.4420166015625
2017-10-24,147.99000549316406,139.67794799804688
2017-10-25,147.42999267578125,139.1494140625
2017-10-26,146.9600067138672,138.70584106445312
2017-10-27,151.24000549316406,142.74542236328125
2017-10-30,151.5800018310547,143.0663299560547
2017-10-31,152.14999389648438,143.6042938232422
2017-11-01,152.10000610351562,143.55711364746094
2017-11-02,151.80999755859375,143.2833709716797
2017-11-03,153.27000427246094,144.66140747070312
2017-11-06,153.7899932861328,145.1522216796875
2017-11-07,153.8800048828125,145.23712158203125
2017-11-08,154.5,145.82232666015625
2017-11-09,153.69000244140625,145.0578155517578
2017-11-10,153.67999267578125,145.0483856201172
2017-11-13,153.8699951171875,145.22772216796875
2017-11-14,153.30999755859375,144.69911193847656
2017-11-15,152.58999633789062,144.0195770263672
2017-11-16,154.5399932861328,145.86007690429688
2017-11-17,153.9499969482422,145.30323791503906
2017-11-20,153.8300018310547,145.18994140625
2017-11-21,155.5,146.7661590576172
2017-11-22,155.69000244140625,146.9454803466797
2017-11-24,156.25999450683594,147.48348999023438
2017-11-27,156.19000244140625,147.4174041748047
2017-11-28,156.58999633789062,147.79490661621094
2017-11-29,153.86000061035156,145.21826171875
2017-11-30,155.14999389648438,146.43577575683594
2017-12-01,154.49000549316406,145.81289672851562
2017-12-04,152.7100067138672,144.13287353515625
2017-12-05,152.80999755859375,144.2272186279297
2017-12-06,153.5,144.87847900390625
2017-12-07,154.02000427246094,145.36929321289062
2017-12-08,154.6999969482422,146.0110626220703
2017-12-11,155.89999389648438,147.14369201660156
2017-12-12,155.69000244140625,146.9454803466797
2017-12-13,155.99000549316406,147.2286376953125
2017-12-14,155.8800048828125,147.12477111816406
2017-12-15,157.64999389648438,148.7953643798828
2017-12-18,158.63999938964844,150.04287719726562
2017-12-19,157.6999969482422,149.15383911132812
2017-12-20,157.52999877929688,148.99305725097656
2017-12-21,157.5500030517578,149.01199340820312
2017-12-22,157.3699951171875,148.84176635742188
2017-12-26,156.52000427246094,148.03781127929688
2017-12-27,156.5399932861328,148.05670166015625
2017-12-28,156.72999572753906,148.2364044189453
2017-12-29,155.75999450683594,147.31900024414062
2018-01-02,158.49000549316406,149.9010772705078
2018-01-03,160.02999877929688,151.3575897216797
2018-01-04,160.30999755859375,151.62242126464844
2018-01-05,161.9199981689453,153.1451416015625
2018-01-08,162.5500030517578,153.740966796875
2018-01-09,162.55999755859375,153.75050354003906
2018-01-10,162.17999267578125,153.39109802246094
2018-01-11,163.2899932861328,154.44090270996094
2018-01-12,164.49000549316406,155.5758514404297
2018-01-16,164.02000427246094,155.1313934326172
2018-01-17,165.7899932861328,156.80538940429688
2018-01-18,165.82000732421875,156.83380126953125
2018-01-19,166.33999633789062,157.3256378173828
2018-01-22,168.1199951171875,159.00912475585938
2018-01-23,169.50999450683594,160.3238525390625
2018-01-24,168.41000366210938,159.28346252441406
2018-01-25,168.35000610351562,159.2267303466797
2018-01-26,170.92999267578125,161.66690063476562
2018-01-29,170.10000610351562,160.88182067871094
2018-01-30,168.6999969482422,159.55776977539062
2018-01-31,169.39999389648438,160.2198028564453
2018-02-01,167.9600067138672,158.85784912109375
2018-02-02,164.61000061035156,155.68942260742188
2018-02-05,158.1199951171875,149.55108642578125
2018-02-06,162.30999755859375,153.51406860351562
2018-02-07,160.2100067138672,151.52783203125
2018-02-08,153.4499969482422,145.13417053222656
2018-02-09,156.10000610351562,147.6405487060547
2018-02-12,158.8699951171875,150.26046752929688
2018-02-13,159.69000244140625,151.0360107421875
2018-02-14,162.67999267578125,153.86399841308594
2018-02-15,165.6999969482422,156.7203369140625
2018-02-16,164.9600067138672,156.0203857421875
2018-02-20,165.2899932861328,156.33251953125
2018-02-21,164.82000732421875,155.88803100585938
2018-02-22,164.8000030517578,155.8690643310547
2018-02-23,168.1699981689453,159.0564727783203
2018-02-26,170.39999389648438,161.16558837890625
2018-02-27,168.2899932861328,159.16993713378906
2018-02-28,167.2100067138672,158.14849853515625
2018-03-01,164.47999572753906,155.56639099121094
2018-03-02,165.99000549316406,156.99464416503906
2018-03-05,167.8300018310547,158.7349090576172
2018-03-06,168.5399932861328,159.40638732910156
2018-03-07,168.92999267578125,159.77525329589844
2018-03-08,169.86000061035156,160.6548614501953
2018-03-09,173.16000366210938,163.7760467529297
2018-03-12,174.0800018310547,164.64614868164062
2018-03-13,171.7100067138672,162.4046173095703
2018-03-14,171.67999267578125,162.37623596191406
2018-03-15,171.52999877929688,162.23439025878906
2018-03-16,171.02000427246094,161.75198364257812
2018-03-19,167.10000610351562,158.30087280273438
2018-03-20,167.64999389648438,158.82186889648438
2018-03-21,166.9199981689453,158.13031005859375
2018-03-22,162.8000030517578,154.227294921875
2018-03-23,158.50999450683594,150.16314697265625
2018-03-26,164.39999389648438,155.74302673339844
2018-03-27,159.0800018310547,150.70318603515625
2018-03-28,157.25,148.96954345703125
2018-03-29,160.1300048828125,151.69790649414062
2018-04-02,155.50999450683594,147.3211212158203
2018-04-03,157.25999450683594,148.97898864746094
2018-04-04,159.74000549316406,151.3284149169922
2018-04-05,160.64999389648438,152.19052124023438
2018-04-06,156.6300048828125,148.3821563720703
2018-04-09,157.72999572753906,149.42425537109375
2018-04-10,161.2100067138672,152.7210235595703
2018-04-11,160.27999877929688,151.8399658203125
2018-04-12,162.2100067138672,153.66835021972656
2018-04-13,161.3699951171875,152.87254333496094
2018-04-16,162.60000610351562,154.03782653808594
2018-04-17,166.10000610351562,157.35348510742188
2018-04-18,166.44000244140625,157.6756134033203
2018-04-19,164.91000366210938,156.2261505126953
2018-04-20,162.3000030517578,153.75357055664062
2018-04-23,161.88999938964844,153.3651885986328
2018-04-24,158.4600067138672,150.11581420898438
2018-04-25,158.64999389648438,150.29579162597656
2018-04-26,161.99000549316406,153.45989990234375
2018-04-27,162.08999633789062,153.55462646484375
2018-04-30,160.94000244140625,152.4652099609375
2018-05-01,162.77999877929688,154.20831298828125
2018-05-02,161.82000732421875,153.2988739013672
2018-05-03,161.8000030517578,153.27993774414062
2018-05-04,164.8699951171875,156.18826293945312
2018-05-07,166.24000549316406,157.48609924316406
2018-05-08,166.07000732421875,157.32510375976562
2018-05-09,167.8800048828125,159.03977966308594
2018-05-10,169.6199951171875,160.6881561279297
2018-05-11,169.4600067138672,160.53656005859375
2018-05-14,169.75,160.81129455566406
2018-05-15,167.8699951171875,159.03030395507812
2018-05-16,168.97999572753906,160.08187866210938
2018-05-17,168.3300018310547,159.4660186767578
2018-05-18,167.4600067138672,158.64195251464844
2018-05-21,168.39999389648438,159.53237915039062
2018-05-22,168.17999267578125,159.323974609375
2018-05-23,169.60000610351562,160.6692352294922
2018-05-24,169.5500030517578,160.6217803955078
2018-05-25,169.72000122070312,160.78285217285156
2018-05-29,168.97000122070312,160.07241821289062
2018-05-30,170.17999267578125,161.21868896484375
2018-05-31,170.07000732421875,161.11444091796875
2018-06-01,172.74000549316406,163.64389038085938
2018-06-04,174.3000030517578,165.12171936035156
2018-06-05,174.83999633789062,165.63320922851562
2018-06-06,175.86000061035156,166.59951782226562
2018-06-07,174.42999267578125,165.24481201171875
2018-06-08,174.44000244140625,165.25433349609375
2018-06-11,174.91000366210938,165.69961547851562
2018-06-12,175.8300018310547,166.5711212158203
2018-06-13,175.82000732421875,166.5616912841797
2018-06-14,177.60000610351562,168.2478790283203
2018-06-15,176.97999572753906,167.66061401367188
2018-06-18,176.5,167.5637664794922
2018-06-19,176.0,167.0890655517578
2018-06-20,177.25,168.27578735351562
2018-06-21,175.7100067138672,166.81373596191406
2018-06-22,175.32000732421875,166.44346618652344
2018-06-25,171.3699951171875,162.69349670410156
2018-06-26,172.07000732421875,163.3580322265625
2018-06-27,169.72999572753906,161.13648986816406
2018-06-28,171.19000244140625,162.52255249023438
2018-06-29,171.64999389648438,162.9593963623047
2018-07-02,172.8000030517578,164.0510711669922
2018-07-03,170.8000030517578,162.15237426757812
2018-07-05,172.9199981689453,164.16497802734375
2018-07-06,175.61000061035156,166.71878051757812
2018-07-09,177.19000244140625,168.21881103515625
2018-07-10,177.32000732421875,168.34217834472656
2018-07-11,176.4199981689453,167.48779296875
2018-07-12,179.4600067138672,170.3739013671875
2018-07-13,179.61000061035156,170.51625061035156
2018-07-16,179.17999267578125,170.10806274414062
2018-07-17,180.27000427246094,171.14285278320312
2018-07-18,179.92999267578125,170.820068359375
2018-07-19,179.02999877929688,169.96560668945312
2018-07-20,178.99000549316406,169.9276580810547
2018-07-23,179.55999755859375,170.46878051757812
2018-07-24,180.3000030517578,171.17138671875
2018-07-25,182.82000732421875,173.56373596191406
2018-07-26,180.0500030517578,170.93402099609375
2018-07-27,177.6199951171875,168.62701416015625
2018-07-30,175.11000061035156,166.24415588378906
2018-07-31,176.4499969482422,167.51629638671875
2018-08-01,177.1199951171875,168.15231323242188
2018-08-02,179.52999877929688,170.4403533935547
2018-08-03,180.0800018310547,170.96241760253906
2018-08-06,181.13999938964844,171.96881103515625
2018-08-07,181.8000030517578,172.59542846679688
2018-08-08,182.02000427246094,172.80426025390625
2018-08-09,181.91000366210938,172.69985961914062
2018-08-10,180.52000427246094,171.38021850585938
2018-08-13,180.32000732421875,171.19036865234375
2018-08-14,181.4499969482422,172.26309204101562
2018-08-15,179.22999572753906,170.15548706054688
2018-08-16,179.82000732421875,170.7156524658203
2018-08-17,179.86000061035156,170.75360107421875
2018-08-20,179.6999969482422,170.6017608642578
2018-08-21,180.36000061035156,171.22828674316406
2018-08-22,181.05999755859375,171.8928680419922
2018-08-23,180.8000030517578,171.64601135253906
2018-08-24,182.47999572753906,173.24099731445312
2018-08-27,184.33999633789062,175.0068359375
2018-08-28,184.61000061035156,175.26312255859375
2018-08-29,186.74000549316406,177.28530883789062
2018-08-30,186.41000366210938,176.9720001220703
2018-08-31,186.64999389648438,177.19984436035156
2018-09-04,185.85000610351562,176.44033813476562
2018-09-05,183.4499969482422,174.1618194580078
2018-09-06,181.80999755859375,172.60487365722656
2018-09-07,181.11000061035156,171.94033813476562
2018-09-10,181.72000122070312,172.51947021484375
2018-09-11,183.1199951171875,173.84857177734375
2018-09-12,182.5800018310547,173.33592224121094
2018-09-13,184.52999877929688,175.1871795654297
2018-09-14,183.99000549316406,174.674560546875
2018-09-17,181.33999633789062,172.15870666503906
2018-09-18,182.83999633789062,173.582763671875
2018-09-19,182.6999969482422,173.44984436035156
2018-09-20,184.72000122070312,175.3675994873047
2018-09-21,183.7100067138672,174.40875244140625
2018-09-24,183.88999938964844,174.89378356933594
2018-09-25,184.13999938964844,175.1315155029297
2018-09-26,184.27000427246094,175.25515747070312
2018-09-27,185.8300018310547,176.73878479003906
2018-09-28,185.7899932861328,176.7008056640625
2018-10-01,186.1699981689453,177.0621795654297
2018-10-02,185.75,176.66275024414062
2018-10-03,185.9499969482422,176.85296630859375
2018-10-04,182.3800048828125,173.4575958251953
2018-10-05,180.14999389648438,171.33670043945312
2018-10-08,179.0500030517578,170.29052734375
2018-10-09,179.6300048828125,170.8421630859375
2018-10-10,171.72999572753906,163.32864379882812
2018-10-11,169.60000610351562,161.3028564453125
2018-10-12,174.32000732421875,165.7919158935547
2018-10-15,172.2100067138672,163.78517150878906
2018-10-16,177.22000122070312,168.55001831054688
2018-10-17,177.2899932861328,168.61659240722656
2018-10-18,173.17999267578125,164.7077178955078
2018-10-19,173.02000427246094,164.55551147460938
2018-10-22,173.91000366210938,165.4019317626953
2018-10-23,173.27000427246094,164.79327392578125
2018-10-24,165.33999633789062,157.251220703125
2018-10-25,171.05999755859375,162.69140625
2018-10-26,166.66000366210938,158.50668334960938
2018-10-29,163.22999572753906,155.24449157714844
2018-10-30,165.9199981689453,157.80287170410156
2018-10-31,169.82000732421875,161.51206970214844
2018-11-01,172.05999755859375,163.64248657226562
2018-11-02,169.3800048828125,161.09359741210938
2018-11-05,168.9600067138672,160.69415283203125
2018-11-06,170.24000549316406,161.91148376464844
2018-11-07,175.5800018310547,166.99026489257812
2018-11-08,174.4600067138672,165.92506408691406
2018-11-09,171.52000427246094,163.12890625
2018-11-12,166.3300018310547,158.19285583496094
2018-11-13,166.47000122070312,158.32598876953125
2018-11-14,165.1999969482422,157.1180877685547
2018-11-15,168.08999633789062,159.86669921875
2018-11-16,167.5,159.3055877685547
2018-11-19,162.05999755859375,154.1317138671875
2018-11-20,159.16000366210938,151.37359619140625
2018-11-21,160.3699951171875,152.52442932128906
2018-11-23,159.2100067138672,151.42111206054688
2018-11-26,162.88999938964844,154.921142578125
2018-11-27,163.44000244140625,155.44422912597656
2018-11-28,168.6999969482422,160.44686889648438
2018-11-29,168.14999389648438,159.9237823486328
2018-11-30,169.3699951171875,161.0841064453125
2018-12-03,172.3300018310547,163.89930725097656
2018-12-04,165.72000122070312,157.61264038085938
2018-12-06,166.88999938964844,158.72540283203125
2018-12-07,161.3800048828125,153.48495483398438
2018-12-10,163.07000732421875,155.09228515625
2018-12-11,163.61000061035156,155.60586547851562
2018-12-12,165.0500030517578,156.97540283203125
2018-12-13,165.10000610351562,157.02301025390625
2018-12-14,161.0800018310547,153.19967651367188
2018-12-17,157.42999267578125,149.72825622558594
2018-12-18,158.4199981689453,150.6697998046875
2018-12-19,154.52999877929688,146.9700469970703
2018-12-20,152.2899932861328,144.83969116210938
2018-12-21,147.57000732421875,140.3505401611328
2018-12-24,143.5,136.8701934814453
2018-12-26,152.4600067138672,145.4162139892578
2018-12-27,153.0500030517578,145.97898864746094
2018-12-28,152.97000122070312,145.90267944335938
2018-12-31,154.25999450683594,147.133056640625
2019-01-02,154.8800048828125,147.72442626953125
2019-01-03,149.82000732421875,142.89817810058594
2019-01-04,156.22999572753906,149.01202392578125
2019-01-07,158.08999633789062,150.78610229492188
2019-01-08,159.52000427246094,152.1500244140625
2019-01-09,160.82000732421875,153.3900146484375
2019-01-10,161.27999877929688,153.82870483398438
2019-01-11,160.69000244140625,153.26597595214844
2019-01-14,159.27000427246094,151.91160583496094
2019-01-15,162.3800048828125,154.8779296875
2019-01-16,162.35000610351562,154.8492889404297
2019-01-17,163.6300048828125,156.0701446533203
2019-01-18,165.25,157.6153106689453
2019-01-22,161.94000244140625,154.45822143554688
2019-01-23,162.14999389648438,154.65855407714844
2019-01-24,163.1999969482422,155.66001892089844
2019-01-25,165.14999389648438,157.5198974609375
2019-01-28,163.11000061035156,155.57418823242188
2019-01-29,161.57000732421875,154.10528564453125
2019-01-30,165.67999267578125,158.0254364013672
2019-01-31,168.16000366210938,160.390869140625
2019-02-01,167.4499969482422,159.71363830566406
2019-02-04,169.52999877929688,161.6975860595703
2019-02-05,171.02999877929688,163.12832641601562
2019-02-06,170.52000427246094,162.64181518554688
2019-02-07,168.22999572753906,160.4576416015625
2019-02-08,168.55999755859375,160.7723846435547
2019-02-11,168.39999389648438,160.61972045898438
2019-02-12,170.88999938964844,162.99473571777344
2019-02-13,171.00999450683594,163.10916137695312
2019-02-14,171.22000122070312,163.3094940185547
2019-02-15,171.94000244140625,163.99620056152344
2019-02-19,172.27999877929688,164.3205108642578
2019-02-20,172.25,164.2918701171875
2019-02-21,171.6199951171875,163.69102478027344
2019-02-22,172.88999938964844,164.90232849121094
2019-02-25,173.52000427246094,165.50326538085938
2019-02-26,173.6999969482422,165.67486572265625
2019-02-27,173.58999633789062,165.57000732421875
2019-02-28,173.19000244140625,165.1884765625
2019-03-01,174.38999938964844,166.33299255371094
2019-03-04,174.4199981689453,166.36163330078125
2019-03-05,174.5500030517578,166.4856719970703
2019-03-06,173.55999755859375,165.54136657714844
2019-03-07,171.42999267578125,163.50973510742188
2019-03-08,171.1699981689453,163.2617950439453
2019-03-11,174.72999572753906,166.6573028564453
2019-03-12,175.69000244140625,167.5729522705078
2019-03-13,177.00999450683594,168.83193969726562
2019-03-14,176.7100067138672,168.54586791992188
2019-03-15,178.35000610351562,170.11012268066406
2019-03-18,178.4499969482422,170.5151824951172
2019-03-19,179.0500030517578,171.08853149414062
2019-03-20,179.75999450683594,171.76693725585938
2019-03-21,182.57000732421875,174.4520263671875
2019-03-22,178.55999755859375,170.62034606933594
2019-03-25,178.22000122070312,170.29544067382812
2019-03-26,179.0500030517578,171.08853149414062
2019-03-27,177.89999389648438,169.98963928222656
2019-03-28,178.30999755859375,170.3814239501953
2019-03-29,179.66000366210938,171.67140197753906
2019-04-01,182.0399932861328,173.94558715820312
2019-04-02,182.72999572753906,174.60487365722656
2019-04-03,183.77999877929688,175.60824584960938
2019-04-04,183.7100067138672,175.54136657714844
2019-04-05,184.66000366210938,176.4490966796875
2019-04-08,185.1300048828125,176.89822387695312
2019-04-09,184.47999572753906,176.2770538330078
2019-04-10,185.47000122070312,177.22308349609375
2019-04-11,185.02999877929688,176.80264282226562
2019-04-12,185.8300018310547,177.5670623779297
2019-04-15,185.86000061035156,177.59571838378906
2019-04-16,186.5,178.20726013183594
2019-04-17,187.14999389648438,178.82833862304688
2019-04-18,187.38999938964844,179.0577392578125
2019-04-22,187.9199981689453,179.56410217285156
2019-04-23,190.30999755859375,181.8478546142578
2019-04-24,189.7100067138672,181.27455139160156
2019-04-25,190.47999572753906,182.0103302001953
2019-04-26,190.64999389648438,182.17274475097656
2019-04-29,191.02000427246094,182.52626037597656
2019-04-30,189.5399932861328,181.11209106445312
2019-05-01,188.92999267578125,180.5292205810547
2019-05-02,188.11000061035156,179.7456817626953
2019-05-03,191.11000061035156,182.61231994628906
2019-05-06,189.94000244140625,181.4943084716797
2019-05-07,186.24000549316406,177.9587860107422
2019-05-08,185.77000427246094,177.509765625
2019-05-09,184.77000427246094,176.55418395996094
2019-05-10,185.0,176.77395629882812
2019-05-13,178.5800018310547,170.6394500732422
2019-05-14,180.5399932861328,172.5122833251953
2019-05-15,183.08999633789062,174.94891357421875
2019-05-16,184.92999267578125,176.7071075439453
2019-05-17,183.0399932861328,174.90115356445312
2019-05-20,179.9499969482422,171.9485321044922
2019-05-21,181.8300018310547,173.7449493408203
2019-05-22,181.02000427246094,172.97093200683594
2019-05-23,178.25,170.32411193847656
2019-05-24,178.16000366210938,170.23814392089844
2019-05-28,177.49000549316406,169.59788513183594
2019-05-29,176.02999877929688,168.20278930664062
2019-05-30,176.77000427246094,168.90988159179688
2019-05-31,173.9499969482422,166.21533203125
2019-06-03,170.1199951171875,162.5555877685547
2019-06-04,174.91000366210938,167.13262939453125
2019-06-05,176.2100067138672,168.37481689453125
2019-06-06,177.61000061035156,169.71255493164062
2019-06-07,181.0399932861328,172.99002075195312
2019-06-10,183.14999389648438,175.0062255859375
2019-06-11,183.39999389648438,175.24510192871094
2019-06-12,182.33999633789062,174.23223876953125
2019-06-13,183.4199981689453,175.2642364501953
2019-06-14,182.63999938964844,174.5189208984375
2019-06-17,183.74000549316406,175.5699920654297
2019-06-18,186.41000366210938,178.1212921142578
2019-06-19,187.11000061035156,178.79013061523438
2019-06-20,188.85000610351562,180.45278930664062
2019-06-21,188.57000732421875,180.1852569580078
2019-06-24,188.16000366210938,180.19100952148438
2019-06-25,184.92999267578125,177.0977783203125
2019-06-26,185.7899932861328,177.92140197753906
2019-06-27,186.5,178.60130310058594
2019-06-28,186.74000549316406,178.83116149902344
2019-07-01,189.25999450683594,181.2444305419922
2019-07-02,190.00999450683594,181.96263122558594
2019-07-03,191.44000244140625,183.33209228515625
2019-07-05,191.0500030517578,182.95855712890625
2019-07-08,189.7100067138672,181.6753387451172
2019-07-09,190.66000366210938,182.5851287841797
2019-07-10,192.55999755859375,184.4045867919922
2019-07-11,192.4199981689453,184.2705535888672
2019-07-12,193.52999877929688,185.33349609375
2019-07-15,194.14999389648438,185.92727661132812
2019-07-16,193.14999389648438,184.96961975097656
2019-07-17,192.1999969482422,184.05984497070312
2019-07-18,192.4199981689453,184.2705535888672
2019-07-19,191.00999450683594,182.92022705078125
2019-07-22,192.52999877929688,184.37594604492188
2019-07-23,193.7899932861328,185.58250427246094
2019-07-24,195.14999389648438,186.8849334716797
2019-07-25,193.3000030517578,185.11325073242188
2019-07-26,195.2899932861328,187.0189666748047
2019-07-29,194.6199951171875,186.3773956298828
2019-07-30,193.77999877929688,185.5729217529297
2019-07-31,191.10000610351562,183.0064697265625
2019-08-01,190.14999389648438,182.0966796875
2019-08-02,187.35000610351562,179.41529846191406
2019-08-05,180.72999572753906,173.07565307617188
2019-08-06,183.25999450683594,175.49853515625
2019-08-07,184.25,176.44659423828125
2019-08-08,188.25999450683594,180.28675842285156
2019-08-09,186.49000549316406,178.59173583984375
2019-08-12,184.35000610351562,176.5423583984375
2019-08-13,188.38999938964844,180.4112548828125
2019-08-14,182.75999450683594,175.01968383789062
2019-08-15,182.5500030517578,174.81857299804688
2019-08-16,185.47999572753906,177.62451171875
2019-08-19,188.42999267578125,180.44955444335938
2019-08-20,186.97000122070312,179.0513916015625
2019-08-21,188.6300048828125,180.6410675048828
2019-08-22,188.02000427246094,180.056884765625
2019-08-23,182.07000732421875,174.35894775390625
2019-08-26,184.82000732421875,176.992431640625
2019-08-27,184.42999267578125,176.61888122558594
2019-08-28,185.08999633789062,177.25103759765625
2019-08-29,187.9199981689453,179.9611053466797
2019-08-30,187.47000122070312,179.53016662597656
2019-09-03,185.64999389648438,177.78729248046875
2019-09-04,188.3300018310547,180.35379028320312
2019-09-05,191.77999877929688,183.65768432617188
2019-09-06,191.58999633789062,183.4757080078125
2019-09-09,191.19000244140625,183.09263610839844
2019-09-10,190.63999938964844,182.56594848632812
2019-09-11,192.42999267578125,184.2801055908203
2019-09-12,193.22999572753906,185.04623413085938
2019-09-13,192.5399932861328,184.38546752929688
2019-09-16,191.67999267578125,183.56187438964844
2019-09-17,192.60000610351562,184.4429931640625
2019-09-18,192.52000427246094,184.36634826660156
2019-09-19,192.83999633789062,184.6727752685547
2019-09-20,190.8000030517578,182.71917724609375
2019-09-23,190.5,182.7997589111328
2019-09-24,187.97000122070312,180.37205505371094
2019-09-25,190.0800018310547,182.39671325683594
2019-09-26,189.3800048828125,181.72499084472656
2019-09-27,187.02999877929688,179.4700469970703
2019-09-30,188.80999755859375,181.17807006835938
2019-10-01,187.27000427246094,179.70034790039062
2019-10-02,184.0500030517578,176.6104736328125
2019-10-03,186.07000732421875,178.54885864257812
2019-10-04,188.80999755859375,181.17807006835938
2019-10-07,188.24000549316406,180.631103515625
2019-10-08,185.4199981689453,177.92510986328125
2019-10-09,187.22999572753906,179.66195678710938
2019-10-10,188.67999267578125,181.0533447265625
2019-10-11,191.11000061035156,183.3850860595703
2019-10-14,191.08999633789062,183.36593627929688
2019-10-15,193.52000427246094,185.69766235351562
2019-10-16,193.0399932861328,185.2371063232422
2019-10-17,193.5500030517578,185.72647094726562
2019-10-18,191.69000244140625,183.94163513183594
2019-10-21,193.38999938964844,185.57289123535156
2019-10-22,191.85000610351562,184.09521484375
2019-10-23,192.22000122070312,184.45022583007812
2019-10-24,194.08999633789062,186.24465942382812
2019-10-25,195.63999938964844,187.73199462890625
2019-10-28,197.57000732421875,189.5840301513672
2019-10-29,196.0399932861328,188.1158447265625
2019-10-30,196.99000549316406,189.02745056152344
2019-10-31,197.0800018310547,189.1138153076172
2019-11-01,198.8699951171875,190.83145141601562
2019-11-04,200.10000610351562,192.01173400878906
2019-11-05,200.2100067138672,192.1172637939453
2019-11-06,199.75999450683594,191.68545532226562
2019-11-07,200.42999267578125,192.328369140625
2019-11-08,201.22999572753906,193.09603881835938
2019-11-11,200.9600067138672,192.8369598388672
2019-11-12,201.5399932861328,193.3935089111328
2019-11-13,201.58999633789062,193.44149780273438
2019-11-14,201.42999267578125,193.28797912597656
2019-11-15,202.91000366210938,194.7081298828125
2019-11-18,203.07000732421875,194.86167907714844
2019-11-19,203.3699951171875,195.14955139160156
2019-11-20,202.14999389648438,193.97885131835938
2019-11-21,201.6999969482422,193.54705810546875
2019-11-22,201.8300018310547,193.6717987060547
2019-11-25,204.22000122070312,195.96522521972656
2019-11-26,204.61000061035156,196.3394317626953
2019-11-27,206.0399932861328,197.71160888671875
2019-11-29,205.10000610351562,196.8096466064453
2019-12-02,203.0,194.79454040527344
2019-12-03,201.41000366210938,193.26878356933594
2019-12-04,202.42999267578125,194.24754333496094
2019-12-05,202.8300018310547,194.63140869140625
2019-12-06,205.0,196.7136993408203
2019-12-09,204.07000732421875,195.8212890625
2019-12-10,203.89999389648438,195.65809631347656
2019-12-11,204.97999572753906,196.69444274902344
2019-12-12,206.50999450683594,198.16265869140625
2019-12-13,207.19000244140625,198.8151092529297
2019-12-16,209.27000427246094,200.81105041503906
2019-12-17,209.38999938964844,200.9262237548828
2019-12-18,209.5500030517578,201.0797119140625
2019-12-19,210.86000061035156,202.33677673339844
2019-12-20,211.7100067138672,203.15243530273438
2019-12-23,211.80999755859375,203.6890411376953
2019-12-24,211.9199981689453,203.79486083984375
2019-12-26,213.7899932861328,205.5931396484375
2019-12-27,213.61000061035156,205.42001342773438
2019-12-30,212.2100067138672,204.07373046875
2019-12-31,212.61000061035156,204.45838928222656
2020-01-02,216.16000366210938,207.87225341796875
2020-01-03,214.17999267578125,205.9681854248047
2020-01-06,215.55999755859375,207.2952880859375
2020-01-07,215.52999877929688,207.2664031982422
2020-01-08,217.14999389648438,208.82431030273438
2020-01-09,218.99000549316406,210.59375
2020-01-10,218.42999267578125,210.05520629882812
2020-01-13,220.9499969482422,212.47862243652344
2020-01-14,220.0800018310547,211.64193725585938
2020-01-15,220.1699981689453,211.72848510742188
2020-01-16,222.27999877929688,213.75758361816406
2020-01-17,223.3800048828125,214.81544494628906
2020-01-21,223.27999877929688,214.71926879882812
2020-01-22,223.8699951171875,215.2866668701172
2020-01-23,224.58999633789062,215.97906494140625
2020-01-24,222.6999969482422,214.1615447998047
2020-01-27,218.10000610351562,209.73788452148438
2020-01-28,221.4499969482422,212.95944213867188
2020-01-29,221.80999755859375,213.30560302734375
2020-01-30,222.60000610351562,214.06533813476562
2020-01-31,219.07000732421875,210.6707000732422
2020-02-03,222.3800048828125,213.85377502441406
2020-02-04,227.47000122070312,218.74862670898438
2020-02-05,228.22000122070312,219.4698486328125
2020-02-06,230.19000244140625,221.3643035888672
2020-02-07,229.1999969482422,220.41229248046875
2020-02-10,231.97000122070312,223.07608032226562
2020-02-11,232.00999450683594,223.11456298828125
2020-02-12,234.27000427246094,225.28793334960938
2020-02-13,233.97000122070312,224.99935913085938
2020-02-14,234.63999938964844,225.64376831054688
2020-02-18,234.72999572753906,225.730224609375
2020-02-19,236.97999572753906,227.89404296875
2020-02-20,234.77999877929688,225.77841186523438
2020-02-21,230.27000427246094,221.44129943847656
2020-02-24,221.38999938964844,212.9017791748047
2020-02-25,215.3699951171875,207.11256408691406
2020-02-26,216.47999572753906,208.17996215820312
2020-02-27,205.63999938964844,197.75559997558594
2020-02-28,205.8000030517578,197.90943908691406
2020-03-02,216.4199981689453,208.12229919433594
2020-03-03,209.47999572753906,201.44834899902344
2020-03-04,218.22000122070312,209.853271484375
2020-03-05,211.58999633789062,203.4774932861328
2020-03-06,208.02000427246094,200.04437255859375
2020-03-09,193.57000732421875,186.14837646484375
2020-03-10,204.11000061035156,196.2843017578125
2020-03-11,195.22000122070312,187.73513793945312
2020-03-12,177.32000732421875,170.5214080810547
2020-03-13,192.33999633789062,184.96556091308594
2020-03-16,169.3000030517578,162.80889892578125
2020-03-17,182.13999938964844,175.15660095214844
2020-03-18,176.60000610351562,169.82904052734375
2020-03-19,177.66000366210938,170.848388671875
2020-03-20,170.6999969482422,164.1551971435547
2020-03-23,170.4600067138672,164.2737579345703
2020-03-24,183.66000366210938,176.9947509765625
2020-03-25,182.3000030517578,175.68409729003906
2020-03-26,191.89999389648438,184.9356689453125
2020-03-27,185.3000030517578,178.57518005371094
2020-03-30,192.0399932861328,185.0706024169922
2020-03-31,190.39999389648438,183.4900665283203
2020-04-01,182.30999755859375,175.69369506835938
2020-04-02,186.00999450683594,179.25942993164062
2020-04-03,183.3699951171875,176.71522521972656
2020-04-06,196.47999572753906,189.34947204589844
2020-04-07,196.39999389648438,189.27235412597656
2020-04-08,200.57000732421875,193.291015625
2020-04-09,200.86000061035156,193.570556640625
2020-04-13,203.02999877929688,195.66175842285156
2020-04-14,211.86000061035156,204.17132568359375
2020-04-15,209.42999267578125,201.8294677734375
2020-04-16,213.25,205.5109100341797
2020-04-17,215.2899932861328,207.47683715820312
2020-04-20,212.74000549316406,205.01937866210938
2020-04-21,204.88999938964844,197.45420837402344
2020-04-22,210.97000122070312,203.3135986328125
2020-04-23,210.52000427246094,202.8799591064453
2020-04-24,213.83999633789062,206.07945251464844
2020-04-27,215.55999755859375,207.73703002929688
2020-04-28,211.5,203.82435607910156
2020-04-29,219.0,211.0522003173828
2020-04-30,218.91000366210938,210.96543884277344
2020-05-01,212.74000549316406,205.01937866210938
2020-05-04,215.22000122070312,207.4093780517578
2020-05-05,217.66000366210938,209.7608184814453
2020-05-06,219.0,211.0522003173828
2020-05-07,221.82000732421875,213.7698211669922
2020-05-08,224.86000061035156,216.69949340820312
2020-05-11,226.8699951171875,218.63656616210938
2020-05-12,222.1199951171875,214.05899047851562
2020-05-13,219.33999633789062,211.37982177734375
2020-05-14,221.8300018310547,213.77947998046875
2020-05-15,223.27000427246094,215.1671905517578
2020-05-18,227.42999267578125,219.1761932373047
2020-05-19,226.86000061035156,218.62692260742188
2020-05-20,231.38999938964844,222.99256896972656
2020-05-21,228.8699951171875,220.56394958496094
2020-05-22,229.66000366210938,221.32533264160156
2020-05-26,229.0399932861328,220.72779846191406
2020-05-27,230.2899932861328,221.93243408203125
2020-05-28,229.99000549316406,221.64329528808594
2020-05-29,233.36000061035156,224.89105224609375
2020-06-01,234.05999755859375,225.5656280517578
2020-06-02,235.6300048828125,227.07864379882812
2020-06-03,236.69000244140625,228.10018920898438
2020-06-04,235.02999877929688,226.50039672851562
2020-06-05,239.69000244140625,230.9913330078125
2020-06-08,241.5500030517578,232.78379821777344
2020-06-09,243.3000030517578,234.4702911376953
2020-06-10,246.22000122070312,237.2843017578125
2020-06-11,234.02000427246094,225.527099609375
2020-06-12,235.8800048828125,227.31954956054688
2020-06-15,238.75,230.0854034423828
2020-06-16,242.85000610351562,234.0366668701172
2020-06-17,243.6199951171875,234.77870178222656
2020-06-18,244.27999877929688,235.41473388671875
2020-06-19,244.24000549316406,235.376220703125
2020-06-22,246.74000549316406,238.198974609375
2020-06-23,248.83999633789062,240.22625732421875
2020-06-24,243.7100067138672,235.27386474609375
2020-06-25,246.02999877929688,237.51353454589844
2020-06-26,240.22000122070312,231.90467834472656
2020-06-29,242.83999633789062,234.43394470214844
2020-06-30,247.60000610351562,239.02920532226562
2020-07-01,250.49000549316406,241.8191680908203
2020-07-02,252.19000244140625,243.46034240722656
2020-07-06,258.3900146484375,249.44573974609375
2020-07-07,256.6099853515625,247.727294921875
2020-07-08,259.989990234375,250.9903564453125
2020-07-09,262.17999267578125,253.10443115234375
2020-07-10,263.9700012207031,254.83258056640625
2020-07-13,258.5400085449219,249.59048461914062
2020-07-14,260.3699951171875,251.35714721679688
2020-07-15,260.8999938964844,251.8688507080078
2020-07-16,259.1199951171875,250.15037536621094
2020-07-17,259.4200134277344,250.4400177001953
2020-07-20,266.7799987792969,257.5452880859375
2020-07-21,264.0,254.86141967773438
2020-07-22,264.92999267578125,255.75924682617188
2020-07-23,258.010009765625,249.07884216308594
2020-07-24,255.55999755859375,246.71365356445312
2020-07-27,260.1199951171875,251.11570739746094
2020-07-28,256.80999755859375,247.92037963867188
2020-07-29,259.7699890136719,250.7779083251953
2020-07-30,261.1300048828125,252.0908203125
2020-07-31,265.7900085449219,256.589599609375
2020-08-03,269.3800048828125,260.0552673339844
2020-08-04,270.3800048828125,261.020751953125
2020-08-05,271.04998779296875,261.6673889160156
2020-08-06,274.6400146484375,265.1332092285156
2020-08-07,271.4700012207031,262.07293701171875
2020-08-10,270.30999755859375,260.95306396484375
2020-08-11,265.19000244140625,256.0103454589844
2020-08-12,271.8599853515625,262.44940185546875
2020-08-13,272.4800109863281,263.048095703125
2020-08-14,272.1600036621094,262.739013671875
2020-08-17,275.32000732421875,265.7895812988281
2020-08-18,277.9700012207031,268.3479309082031
2020-08-19,276.1000061035156,266.54278564453125
2020-08-20,279.92999267578125,270.24005126953125
2020-08-21,281.8699951171875,272.1129150390625
2020-08-24,283.6300048828125,273.8120422363281
2020-08-25,285.8599853515625,275.9648742675781
2020-08-26,291.9599914550781,281.8536376953125
2020-08-27,291.04998779296875,280.9751892089844
2020-08-28,292.5299987792969,282.4039306640625
2020-08-31,294.8800048828125,284.6725769042969
2020-09-01,299.9200134277344,289.53814697265625
2020-09-02,302.760009765625,292.27978515625
2020-09-03,287.4100036621094,277.4610900878906
2020-09-04,283.5799865722656,273.7637023925781
2020-09-08,269.95001220703125,260.60552978515625
2020-09-09,277.8800048828125,268.2610168457031
2020-09-10,272.3399963378906,262.9128112792969
2020-09-11,270.45001220703125,261.0883483886719
2020-09-14,275.1600036621094,265.6352233886719
2020-09-15,279.05999755859375,269.40020751953125
2020-09-16,274.6099853515625,265.10418701171875
2020-09-17,270.32000732421875,260.96270751953125
2020-09-18,266.8699951171875,257.6322021484375
2020-09-21,267.510009765625,258.2499694824219
2020-09-22,272.4800109863281,263.048095703125
2020-09-23,264.1600036621094,255.01600646972656
2020-09-24,265.3900146484375,256.2033386230469
2020-09-25,271.55999755859375,262.1598205566406
2020-09-28,277.20001220703125,267.6045837402344
2020-09-29,275.95001220703125,266.3979187011719
2020-09-30,277.8399963378906,268.2225341796875
2020-10-01,282.25,272.479736328125
2020-10-02,274.30999755859375,264.8146057128906
2020-10-05,280.1600036621094,270.4620666503906
2020-10-06,275.1600036621094,265.6352233886719
2020-10-07,279.9200134277344,270.2304382324219
2020-10-08,281.4100036621094,271.6689147949219
2020-10-09,285.7099914550781,275.82000732421875
2020-10-12,294.5299987792969,284.3346252441406
2020-10-13,294.5199890136719,284.32501220703125
2020-10-14,292.05999755859375,281.9502868652344
2020-10-15,290.1000061035156,280.0579833984375
2020-10-16,288.510009765625,278.5230407714844
2020-10-19,283.79998779296875,273.97613525390625
2020-10-20,284.4100036621094,274.5649719238281
2020-10-21,284.19000244140625,274.3526306152344
2020-10-22,284.17999267578125,274.34295654296875
2020-10-23,284.739990234375,274.883544921875
2020-10-26,280.4700012207031,270.7613830566406
2020-10-27,282.6600036621094,272.87567138671875
2020-10-28,271.6400146484375,262.2370910644531
2020-10-29,276.3900146484375,266.8226013183594
2020-10-30,269.3800048828125,260.0552673339844
2020-11-02,269.9800109863281,260.6344909667969
2020-11-03,274.6499938964844,265.1429138183594
2020-11-04,286.9100036621094,276.9785461425781
2020-11-05,294.3900146484375,284.1995544433594
2020-11-06,294.6099853515625,284.41192626953125
2020-11-09,288.5899963378906,278.600341796875
2020-11-10,283.4200134277344,273.6092224121094
2020-11-11,289.760009765625,279.7297668457031
2020-11-12,288.3999938964844,278.4169006347656
2020-11-13,290.92999267578125,280.8593444824219
2020-11-16,293.20001220703125,283.05078125
2020-11-17,292.2699890136719,282.15301513671875
2020-11-18,290.1099853515625,280.0677185058594
2020-11-19,292.3800048828125,282.2591552734375
2020-11-20,290.3800048828125,280.3283996582031
2020-11-23,290.3900146484375,280.33807373046875
2020-11-24,294.4700012207031,284.27679443359375
2020-11-25,296.2799987792969,286.0242004394531
2020-11-27,299.010009765625,288.6595458984375
2020-11-30,299.6199951171875,289.2485046386719
2020-12-01,303.4599914550781,292.9555358886719
2020-12-02,303.8500061035156,293.33209228515625
2020-12-03,304.2799987792969,293.7472229003906
2020-12-04,305.5199890136719,294.94427490234375
2020-12-07,307.25,296.61431884765625
2020-12-08,308.2900085449219,297.6184387207031
2020-12-09,301.30999755859375,290.8800354003906
2020-12-10,302.5199890136719,292.0480651855469
2020-12-11,301.8500061035156,291.4012756347656
2020-12-14,304.0400085449219,293.5155944824219
2020-12-15,307.2900085449219,296.6529846191406
2020-12-16,308.9800109863281,298.2845458984375
2020-12-17,311.0,300.2345886230469
2020-12-18,310.05999755859375,299.3271179199219
2020-12-21,308.9200134277344,298.76708984375
2020-12-22,309.760009765625,299.5795593261719
2020-12-23,308.20001220703125,298.07080078125
2020-12-24,309.55999755859375,299.3861083984375
2020-12-28,312.67999267578125,302.4035339355469
2020-12-29,312.9599914550781,302.67431640625
2020-12-30,312.9700012207031,302.6840515136719
2020-12-31,313.739990234375,303.4287109375
2021-01-04,309.30999755859375,299.1443176269531
2021-01-05,311.8599853515625,301.6105041503906
2021-01-06,307.5400085449219,297.4324951171875
2021-01-07,314.9800109863281,304.6280212402344
2021-01-08,319.0299987792969,308.5447998046875
2021-01-11,314.4200134277344,304.0863342285156
2021-01-12,313.9200134277344,303.60284423828125
2021-01-13,316.0400085449219,305.6531982421875
2021-01-14,314.3500061035156,304.01873779296875
2021-01-15,311.8599853515625,301.6105041503906
2021-01-19,316.4100036621094,306.0108947753906
2021-01-20,323.7699890136719,313.1291198730469
2021-01-21,326.3599853515625,315.6339111328125
2021-01-22,325.4200134277344,314.7248840332031
2021-01-25,328.1099853515625,317.3263854980469
2021-01-26,328.5899963378906,317.7906494140625
2021-01-27,319.42999267578125,308.9317626953125
2021-01-28,321.32000732421875,310.75958251953125
2021-01-29,314.55999755859375,304.2217712402344
2021-02-01,322.4200134277344,311.82342529296875
2021-02-02,327.67999267578125,316.9105224609375
2021-02-03,326.3800048828125,315.6533203125
2021-02-04,330.239990234375,319.3863830566406
2021-02-05,331.3599853515625,320.4695739746094
2021-02-08,333.5799865722656,322.6166076660156
2021-02-09,333.510009765625,322.5490417480469
2021-02-10,332.75,321.81396484375
2021-02-11,334.5799865722656,323.5837707519531
2021-02-12,336.45001220703125,325.3924255371094
2021-02-16,335.5400085449219,324.5123291015625
2021-02-17,333.92999267578125,322.95513916015625
2021-02-18,332.4700012207031,321.54315185546875
2021-02-19,331.0199890136719,320.14080810546875
2021-02-22,322.44000244140625,311.8427734375
2021-02-23,321.4800109863281,310.9144287109375
2021-02-24,324.1300048828125,313.4771728515625
2021-02-25,312.8299865722656,302.54864501953125
2021-02-26,314.1400146484375,303.81561279296875
2021-03-01,323.5899963378906,312.9549560546875
2021-03-02,318.3999938964844,307.9355163574219
2021-03-03,309.1600036621094,298.9992980957031
2021-03-04,304.1000061035156,294.1056213378906
2021-03-05,308.67999267578125,298.5350341796875
2021-03-08,299.94000244140625,290.0822448730469
2021-03-09,311.7699890136719,301.52349853515625
2021-03-10,310.8800048828125,300.6627502441406
2021-03-11,318.0400085449219,307.58740234375
2021-03-12,315.4599914550781,305.0921630859375
2021-03-15,318.8299865722656,308.3514099121094
2021-03-16,320.5799865722656,310.0438537597656
2021-03-17,321.8999938964844,311.320556640625
2021-03-18,312.0400085449219,301.7845764160156
2021-03-19,313.1400146484375,302.8484191894531
2021-03-22,318.6099853515625,308.5278625488281
2021-03-23,317.2200012207031,307.1817321777344
2021-03-24,311.8699951171875,302.0010986328125
2021-03-25,311.3299865722656,301.4781494140625
2021-03-26,316.0,306.00042724609375
2021-03-29,315.9100036621094,305.913330078125
2021-03-30,314.32000732421875,304.37359619140625
2021-03-31,319.1300048828125,309.0314025878906
2021-04-01,324.57000732421875,314.29931640625
2021-04-05,331.04998779296875,320.5741882324219
2021-04-06,330.82000732421875,320.3514404296875
2021-04-07,331.6199951171875,321.126220703125
2021-04-08,335.0799865722656,324.4766540527344
2021-04-09,337.1099853515625,326.4424743652344
2021-04-12,336.6700134277344,326.0163269042969
2021-04-13,340.6000061035156,329.8219909667969
2021-04-14,336.510009765625,325.8614807128906
2021-04-15,341.6099853515625,330.800048828125
2021-04-16,342.010009765625,331.1873474121094
2021-04-19,338.8800048828125,328.1564025878906
2021-04-20,336.4100036621094,325.7645568847656
2021-04-21,339.2900085449219,328.553466796875
2021-04-22,335.20001220703125,324.59283447265625
2021-04-23,339.4200134277344,328.6792907714844
2021-04-26,341.6300048828125,330.8193664550781
2021-04-27,340.1499938964844,329.3862609863281
2021-04-28,339.0,328.2726135253906
2021-04-29,340.2200012207031,329.4539489746094
2021-04-30,337.989990234375,327.2946472167969
2021-05-03,336.19000244140625,325.551513671875
2021-05-04,330.1400146484375,319.6929931640625
2021-05-05,329.0299987792969,318.61810302734375
2021-05-06,331.510009765625,321.0196838378906
2021-05-07,334.20001220703125,323.62457275390625
2021-05-10,325.760009765625,315.4516296386719
2021-05-11,325.30999755859375,315.01580810546875
2021-05-12,316.8900146484375,306.8622741699219
2021-05-13,319.3399963378906,309.23480224609375
2021-05-14,326.3900146484375,316.0616455078125
2021-05-17,324.4100036621094,314.144287109375
2021-05-18,322.2200012207031,312.02362060546875
2021-05-19,322.5899963378906,312.38189697265625
2021-05-20,328.8299865722656,318.42437744140625
2021-05-21,327.010009765625,316.66204833984375
2021-05-24,332.510009765625,321.9880065917969
2021-05-25,332.9700012207031,322.4334716796875
2021-05-26,334.1300048828125,323.5567932128906
2021-05-27,332.8800048828125,322.3462829589844
2021-05-28,333.92999267578125,323.3630065917969
2021-06-01,332.82000732421875,322.2881164550781
2021-06-02,333.4700012207031,322.9176330566406
2021-06-03,330.0,319.557373046875
2021-06-04,335.6000061035156,324.98028564453125
2021-06-07,336.6000061035156,325.9485168457031
2021-06-08,336.760009765625,326.103515625
2021-06-09,336.8399963378906,326.180908203125
2021-06-10,340.3500061035156,329.5799255371094
2021-06-11,341.239990234375,330.4417724609375
2021-06-14,344.510009765625,333.6082458496094
2021-06-15,342.260009765625,331.4294738769531
2021-06-16,341.010009765625,330.2190246582031
2021-06-17,345.3399963378906,334.4120788574219
2021-06-18,342.6300048828125,331.7877502441406
2021-06-21,344.3599853515625,333.8498840332031
2021-06-22,347.57000732421875,336.9617919921875
2021-06-23,347.739990234375,337.1265869140625
2021-06-24,349.8900146484375,339.2110290527344
2021-06-25,349.4599914550781,338.7941589355469
2021-06-28,353.7099914550781,342.9143981933594
2021-06-29,354.989990234375,344.1553955078125
2021-06-30,354.42999267578125,343.6125183105469
2021-07-01,354.57000732421875,343.74822998046875
2021-07-02,358.6400146484375,347.6940002441406
2021-07-06,360.19000244140625,349.1966247558594
2021-07-07,360.95001220703125,349.9335021972656
2021-07-08,358.7699890136719,347.82000732421875
2021-07-09,361.010009765625,349.99163818359375
2021-07-12,362.4200134277344,351.3586730957031
2021-07-13,362.4200134277344,351.3586730957031
2021-07-14,363.07000732421875,351.9888000488281
2021-07-15,360.5199890136719,349.5166320800781
2021-07-16,357.6000061035156,346.68572998046875
2021-07-19,354.6700134277344,343.84521484375
2021-07-20,358.7900085449219,347.8393249511719
2021-07-21,361.55999755859375,350.52484130859375
2021-07-22,363.95001220703125,352.8419189453125
2021-07-23,368.20001220703125,356.96221923828125
2021-07-26,368.489990234375,357.24334716796875
2021-07-27,364.42999267578125,353.3072509765625
2021-07-28,365.8299865722656,354.6645202636719
2021-07-29,366.4800109863281,355.29473876953125
2021-07-30,364.57000732421875,353.4429626464844
2021-08-02,364.6000061035156,353.4721374511719
2021-08-03,366.80999755859375,355.6146240234375
2021-08-04,367.3399963378906,356.12847900390625
2021-08-05,369.6700134277344,358.38739013671875
2021-08-06,368.04998779296875,356.8168029785156
2021-08-09,368.7300109863281,357.47607421875
2021-08-10,366.8399963378906,355.6436767578125
2021-08-11,366.2099914550781,355.03289794921875
2021-08-12,367.5299987792969,356.31268310546875
2021-08-13,368.82000732421875,357.5633239746094
2021-08-16,368.9800109863281,357.7183837890625
2021-08-17,365.7300109863281,354.567626953125
2021-08-18,362.2099914550781,351.1550598144531
2021-08-19,363.9599914550781,352.8516845703125
2021-08-20,367.7300109863281,356.506591796875
2021-08-23,373.2300109863281,361.8386535644531
2021-08-24,374.3699951171875,362.9439697265625
2021-08-25,374.79998779296875,363.3607482910156
2021-08-26,372.4200134277344,361.0534362792969
2021-08-27,376.0400085449219,364.5628967285156
2021-08-30,380.260009765625,368.6541442871094
2021-08-31,379.95001220703125,368.3536376953125
2021-09-01,380.5799865722656,368.9643249511719
2021-09-02,380.3999938964844,368.789794921875
2021-09-03,381.57000732421875,369.9241943359375
2021-09-07,382.1099853515625,370.4476318359375
2021-09-08,380.7799987792969,369.1582336425781
2021-09-09,379.4700012207031,367.8881530761719
2021-09-10,376.5899963378906,365.09613037109375
2021-09-13,376.3299865722656,364.84405517578125
2021-09-14,375.260009765625,363.8067321777344
2021-09-15,378.04998779296875,366.5115661621094
2021-09-16,378.30999755859375,366.7636413574219
2021-09-17,373.8299865722656,362.4203796386719
2021-09-20,365.70001220703125,354.931640625
2021-09-21,366.1499938964844,355.36834716796875
2021-09-22,369.57000732421875,358.6876525878906
2021-09-23,372.9800109863281,361.99725341796875
2021-09-24,373.3299865722656,362.3368835449219
2021-09-27,370.3500061035156,359.44464111328125
2021-09-28,359.8699951171875,349.2732238769531
2021-09-29,359.2799987792969,348.70062255859375
2021-09-30,357.9599914550781,347.4194641113281
2021-10-01,360.17999267578125,349.57415771484375
2021-10-04,352.6199951171875,342.2367248535156
2021-10-05,357.3800048828125,346.85662841796875
2021-10-06,359.6700134277344,349.07916259765625
2021-10-07,362.9700012207031,352.28192138671875
2021-10-08,361.1600036621094,350.5252685546875
2021-10-11,358.3900146484375,347.8368835449219
2021-10-12,357.1400146484375,346.6236572265625
2021-10-13,360.0,349.3995056152344
2021-10-14,366.6300048828125,355.8341369628906
2021-10-15,368.94000244140625,358.07611083984375
2021-10-18,372.6499938964844,361.67694091796875
2021-10-19,375.4700012207031,364.41387939453125
2021-10-20,374.9800109863281,363.9383544921875
2021-10-21,377.2699890136719,366.1608581542969
2021-10-22,374.1000061035156,363.0843200683594
2021-10-25,377.92999267578125,366.8014831542969
2021-10-26,379.1199951171875,367.9563903808594
2021-10-27,380.0,368.8104553222656
2021-10-28,384.2200012207031,372.9062194824219
2021-10-29,386.1099853515625,374.7405700683594
2021-11-01,387.42999267578125,376.021728515625
2021-11-02,389.04998779296875,377.593994140625
2021-11-03,393.17999267578125,381.60235595703125
2021-11-04,398.2200012207031,386.49395751953125
2021-11-05,398.6000061035156,386.86273193359375
2021-11-08,398.05999755859375,386.3386535644531
2021-11-09,395.32000732421875,383.679443359375
2021-11-10,389.510009765625,378.04046630859375
2021-11-11,390.5899963378906,379.0887145996094
2021-11-12,394.70001220703125,383.0776672363281
2021-11-15,394.6099853515625,382.9902648925781
2021-11-16,397.4200134277344,385.71759033203125
2021-11-17,397.6300048828125,385.92132568359375
2021-11-18,401.75,389.9200744628906
2021-11-19,403.989990234375,392.0941467285156
2021-11-22,399.29998779296875,387.5421447753906
2021-11-23,397.4800109863281,385.77581787109375
2021-11-24,398.760009765625,387.0180969238281
2021-11-26,391.20001220703125,379.6807556152344
2021-11-29,399.69000244140625,387.9207458496094
2021-11-30,393.82000732421875,382.2234802246094
2021-12-01,387.1199951171875,375.7207946777344
2021-12-02,389.9100036621094,378.42877197265625
2021-12-03,383.1300048828125,371.8483581542969
2021-12-06,386.20001220703125,374.8279724121094
2021-12-07,397.8299865722656,386.11553955078125
2021-12-08,399.6099853515625,387.84307861328125
2021-12-09,393.7300109863281,382.1361999511719
2021-12-10,398.010009765625,386.2901611328125
2021-12-13,392.260009765625,380.7095031738281
2021-12-14,388.20001220703125,376.76904296875
2021-12-15,397.04998779296875,385.35845947265625
2021-12-16,386.8399963378906,375.4491271972656
2021-12-17,384.9100036621094,373.57586669921875
2021-12-20,380.69000244140625,369.9520263671875
2021-12-21,389.2099914550781,378.2318420410156
2021-12-22,393.95001220703125,382.8381652832031
2021-12-23,396.9200134277344,385.7242431640625
2021-12-27,403.4800109863281,392.0992736816406
2021-12-28,401.6099853515625,390.281982421875
2021-12-29,401.54998779296875,390.22369384765625
2021-12-30,400.3500061035156,389.0575866699219
2021-12-31,397.8500061035156,386.6281433105469
2022-01-03,401.67999267578125,390.3500671386719
2022-01-04,396.4700012207031,385.28704833984375
2022-01-05,384.2900085449219,373.45062255859375
2022-01-06,384.0199890136719,373.1882629394531
2022-01-07,379.8599853515625,369.14544677734375
2022-01-10,380.1099853515625,369.3883972167969
2022-01-11,385.82000732421875,374.9374084472656
2022-01-12,387.3500061035156,376.42425537109375
2022-01-13,377.6600036621094,367.0075378417969
2022-01-14,380.010009765625,369.29132080078125
2022-01-18,370.54998779296875,360.0980529785156
2022-01-19,366.4800109863281,356.1429443359375
2022-01-20,361.7200012207031,351.5171203613281
2022-01-21,351.69000244140625,341.7700500488281
2022-01-24,353.29998779296875,343.3346252441406
2022-01-25,345.1099853515625,335.3757019042969
2022-01-26,344.57000732421875,334.8508605957031
2022-01-27,341.1000061035156,331.47869873046875
2022-01-28,351.79998779296875,341.876953125
2022-01-31,363.04998779296875,352.80963134765625
2022-02-01,365.5199890136719,355.2099914550781
2022-02-02,368.489990234375,358.09619140625
2022-02-03,353.54998779296875,343.57757568359375
2022-02-04,358.010009765625,347.9118347167969
2022-02-07,355.1300048828125,345.1130676269531
2022-02-08,359.1199951171875,348.990478515625
2022-02-09,366.7300109863281,356.3858337402344
2022-02-10,358.42999267578125,348.3199768066406
2022-02-11,347.05999755859375,337.2705993652344
2022-02-14,347.489990234375,337.6885986328125
2022-02-15,356.1300048828125,346.0848388671875
2022-02-16,356.0400085449219,345.9972839355469
2022-02-17,345.45001220703125,335.70611572265625
2022-02-18,341.510009765625,331.8772277832031
2022-02-22,338.0799865722656,328.5439453125
2022-02-23,329.4200134277344,320.1281433105469
2022-02-24,340.489990234375,330.8859558105469
2022-02-25,345.7699890136719,336.01702880859375
2022-02-28,346.79998779296875,337.01800537109375
2022-03-01,341.489990234375,331.8577880859375
2022-03-02,347.2200012207031,337.42620849609375
2022-03-03,342.260009765625,332.6061096191406
2022-03-04,337.29998779296875,327.7859191894531
2022-03-07,324.8599853515625,315.6968994140625
2022-03-08,323.3500061035156,314.2294006347656
2022-03-09,334.989990234375,325.5411682128906
2022-03-10,331.2699890136719,321.9260559082031
2022-03-11,324.3999938964844,315.2497863769531
2022-03-14,318.1700134277344,309.195556640625
2022-03-15,328.1499938964844,318.8939514160156
2022-03-16,340.32000732421875,330.7207946777344
2022-03-17,344.44000244140625,334.7245788574219
2022-03-18,351.489990234375,341.57574462890625
2022-03-21,350.0799865722656,340.6260070800781
2022-03-22,356.9599914550781,347.3203430175781
2022-03-23,351.8299865722656,342.328857421875
2022-03-24,359.6499938964844,349.9377136230469
2022-03-25,359.3500061035156,349.645751953125
2022-03-28,364.9100036621094,355.0556335449219
2022-03-29,371.19000244140625,361.1659851074219
2022-03-30,367.0899963378906,357.17669677734375
2022-03-31,362.5400085449219,352.7496337890625
2022-04-01,361.8500061035156,352.0782165527344
2022-04-04,369.29998779296875,359.3270568847656
2022-04-05,361.1000061035156,351.3485412597656
2022-04-06,353.260009765625,343.72021484375
2022-04-07,354.1000061035156,344.53753662109375
2022-04-08,349.1499938964844,339.7212219238281
2022-04-11,340.8900146484375,331.6843566894531
2022-04-12,339.45001220703125,330.2831115722656
2022-04-13,346.3500061035156,336.99688720703125
2022-04-14,338.42999267578125,329.2906799316406
2022-04-18,338.69000244140625,329.5436096191406
2022-04-19,346.260009765625,336.90924072265625
2022-04-20,341.2099914550781,331.99554443359375
2022-04-21,334.1499938964844,325.1261901855469
2022-04-22,325.3999938964844,316.612548828125
2022-04-25,329.5799865722656,320.6797180175781
2022-04-26,317.1400146484375,308.5755920410156
2022-04-27,316.760009765625,308.2059631347656
2022-04-28,328.010009765625,319.15203857421875
2022-04-29,313.25,304.7906494140625
2022-05-02,318.4800109863281,309.8794250488281
2022-05-03,318.82000732421875,310.2102355957031
2022-05-04,329.6000061035156,320.69915771484375
2022-05-05,313.0,304.54742431640625
2022-05-06,309.25,300.8986511230469
2022-05-09,297.1499938964844,289.12548828125
2022-05-10,300.760009765625,292.63800048828125
2022-05-11,291.8399963378906,283.9588623046875
2022-05-12,291.1499938964844,283.2874755859375
2022-05-13,301.94000244140625,293.78607177734375
2022-05-16,298.44000244140625,290.3806457519531
2022-05-17,306.1700134277344,297.9018859863281
2022-05-18,291.1400146484375,283.2778015136719
2022-05-19,289.5799865722656,281.7598571777344
2022-05-20,288.67999267578125,280.8841857910156
2022-05-23,293.4800109863281,285.5545349121094
2022-05-24,287.239990234375,279.48309326171875
2022-05-25,291.260009765625,283.3945007324219
2022-05-26,299.3299865722656,291.2466125488281
2022-05-27,309.1000061035156,300.7528076171875
2022-05-31,308.2799987792969,299.95489501953125
2022-06-01,306.0,297.7364196777344
2022-06-02,314.3800048828125,305.8901672363281
2022-06-03,306.20001220703125,297.9311218261719
2022-06-06,307.2200012207031,298.9234924316406
2022-06-07,309.8699951171875,301.501953125
2022-06-08,307.6400146484375,299.33221435546875
2022-06-09,299.3999938964844,291.3147277832031
2022-06-10,288.8399963378906,281.0399475097656
2022-06-13,275.4100036621094,267.9725646972656
2022-06-14,275.9100036621094,268.45904541015625
2022-06-15,282.79998779296875,275.1629943847656
2022-06-16,271.3900146484375,264.0611267089844
2022-06-17,274.69000244140625,267.2720031738281
2022-06-21,281.0799865722656,274.01513671875
2022-06-22,280.6700134277344,273.61553955078125
2022-06-23,284.8500061035156,277.6903381347656
2022-06-24,294.6099853515625,287.2050476074219
2022-06-27,292.45001220703125,285.0993957519531
2022-06-28,283.5400085449219,276.413330078125
2022-06-29,283.79998779296875,276.66680908203125
2022-06-30,280.2799987792969,273.2352294921875
2022-07-01,282.1300048828125,275.0387268066406
2022-07-05,286.9599914550781,279.7474060058594
2022-07-06,288.79998779296875,281.5411376953125
2022-07-07,294.9800109863281,287.5657958984375
2022-07-08,295.3500061035156,287.92645263671875
2022-07-11,289.0400085449219,281.77508544921875
2022-07-12,286.239990234375,279.04541015625
2022-07-13,285.6499938964844,278.47021484375
2022-07-14,286.6700134277344,279.464599609375
2022-07-15,291.8699951171875,284.533935546875
2022-07-18,289.3999938964844,282.12603759765625
2022-07-19,298.29998779296875,290.8022766113281
2022-07-20,303.0299987792969,295.4134216308594
2022-07-21,307.3800048828125,299.6540832519531
2022-07-22,301.989990234375,294.39959716796875
2022-07-25,300.2699890136719,292.7228698730469
2022-07-26,294.3699951171875,286.97113037109375
2022-07-27,306.80999755859375,299.0984191894531
2022-07-28,309.80999755859375,302.02301025390625
2022-07-29,315.4599914550781,307.53094482421875
2022-08-01,315.2699890136719,307.3457946777344
2022-08-02,314.3299865722656,306.4294738769531
2022-08-03,322.8900146484375,314.7742919921875
2022-08-04,324.3999938964844,316.246337890625
2022-08-05,321.75,313.6629333496094
2022-08-08,320.7099914550781,312.6490783691406
2022-08-09,317.0799865722656,309.1102600097656
2022-08-10,325.92999267578125,317.73785400390625
2022-08-11,324.0799865722656,315.934326171875
2022-08-12,330.3900146484375,322.0857238769531
2022-08-15,333.05999755859375,324.6886901855469
2022-08-16,332.2799987792969,323.9282531738281
2022-08-17,328.489990234375,320.23345947265625
2022-08-18,329.2799987792969,321.003662109375
2022-08-19,322.8599853515625,314.7449645996094
2022-08-22,314.3599853515625,306.45867919921875
2022-08-23,314.1000061035156,306.20526123046875
2022-08-24,315.010009765625,307.0923156738281
2022-08-25,320.5799865722656,312.5223083496094
2022-08-26,307.44000244140625,299.7126159667969
2022-08-29,304.4100036621094,296.7587585449219
2022-08-30,301.0199890136719,293.4539794921875
2022-08-31,299.2699890136719,291.7479553222656
2022-09-01,299.3999938964844,291.87469482421875
2022-09-02,295.1700134277344,287.75103759765625
2022-09-06,293.04998779296875,285.6842041015625
2022-09-07,298.9700012207031,291.4554443359375
2022-09-08,300.5199890136719,292.9665222167969
2022-09-09,307.0899963378906,299.37139892578125
2022-09-12,310.739990234375,302.9296569824219
2022-09-13,293.70001220703125,286.31793212890625
2022-09-14,296.0299987792969,288.58941650390625
2022-09-15,291.1000061035156,283.7832946777344
2022-09-16,289.32000732421875,282.04803466796875
2022-09-19,291.04998779296875,284.24444580078125
2022-09-20,288.7300109863281,281.978759765625
2022-09-21,283.55999755859375,276.9295959472656
2022-09-22,280.07000732421875,273.5212097167969
2022-09-23,275.510009765625,269.06781005859375
2022-09-26,274.3699951171875,267.9544982910156
2022-09-27,274.4800109863281,268.0618896484375
2022-09-28,279.94000244140625,273.3941955566406
2022-09-29,271.8699951171875,265.5129089355469
2022-09-30,267.260009765625,261.0107116699219
2022-10-03,273.5299987792969,267.1341247558594
2022-10-04,282.1300048828125,275.5329895019531
2022-10-05,281.9800109863281,275.38653564453125
2022-10-06,279.760009765625,273.21844482421875
2022-10-07,269.1000061035156,262.8077392578125
2022-10-10,266.4100036621094,260.1805725097656
2022-10-11,262.75,256.6061706542969
2022-10-12,262.6600036621094,256.51824951171875
2022-10-13,268.82000732421875,262.5342102050781
2022-10-14,260.739990234375,254.6431884765625
2022-10-17,269.3500061035156,263.0517883300781
2022-10-18,271.4800109863281,265.13201904296875
2022-10-19,270.489990234375,264.16522216796875
2022-10-20,269.1099853515625,262.8173828125
2022-10-21,275.4200134277344,268.97998046875
2022-10-24,278.45001220703125,271.9391174316406
2022-10-25,284.2099914550781,277.56439208984375
2022-10-26,277.92999267578125,271.4311828613281
2022-10-27,272.8699951171875,266.489501953125
2022-10-28,281.2200012207031,274.6442565917969
2022-10-31,277.95001220703125,271.45074462890625
2022-11-01,275.1099853515625,268.67718505859375
2022-11-02,265.67999267578125,259.4676513671875
2022-11-03,260.489990234375,254.39903259277344
2022-11-04,264.67999267578125,258.4909973144531
2022-11-07,267.5899963378906,261.3330078125
2022-11-08,269.5400085449219,263.2374572753906
2022-11-09,263.32000732421875,257.162841796875
2022-11-10,282.75,276.1385192871094
2022-11-11,287.9599914550781,281.2267150878906
2022-11-14,285.44000244140625,278.7656555175781
2022-11-15,289.3900146484375,282.6233215332031
2022-11-16,285.44000244140625,278.7656555175781
2022-11-17,284.80999755859375,278.1503601074219
2022-11-18,284.82000732421875,278.1601257324219
2022-11-21,281.8900146484375,275.2987060546875
2022-11-22,285.95001220703125,279.2637023925781
2022-11-23,288.82000732421875,282.0666198730469
2022-11-25,286.9200134277344,280.2110595703125
2022-11-28,282.7099914550781,276.0995178222656
2022-11-29,280.57000732421875,274.009521484375
2022-11-30,293.3599853515625,286.5003967285156
2022-12-01,293.7200012207031,286.85198974609375
2022-12-02,292.54998779296875,285.7093505859375
2022-12-05,287.6400146484375,280.91412353515625
2022-12-06,281.67999267578125,275.093505859375
2022-12-07,280.5299987792969,273.9704284667969
2022-12-08,283.8500061035156,277.2128601074219
2022-12-09,282.0400085449219,275.4450988769531
2022-12-12,285.5799865722656,278.9023132324219
2022-12-13,288.6499938964844,281.9004821777344
2022-12-14,286.510009765625,279.8106384277344
2022-12-15,276.8900146484375,270.4155578613281
2022-12-16,274.25,267.8372802734375
2022-12-19,269.75,264.0732116699219
2022-12-20,269.5400085449219,263.86767578125
2022-12-21,273.45001220703125,267.6953125
2022-12-22,266.760009765625,261.1461181640625
2022-12-23,267.3599853515625,261.7335205078125
2022-12-27,263.5799865722656,258.0330505371094
2022-12-28,260.1000061035156,254.62632751464844
2022-12-29,266.44000244140625,260.8328552246094
2022-12-30,266.2799987792969,260.6762390136719
2023-01-03,264.4800109863281,258.9140930175781
2023-01-04,265.739990234375,260.1475524902344
2023-01-05,261.5799865722656,256.0750732421875
2023-01-06,268.79998779296875,263.1431579589844
2023-01-09,270.5400085449219,264.8465576171875
2023-01-10,272.8299865722656,267.0884094238281
2023-01-11,277.54998779296875,271.70904541015625
2023-01-12,279.04998779296875,273.1774597167969
2023-01-13,280.9700012207031,275.05706787109375
2023-01-17,281.5400085449219,275.6151428222656
2023-01-18,277.8800048828125,272.0321350097656
2023-01-19,275.1499938964844,269.3594970703125
2023-01-20,282.67999267578125,276.7311706542969
2023-01-23,288.9599914550781,282.8788757324219
2023-01-24,288.3699951171875,282.30126953125
2023-01-25,287.7300109863281,281.67486572265625
2023-01-26,293.3399963378906,287.1667175292969
2023-01-27,296.260009765625,290.0252685546875
2023-01-30,290.2699890136719,284.1613464355469
2023-01-31,294.6199951171875,288.4198303222656
2023-02-01,300.9200134277344,294.5872802734375
2023-02-02,311.7200012207031,305.15997314453125
2023-02-03,306.17999267578125,299.7365417480469
2023-02-06,303.5899963378906,297.2010498046875
2023-02-07,309.8800048828125,303.35870361328125
2023-02-08,304.3699951171875,297.9645690917969
2023-02-09,301.67999267578125,295.3312072753906
2023-02-10,299.70001220703125,293.39288330078125
2023-02-13,304.5,298.0919494628906
2023-02-14,306.75,300.2945556640625
2023-02-15,309.1000061035156,302.5951232910156
2023-02-16,303.29998779296875,296.9171142578125
2023-02-17,301.1600036621094,294.8222351074219
2023-02-21,294.0299987792969,287.8422546386719
2023-02-22,294.25,288.05755615234375
2023-02-23,296.82000732421875,290.57354736328125
2023-02-24,291.8500061035156,285.7081298828125
2023-02-27,293.94000244140625,287.7542419433594
2023-02-28,293.55999755859375,287.3821105957031
2023-03-01,291.20001220703125,285.0717468261719
2023-03-02,293.6099853515625,287.4311218261719
2023-03-03,299.67999267578125,293.373291015625
2023-03-06,300.0199890136719,293.70611572265625
2023-03-07,296.3399963378906,290.1036682128906
2023-03-08,297.82000732421875,291.552490234375
2023-03-09,292.6600036621094,286.5010681152344
2023-03-10,288.54998779296875,282.4775390625
2023-03-13,290.69000244140625,284.5725402832031
2023-03-14,297.3699951171875,291.1119079589844
2023-03-15,298.92999267578125,292.6390075683594
2023-03-16,306.80999755859375,300.3533020019531
2023-03-17,305.3599853515625,298.9337463378906
2023-03-20,305.9700012207031,299.99462890625
2023-03-21,310.3399963378906,304.279296875
2023-03-22,306.1199951171875,300.1416931152344
2023-03-23,309.75,303.7008361816406
2023-03-24,310.8900146484375,304.81854248046875
2023-03-27,308.760009765625,302.7302551269531
2023-03-28,307.1199951171875,301.1222229003906
2023-03-29,312.7200012207031,306.6128845214844
2023-03-30,315.67999267578125,309.5150451660156
2023-03-31,320.92999267578125,314.66253662109375
2023-04-03,320.1499938964844,313.8977355957031
2023-04-04,319.07000732421875,312.8388671875
2023-04-05,315.9200134277344,309.7503662109375
2023-04-06,318.04998779296875,311.8387145996094
2023-04-10,317.8699951171875,311.66229248046875
2023-04-11,315.8299865722656,309.66217041015625
2023-04-12,313.0400085449219,306.9265441894531
2023-04-13,319.1700134277344,312.9368896484375
2023-04-14,318.57000732421875,312.3486328125
2023-04-17,318.8399963378906,312.6133728027344
2023-04-18,318.8599853515625,312.6329345703125
2023-04-19,318.7099914550781,312.4858703613281
2023-04-20,316.2799987792969,310.1033935546875
2023-04-21,316.6099853515625,310.4268798828125
2023-04-24,315.95001220703125,309.7798156738281
2023-04-25,309.989990234375,303.9361572265625
2023-04-26,311.8699951171875,305.7793884277344
2023-04-27,320.3500061035156,314.09381103515625
2023-04-28,322.55999755859375,316.2607116699219
2023-05-01,322.19000244140625,315.8979187011719
2023-05-02,319.3800048828125,313.14276123046875
2023-05-03,317.2900085449219,311.0936584472656
2023-05-04,316.1700134277344,309.9955139160156
2023-05-05,322.8900146484375,316.58416748046875
2023-05-08,323.69000244140625,317.36865234375
2023-05-09,321.6400146484375,315.35870361328125
2023-05-10,325.1400146484375,318.7903747558594
2023-05-11,326.20001220703125,319.8296203613281
2023-05-12,325.0299987792969,318.6824951171875
2023-05-15,326.7900085449219,320.4081726074219
2023-05-16,327.1600036621094,320.7708435058594
2023-05-17,331.1199951171875,324.6534423828125
2023-05-18,337.2699890136719,330.68341064453125
2023-05-19,336.510009765625,329.9382629394531
2023-05-22,337.6400146484375,331.0462646484375
2023-05-23,333.3599853515625,326.8497619628906
2023-05-24,331.6499938964844,325.1731262207031
2023-05-25,339.7200012207031,333.08551025390625
2023-05-26,348.3999938964844,341.5960388183594
2023-05-30,349.9800109863281,343.14520263671875
2023-05-31,347.989990234375,341.1940612792969
2023-06-01,352.010009765625,345.13555908203125
2023-06-02,354.6499938964844,347.7240295410156
2023-06-05,354.8999938964844,347.9690856933594
2023-06-06,354.8399963378906,347.9103088378906
2023-06-07,348.82000732421875,342.0078125
2023-06-08,353.1499938964844,346.2532958984375
2023-06-09,354.5,347.5769348144531
2023-06-12,360.489990234375,353.4499816894531
2023-06-13,363.260009765625,356.1658630371094
2023-06-14,365.8999938964844,358.7542419433594
2023-06-15,370.260009765625,363.0291442871094
2023-06-16,367.92999267578125,360.74462890625
2023-06-20,366.8999938964844,360.228271484375
2023-06-21,361.8999938964844,355.3190612792969
2023-06-22,366.1700134277344,359.511474609375
2023-06-23,362.5400085449219,355.9475402832031
2023-06-26,357.67999267578125,351.17584228515625
2023-06-27,363.8299865722656,357.2139892578125
2023-06-28,364.5400085449219,357.9111328125
2023-06-29,363.80999755859375,357.1944274902344
2023-06-30,369.4200134277344,362.70245361328125
2023-07-03,370.2900085449219,363.5565490722656
2023-07-05,370.2799987792969,363.5467529296875
2023-07-06,367.4599914550781,360.77801513671875
2023-07-07,366.239990234375,359.5802001953125
2023-07-10,366.3599853515625,359.697998046875
2023-07-11,368.1700134277344,361.47515869140625
2023-07-12,372.82000732421875,366.0405578613281
2023-07-13,379.1499938964844,372.2555236816406
2023-07-14,379.07000732421875,372.177001953125
2023-07-17,382.6099853515625,375.6524963378906
2023-07-18,385.739990234375,378.72564697265625
2023-07-19,385.6499938964844,378.63726806640625
2023-07-20,376.760009765625,369.9089660644531
2023-07-21,375.6300048828125,368.7994689941406
2023-07-24,376.2300109863281,369.3885803222656
2023-07-25,378.7799987792969,371.8922119140625
2023-07-26,377.5199890136719,370.655029296875
2023-07-27,376.6199951171875,369.771484375
2023-07-28,383.4800109863281,376.5067138671875
2023-07-31,383.67999267578125,376.7030944824219
2023-08-01,382.7900085449219,375.8292541503906
2023-08-02,374.3900146484375,367.5820007324219
2023-08-03,373.7900085449219,366.9929504394531
2023-08-04,372.0400085449219,365.27471923828125
2023-08-07,375.19000244140625,368.367431640625
2023-08-08,372.0,365.23541259765625
2023-08-09,367.9100036621094,361.2198486328125
2023-08-10,368.5899963378906,361.887451171875
2023-08-11,366.239990234375,359.5802001953125
2023-08-14,370.3500061035156,363.615478515625
2023-08-15,366.4200134277344,359.7569580078125
2023-08-16,362.5400085449219,355.9475402832031
2023-08-17,358.5799865722656,352.05950927734375
2023-08-18,358.1300048828125,351.6176452636719
2023-08-21,363.8999938964844,357.2827453613281
2023-08-22,363.3800048828125,356.772216796875
2023-08-23,369.1099853515625,362.39801025390625
2023-08-24,361.2200012207031,354.6515197753906
2023-08-25,364.0199890136719,357.40057373046875
2023-08-28,366.760009765625,360.0908203125
2023-08-29,374.7699890136719,367.9550476074219
2023-08-30,376.8599853515625,370.007080078125
2023-08-31,377.989990234375,371.1165771484375
2023-09-01,377.5899963378906,370.7238464355469
2023-09-05,378.07000732421875,371.19512939453125
2023-09-06,374.739990234375,367.9256286621094
2023-09-07,372.05999755859375,365.2943420410156
2023-09-08,372.5799865722656,365.8049011230469
2023-09-11,376.9700012207031,370.1151428222656
2023-09-12,372.7900085449219,366.0111389160156
2023-09-13,374.2099914550781,367.4052429199219
2023-09-14,377.2699890136719,370.40966796875
2023-09-15,370.80999755859375,364.067138671875
2023-09-18,370.6600036621094,364.4466247558594
2023-09-19,369.8699951171875,363.6698913574219
2023-09-20,364.5400085449219,358.4292297363281
2023-09-21,357.8599853515625,351.8611755371094
2023-09-22,357.9100036621094,351.91033935546875
2023-09-25,359.6099853515625,353.5818176269531
2023-09-26,354.2099914550781,348.2723693847656
2023-09-27,355.0400085449219,349.0885009765625
2023-09-28,358.010009765625,352.0087585449219
2023-09-29,358.2699890136719,352.2643127441406
2023-10-02,361.260009765625,355.2041931152344
2023-10-03,354.9200134277344,348.97052001953125
2023-10-04,359.75,353.71954345703125
2023-10-05,358.69000244140625,352.67730712890625
2023-10-06,364.70001220703125,358.5865478515625
2023-10-09,366.55999755859375,360.4154052734375
2023-10-10,368.5899963378906,362.41131591796875
2023-10-11,371.2200012207031,364.9972839355469
2023-10-12,369.92999267578125,363.7288818359375
2023-10-13,365.2799987792969,359.1568298339844
2023-10-16,369.4100036621094,363.21759033203125
2023-10-17,368.20001220703125,362.0278015136719
2023-10-18,363.3699951171875,357.27880859375
2023-10-19,359.9700012207031,353.93585205078125
2023-10-20,354.6000061035156,348.6558532714844
2023-10-23,355.6700134277344,349.7079162597656
2023-10-24,359.1300048828125,353.1098937988281
2023-10-25,350.3399963378906,344.46728515625
2023-10-26,343.6600036621094,337.8992004394531
2023-10-27,345.30999755859375,339.5216369628906
2023-10-30,349.20001220703125,343.3464050292969
2023-10-31,350.8699951171875,344.9883728027344
2023-11-01,356.9599914550781,350.9762878417969
2023-11-02,363.44000244140625,357.34765625
2023-11-03,367.7099914550781,361.5461120605469
2023-11-06,369.2099914550781,363.02093505859375
2023-11-07,372.70001220703125,366.45245361328125
2023-11-08,372.94000244140625,366.68841552734375
2023-11-09,370.07000732421875,363.86651611328125
2023-11-10,378.3900146484375,372.0470886230469
2023-11-13,377.2099914550781,370.8868408203125
2023-11-14,385.3299865722656,378.8707580566406
2023-11-15,385.6199951171875,379.1558532714844
2023-11-16,385.95001220703125,379.4803771972656
2023-11-17,386.0400085449219,379.5687561035156
2023-11-20,390.739990234375,384.1900329589844
2023-11-21,388.4700012207031,381.9580383300781
2023-11-22,390.05999755859375,383.5214538574219
2023-11-24,389.510009765625,382.98065185546875
2023-11-27,389.1700134277344,382.64642333984375
2023-11-28,390.19000244140625,383.6492614746094
2023-11-29,389.80999755859375,383.275634765625
2023-11-30,388.8299865722656,382.3121032714844
2023-12-01,389.94000244140625,383.40350341796875
2023-12-04,386.32000732421875,379.84417724609375
2023-12-05,387.2900085449219,380.7978820800781
2023-12-06,385.04998779296875,378.59539794921875
2023-12-07,390.42999267578125,383.88525390625
2023-12-08,392.1700134277344,385.5960388183594
2023-12-11,395.5199890136719,388.8899230957031
2023-12-12,398.6700134277344,391.9872131347656
2023-12-13,403.739990234375,396.9720764160156
2023-12-14,403.3900146484375,396.6280517578125
2023-12-15,405.3399963378906,398.5452880859375
2023-12-18,407.0799865722656,401.0556640625
2023-12-19,409.1600036621094,403.1048889160156
2023-12-20,403.0799865722656,397.1147766113281
2023-12-21,407.7699890136719,401.7353515625
2023-12-22,408.3800048828125,402.33636474609375
2023-12-26,410.8800048828125,404.79937744140625
2023-12-27,411.5,405.6234436035156
2023-12-28,411.29998779296875,405.4263000488281
2023-12-29,409.5199890136719,403.6717224121094
2024-01-02,402.5899963378906,396.8406677246094
2024-01-03,398.3299865722656,392.6414794921875
2024-01-04,396.2799987792969,390.6208190917969
2024-01-05,396.75,391.08404541015625
2024-01-08,404.95001220703125,399.1669616699219
2024-01-09,405.75,399.9555358886719
2024-01-10,408.5,402.666259765625
2024-01-11,409.3500061035156,403.5041198730469
2024-01-12,409.55999755859375,403.7110900878906
2024-01-16,409.5199890136719,403.6717224121094
2024-01-17,407.2099914550781,401.3946838378906
2024-01-18,412.989990234375,407.0921630859375
2024-01-19,421.17999267578125,415.1651916503906
2024-01-22,421.7300109863281,415.70733642578125
2024-01-23,423.4800109863281,417.4324035644531
2024-01-24,425.8299865722656,419.7488098144531
2024-01-25,426.3500061035156,420.2613525390625
2024-01-26,423.80999755859375,417.7575988769531
2024-01-29,428.1499938964844,422.0356140136719
2024-01-30,425.29998779296875,419.22637939453125
2024-01-31,416.9700012207031,411.015380859375
2024-02-01,421.8800048828125,415.855224609375
2024-02-02,429.010009765625,422.8833923339844
2024-02-05,428.45001220703125,422.33135986328125
2024-02-06,427.5899963378906,421.483642578125
2024-02-07,431.989990234375,425.8208312988281
2024-02-08,432.7900085449219,426.609375
2024-02-09,437.04998779296875,430.8085632324219
2024-02-12,435.3399963378906,429.1229553222656
2024-02-13,428.54998779296875,422.4299011230469
2024-02-14,433.2200012207031,427.03326416015625
2024-02-15,434.510009765625,428.3049011230469
2024-02-16,430.57000732421875,424.4211730957031
2024-02-20,427.32000732421875,421.217529296875
2024-02-21,425.6099853515625,419.5318908691406
2024-02-22,438.07000732421875,431.81402587890625
2024-02-23,436.7799987792969,430.5423889160156
2024-02-26,436.54998779296875,430.3156433105469
2024-02-27,437.6000061035156,431.3507385253906
2024-02-28,435.2699890136719,429.053955078125
2024-02-29,439.0,432.730712890625
2024-03-01,445.6099853515625,439.2463073730469
2024-03-04,444.0199890136719,437.6789855957031
2024-03-05,436.04998779296875,429.8228759765625
2024-03-06,438.7900085449219,432.52374267578125
2024-03-07,445.45001220703125,439.0886535644531
2024-03-08,439.0199890136719,432.75042724609375
2024-03-11,437.3900146484375,431.1437072753906
2024-03-12,443.6600036621094,437.32415771484375
2024-03-13,440.25,433.962890625
2024-03-14,439.1400146484375,432.8687438964844
2024-03-15,433.9200134277344,427.7232666015625
2024-03-18,437.4800109863281,431.8026123046875
2024-03-19,438.57000732421875,432.8785095214844
2024-03-20,443.7699890136719,438.0110168457031
2024-03-21,445.8699951171875,440.0837707519531
2024-03-22,446.3800048828125,440.587158203125
2024-03-25,444.760009765625,438.9881591796875
2024-03-26,443.32000732421875,437.5668640136719
2024-03-27,444.8299865722656,439.0572509765625
2024-03-28,444.010009765625,438.2478942871094
2024-04-01,444.95001220703125,439.17572021484375
2024-04-02,441.1099853515625,435.3855285644531
2024-04-03,442.1000061035156,436.3626708984375
2024-04-04,435.3399963378906,429.6903991699219
2024-04-05,440.4700012207031,434.7538146972656
2024-04-08,440.6000061035156,434.88214111328125
2024-04-09,442.2300109863281,436.4909973144531
2024-04-10,438.3699951171875,432.6810607910156
2024-04-11,445.3699951171875,439.5902404785156
2024-04-12,438.2699890136719,432.5823974609375
2024-04-15,431.05999755859375,425.46600341796875
2024-04-16,431.1000061035156,425.50543212890625
2024-04-17,425.8399963378906,420.3136901855469
2024-04-18,423.4100036621094,417.91522216796875
2024-04-19,414.6499938964844,409.2689208984375
2024-04-22,418.82000732421875,413.38482666015625
2024-04-23,425.07000732421875,419.5537109375
2024-04-24,426.510009765625,420.9750061035156
2024-04-25,424.45001220703125,418.9417724609375
2024-04-26,431.0,425.4067077636719
2024-04-29,432.75,427.134033203125
2024-04-30,424.5899963378906,419.0799255371094
2024-05-01,421.5199890136719,416.04974365234375
2024-05-02,426.8999938964844,421.3598937988281
2024-05-03,435.4800109863281,429.8285827636719
2024-05-06,440.25,434.5367126464844
2024-05-07,440.32000732421875,434.60577392578125
2024-05-08,440.05999755859375,434.34912109375
2024-05-09,441.0199890136719,435.296630859375
2024-05-10,442.05999755859375,436.3232116699219
2024-05-13,443.0799865722656,437.3299560546875
2024-05-14,445.92999267578125,440.1429443359375
2024-05-15,452.8999938964844,447.0225524902344
2024-05-16,451.9800109863281,446.1144714355469
2024-05-17,451.760009765625,445.8973388671875
2024-05-20,454.9100036621094,449.0064697265625
2024-05-21,455.79998779296875,449.8848571777344
2024-05-22,455.7099914550781,449.7960510253906
2024-05-23,453.6600036621094,447.772705078125
2024-05-24,457.95001220703125,452.00701904296875
2024-05-28,459.67999267578125,453.71453857421875
2024-05-29,456.44000244140625,450.5165710449219
2024-05-30,451.54998779296875,445.6900329589844
2024-05-31,450.7099914550781,444.8609619140625
2024-06-03,453.1300048828125,447.24957275390625
2024-06-04,454.3699951171875,448.47344970703125
2024-06-05,463.5299987792969,457.51458740234375
2024-06-06,463.3699951171875,457.35662841796875
2024-06-07,462.9599914550781,456.951904296875
2024-06-10,464.8299865722656,458.7976379394531
2024-06-11,468.0199890136719,461.9462890625
2024-06-12,474.1499938964844,467.99676513671875
2024-06-13,476.7200012207031,470.5334167480469
2024-06-14,479.19000244140625,472.9714050292969
2024-06-17,485.05999755859375,478.76513671875
2024-06-18,485.2099914550781,478.9131774902344
2024-06-20,481.4700012207031,475.2217102050781
2024-06-21,480.17999267578125,473.9484558105469
2024-06-24,473.9599914550781,468.552734375
2024-06-25,479.3800048828125,473.91094970703125
2024-06-26,480.3699951171875,474.8896484375
2024-06-27,481.6099853515625,476.1154479980469
2024-06-28,479.1099853515625,473.64398193359375
2024-07-01,481.9200134277344,476.4219665527344
2024-07-02,486.9800109863281,481.4242248535156
2024-07-03,491.0400085449219,485.4379577636719
2024-07-05,496.1600036621094,490.49951171875
2024-07-08,497.3399963378906,491.666015625
2024-07-09,497.7699890136719,492.0911560058594
2024-07-10,502.9599914550781,497.221923828125
2024-07-11,491.92999267578125,486.3177490234375
2024-07-12,494.82000732421875,489.1747741699219
2024-07-15,496.1499938964844,490.4895935058594
2024-07-16,496.3399963378906,490.67742919921875
2024-07-17,481.7699890136719,476.2736511230469
2024-07-18,479.489990234375,474.0196838378906
2024-07-19,475.239990234375,469.818115234375
2024-07-22,482.32000732421875,476.81744384765625
2024-07-23,480.6199951171875,475.1367492675781
2024-07-24,463.3800048828125,458.0934753417969
2024-07-25,458.2699890136719,453.041748046875
2024-07-26,462.9700012207031,457.68817138671875
2024-07-29,463.8999938964844,458.60748291015625
2024-07-30,457.5299987792969,452.31024169921875
2024-07-31,471.07000732421875,465.6956787109375
2024-08-01,459.6600036621094,454.4158630371094
2024-08-02,448.75,443.63043212890625
2024-08-05,435.3699951171875,430.4030456542969
2024-08-06,439.5299987792969,434.51556396484375
2024-08-07,434.7699890136719,429.8098449707031
2024-08-08,448.07000732421875,442.9581604003906
2024-08-09,450.4100036621094,445.27142333984375
2024-08-12,451.3800048828125,446.23040771484375
2024-08-13,462.5799865722656,457.3025817871094
2024-08-14,462.7300109863281,457.4508972167969
2024-08-15,474.4200134277344,469.0074768066406
2024-08-16,475.0299987792969,469.6105651855469
2024-08-19,481.2699890136719,475.77935791015625
2024-08-20,480.260009765625,474.78094482421875
2024-08-21,482.5,476.99530029296875
2024-08-22,474.8500061035156,469.4326171875
2024-08-23,480.0,474.5238037109375
2024-08-26,475.3399963378906,469.9169921875
2024-08-27,476.760009765625,471.32086181640625
2024-08-28,471.3500061035156,465.9725646972656
2024-08-29,470.6600036621094,465.2904052734375
2024-08-30,476.2699890136719,470.83636474609375
2024-09-03,461.80999755859375,456.5414123535156
2024-09-04,460.6099853515625,455.35504150390625
2024-09-05,461.0400085449219,455.7801818847656
2024-09-06,448.69000244140625,443.571044921875
2024-09-09,454.4599914550781,449.2752380371094
2024-09-10,458.6600036621094,453.4273376464844
2024-09-11,468.6199951171875,463.2736511230469
2024-09-12,473.2200012207031,467.8211975097656
2024-09-13,475.3399963378906,469.9169921875
2024-09-16,473.239990234375,467.84100341796875
2024-09-17,473.489990234375,468.0881652832031
2024-09-18,471.44000244140625,466.0615234375
2024-09-19,483.3599853515625,477.8454895019531
2024-09-20,482.44000244140625,476.9360046386719
2024-09-23,483.0400085449219,478.2002258300781
2024-09-24,485.3699951171875,480.5068664550781
2024-09-25,485.82000732421875,480.952392578125
2024-09-26,489.4700012207031,484.5657653808594
2024-09-27,486.75,481.8730773925781
2024-09-30,488.07000732421875,483.1798095703125
2024-10-01,481.2699890136719,476.44793701171875
2024-10-02,481.95001220703125,477.12115478515625
2024-10-03,481.5899963378906,476.7647705078125
2024-10-04,487.32000732421875,482.4373474121094
2024-10-07,482.1000061035156,477.2696228027344
2024-10-08,489.29998779296875,484.3974914550781
2024-10-09,493.1499938964844,488.2089538574219
2024-10-10,492.5899963378906,487.654541015625
2024-10-11,493.3599853515625,488.41680908203125
2024-10-14,497.5,492.51531982421875
2024-10-15,490.8500061035156,485.9319763183594
2024-10-16,490.9100036621094,485.9913635253906
2024-10-17,491.25,486.3279724121094
2024-10-18,494.4700012207031,489.51568603515625
2024-10-21,495.4200134277344,490.45623779296875
2024-10-22,495.9599914550781,490.99078369140625
2024-10-23,488.3599853515625,483.4669189453125
2024-10-24,492.32000732421875,487.3872375488281
2024-10-25,495.32000732421875,490.357177734375
2024-10-28,495.3999938964844,490.4364318847656
2024-10-29,500.1600036621094,495.1487121582031
2024-10-30,496.3800048828125,491.4065856933594
2024-10-31,483.8500061035156,479.0021057128906
2024-11-01,487.42999267578125,482.5462341308594
2024-11-04,486.010009765625,481.1404724121094
2024-11-05,492.2099914550781,487.2783203125
2024-11-06,505.5799865722656,500.5143737792969
2024-11-07,513.5399780273438,508.39459228515625
2024-11-08,514.1400146484375,508.9886779785156
2024-11-11,513.8400268554688,508.69158935546875
2024-11-12,512.9099731445312,507.7709045410156
2024-11-13,512.25,507.1175537109375
2024-11-14,508.69000244140625,503.59326171875
2024-11-15,496.57000732421875,491.5946960449219
2024-11-18,500.0199890136719,495.0101013183594
2024-11-19,503.4599914550781,498.4156494140625
2024-11-20,503.1700134277344,498.1285400390625
2024-11-21,504.9800109863281,499.92041015625
2024-11-22,505.7900085449219,500.7222595214844
2024-11-25,506.5899963378906,501.5142822265625
2024-11-26,509.30999755859375,504.2070007324219
2024-11-27,505.29998779296875,500.2371520996094
2024-11-29,509.739990234375,504.6326904296875
2024-12-02,515.2899780273438,510.1270446777344
2024-12-03,516.8699951171875,511.6912536621094
2024-12-04,523.260009765625,518.017333984375
2024-12-05,521.8099975585938,516.5817260742188
2024-12-06,526.47998046875,521.2050170898438
2024-12-09,522.3800048828125,517.1460571289062
2024-12-10,520.5999755859375,515.3838500976562
2024-12-11,529.9199829101562,524.6104736328125
2024-12-12,526.5,521.2247314453125
2024-12-13,530.530029296875,525.2144165039062
2024-12-16,538.1699829101562,532.77783203125
2024-12-17,535.7999877929688,530.4315185546875
2024-12-18,516.469970703125,511.2952575683594
2024-12-19,514.1699829101562,509.0182800292969
2024-12-20,518.6599731445312,513.4632568359375
2024-12-23,522.8699951171875,518.4658813476562
2024-12-24,529.9600219726562,525.4960327148438
2024-12-26,529.5999755859375,525.13916015625
2024-12-27,522.5599975585938,518.158447265625
2024-12-30,515.6099853515625,511.2669982910156
2024-12-31,511.2300109863281,506.92388916015625
2025-01-02,510.2300109863281,505.93231201171875
2025-01-03,518.5800170898438,514.2119750976562
2025-01-06,524.5399780273438,520.1217651367188
2025-01-07,515.1799926757812,510.840576171875
2025-01-08,515.27001953125,510.929931640625
2025-01-10,507.19000244140625,502.91790771484375
2025-01-13,505.55999755859375,501.3016357421875
2025-01-14,505.0799865722656,500.82568359375
2025-01-15,516.7000122070312,512.3478393554688
2025-01-16,513.0800170898438,508.7583312988281
2025-01-17,521.739990234375,517.3452758789062
2025-01-21,524.7999877929688,520.3795776367188
2025-01-22,531.510009765625,527.0330810546875
2025-01-23,532.6400146484375,528.1535034179688
2025-01-24,529.6300048828125,525.1688842773438
2025-01-27,514.2100219726562,509.8787536621094
2025-01-28,521.8099975585938,517.4148559570312
2025-01-29,520.8300170898438,516.443115234375
2025-01-30,523.0499877929688,518.6443481445312
2025-01-31,522.2899780273438,517.8907470703125
2025-02-03,518.1099853515625,513.7459716796875
2025-02-04,524.469970703125,520.0523681640625
2025-02-05,526.8499755859375,522.4122924804688
2025-02-06,529.5999755859375,525.13916015625
2025-02-07,522.9199829101562,518.5154418945312
2025-02-10,529.25,524.7920532226562
2025-02-11,527.989990234375,523.542724609375
2025-02-12,528.2999877929688,523.8500366210938
2025-02-13,535.9000244140625,531.3861694335938
2025-02-14,538.1500244140625,533.6170654296875
2025-02-18,539.3699951171875,534.8268432617188
2025-02-19,539.52001953125,534.9755859375
2025-02-20,537.22998046875,532.704833984375
2025-02-21,526.0800170898438,521.6487426757812
2025-02-24,519.8699951171875,515.4910888671875
2025-02-25,513.3200073242188,508.996337890625
2025-02-26,514.5599975585938,510.225830078125
2025-02-27,500.2699890136719,496.05621337890625
2025-02-28,508.1700134277344,503.8896484375
2025-03-03,497.04998779296875,492.8633117675781
2025-03-04,495.54998779296875,491.3759765625
2025-03-05,502.010009765625,497.7815246582031
2025-03-06,488.20001220703125,484.087890625
2025-03-07,491.7900085449219,487.6476135253906
2025-03-10,472.7300109863281,468.74822998046875
2025-03-11,471.6000061035156,467.6277160644531
2025-03-12,476.9200134277344,472.90289306640625
2025-03-13,468.3399963378906,464.3951416015625
2025-03-14,479.6600036621094,475.6198425292969
2025-03-17,482.7699890136719,478.70361328125
2025-03-18,474.5400085449219,470.5429382324219
2025-03-19,480.8900146484375,476.8395080566406
2025-03-20,479.260009765625,475.22314453125
2025-03-21,480.8399963378906,476.7898864746094
2025-03-24,490.6600036621094,487.2527160644531
2025-03-25,493.4599914550781,490.03326416015625
2025-03-26,484.3800048828125,481.0163269042969
2025-03-27,481.6199951171875,478.2754821777344
2025-03-28,468.94000244140625,465.68353271484375
2025-03-31,468.9200134277344,465.6636657714844
2025-04-01,472.70001220703125,469.4174499511719
2025-04-02,476.1499938964844,472.8434143066406
2025-04-03,450.6600036621094,447.5304870605469
2025-04-04,422.6700134277344,419.73480224609375
2025-04-07,423.69000244140625,420.74774169921875
2025-04-08,416.05999755859375,413.1707458496094
2025-04-09,466.0,462.763916015625
2025-04-10,446.17999267578125,443.08154296875
2025-04-11,454.3999938964844,451.24444580078125
2025-04-14,457.4800109863281,454.3031005859375
2025-04-15,457.989990234375,454.8096008300781
2025-04-16,444.17999267578125,441.0954284667969
2025-04-17,444.1000061035156,441.0159912109375
2025-04-21,433.1099853515625,430.1023254394531
2025-04-22,444.4800109863281,441.3933410644531
2025-04-23,454.55999755859375,451.4033508300781
2025-04-24,467.3500061035156,464.1045837402344
2025-04-25,472.55999755859375,469.2784118652344
2025-04-28,472.4100036621094,469.1294250488281
2025-04-29,475.5299987792969,472.22772216796875
2025-04-30,475.4700012207031,472.1681213378906
2025-05-01,481.67999267578125,478.33502197265625
2025-05-02,488.8299865722656,485.4353942871094
2025-05-05,485.92999267578125,482.5555114746094
2025-05-06,481.4100036621094,478.0669250488281
2025-05-07,483.29998779296875,479.94378662109375
2025-05-08,488.2900085449219,484.89910888671875
2025-05-09,487.9700012207031,484.5813903808594
2025-05-12,507.8500061035156,504.3232727050781
2025-05-13,515.5900268554688,512.0096435546875
2025-05-14,518.6799926757812,515.0780639648438
2025-05-15,519.25,515.6441650390625
2025-05-16,521.510009765625,517.8884887695312
2025-05-19,522.010009765625,518.3848876953125
2025-05-20,520.27001953125,516.6570434570312
2025-05-21,513.0399780273438,509.477294921875
2025-05-22,514.0,510.4306335449219
2025-05-23,509.239990234375,505.7036437988281
2025-05-27,521.219970703125,517.6004638671875
2025-05-28,518.9099731445312,515.3064575195312
2025-05-29,519.9299926757812,516.3193969726562
2025-05-30,519.1099853515625,515.5050659179688
2025-06-02,523.2100219726562,519.5767211914062
2025-06-03,527.2999877929688,523.6381225585938
2025-06-04,528.77001953125,525.0980834960938
2025-06-05,524.7899780273438,521.1456298828125
2025-06-06,529.9199829101562,526.239990234375
2025-06-09,530.7000122070312,527.0145874023438
2025-06-10,534.2100219726562,530.5003662109375
2025-06-11,532.4099731445312,528.7127075195312
2025-06-12,533.6599731445312,529.9540405273438
2025-06-13,526.9600219726562,523.3005981445312
2025-06-16,534.2899780273438,530.5796508789062
2025-06-17,529.0800170898438,525.4059448242188
2025-06-18,528.989990234375,525.3164672851562
2025-06-20,526.8300170898438,523.1715087890625
2025-06-23,531.6500244140625,528.551025390625
2025-06-24,539.780029296875,536.6336059570312
2025-06-25,541.1599731445312,538.0054321289062
2025-06-26,546.219970703125,543.0360107421875
2025-06-27,548.0900268554688,544.8951416015625
2025-06-30,551.6400146484375,548.4244384765625
2025-07-01,546.989990234375,543.8015747070312
2025-07-02,550.7999877929688,547.5892944335938
2025-07-03,556.219970703125,552.9777221679688
2025-07-07,552.030029296875,548.8121948242188
2025-07-08,552.3400268554688,549.1204833984375
2025-07-09,556.25,553.007568359375
2025-07-10,555.4500122070312,552.2122802734375
2025-07-11,554.2000122070312,550.969482421875
2025-07-14,556.2100219726562,552.9678344726562
2025-07-15,556.719970703125,553.4747924804688
2025-07-16,557.2899780273438,554.0415649414062
2025-07-17,561.7999877929688,558.5252075195312
2025-07-18,561.260009765625,557.9884033203125
2025-07-21,564.1699829101562,560.8814086914062
2025-07-22,561.25,557.9784545898438
2025-07-23,563.8099975585938,560.5235595703125
2025-07-24,565.010009765625,561.7164916992188
2025-07-25,566.3699951171875,563.0685424804688
2025-07-28,568.1400146484375,564.8283081054688
2025-07-29,567.260009765625,563.9534301757812
2025-07-30,568.02001953125,564.7089233398438
2025-07-31,565.010009765625,561.7164916992188
2025-08-01,553.8800048828125,550.6514282226562
2025-08-04,564.0999755859375,560.8118286132812
2025-08-05,560.27001953125,557.0042114257812
2025-08-06,567.3200073242188,564.0131225585938
2025-08-07,569.239990234375,565.921875
2025-08-08,574.5499877929688,571.2008666992188
2025-08-11,572.8499755859375,569.5108032226562
2025-08-12,580.0499877929688,576.6688842773438
2025-08-13,580.3400268554688,576.9571533203125
2025-08-14,579.8900146484375,576.509765625
2025-08-15,577.3400268554688,573.9746704101562
2025-08-18,577.1099853515625,573.7459716796875
2025-08-19,569.280029296875,565.9616088867188
2025-08-20,565.9000244140625,562.601318359375
2025-08-21,563.280029296875,559.9967041015625
2025-08-22,571.969970703125,568.6360473632812
2025-08-25,570.3200073242188,566.99560546875
2025-08-26,572.6099853515625,569.2721557617188
2025-08-27,573.489990234375,570.1470947265625
2025-08-28,577.0800170898438,573.7161254882812
2025-08-29,570.4000244140625,567.0751342773438
2025-09-02,565.6199951171875,562.3230590820312
2025-09-03,570.0700073242188,566.7470703125
2025-09-04,575.22998046875,571.8768920898438
2025-09-05,576.0599975585938,572.7020874023438
2025-09-08,578.8699951171875,575.4957275390625
2025-09-09,580.510009765625,577.1260986328125
2025-09-10,580.7000122070312,577.3151245117188
2025-09-11,584.0800170898438,580.6753540039062
2025-09-12,586.6599731445312,583.2402954101562
2025-09-15,591.6799926757812,588.2310791015625
2025-09-16,591.1799926757812,587.73388671875
2025-09-17,590.0,586.5608520507812
2025-09-18,595.3200073242188,591.8499145507812
2025-09-19,599.3499755859375,595.8563232421875
2025-09-22,602.2000122070312,599.3837890625
2025-09-23,598.2000122070312,595.4025268554688
2025-09-24,596.0999755859375,593.3123779296875
2025-09-25,593.530029296875,590.75439453125
2025-09-26,595.969970703125,593.182861328125
2025-09-29,598.72998046875,595.9299926757812
2025-09-30,600.3699951171875,597.5623779296875
2025-10-01,603.25,600.4288330078125
2025-10-02,605.72998046875,602.897216796875
2025-10-03,603.1799926757812,600.3592529296875
2025-10-06,607.7100219726562,604.8680419921875
2025-10-07,604.510009765625,601.6829833984375
2025-10-08,611.4400024414062,608.5805053710938
2025-10-09,610.7000122070312,607.8441162109375
2025-10-10,589.5,586.7431640625
2025-10-13,602.010009765625,599.1947021484375
2025-10-14,598.0,595.2034301757812
2025-10-15,602.219970703125,599.4036865234375
2025-10-16,599.989990234375,597.1841430664062
2025-10-17,603.9299926757812,601.1056518554688
2025-10-20,611.5399780273438,608.6801147460938
2025-10-21,611.3800048828125,608.5208740234375
2025-10-22,605.489990234375,602.6583862304688
2025-10-23,610.5800170898438,607.724609375
2025-10-24,617.0999755859375,614.2140502929688
2025-10-27,628.0900268554688,625.15283203125
2025-10-28,632.9199829101562,629.9600830078125
2025-10-29,635.77001953125,632.7968139648438
2025-10-30,626.0499877929688,623.1221923828125
2025-10-31,629.0700073242188,626.128173828125
2025-11-03,632.0800170898438,629.1240844726562
2025-11-04,619.25,616.35400390625
2025-11-05,623.280029296875,620.3652954101562
2025-11-06,611.6699829101562,608.8095092773438
2025-11-07,609.739990234375,606.8884887695312
2025-11-10,623.22998046875,620.3154296875
2025-11-11,621.5700073242188,618.6632690429688
2025-11-12,621.0800170898438,618.1754760742188
2025-11-13,608.4000244140625,605.5548095703125
2025-11-14,608.8599853515625,606.0126953125
2025-11-17,603.6599731445312,600.8369750976562
2025-11-18,596.3099975585938,593.5213012695312
2025-11-19,599.8699951171875,597.0646362304688
2025-11-20,585.6699829101562,582.9310913085938
2025-11-21,590.0700073242188,587.3104858398438
2025-11-24,605.1599731445312,602.3298950195312
2025-11-25,608.8900146484375,606.0425415039062
2025-11-26,614.27001953125,611.3973999023438
2025-11-28,619.25,616.35400390625
2025-12-01,617.1699829101562,614.2837524414062
2025-12-02,622.0,619.0911254882812
2025-12-03,623.52001953125,620.6041259765625
2025-12-04,622.9400024414062,620.0267944335938
2025-12-05,625.47998046875,622.5548706054688
2025-12-08,624.280029296875,621.360595703125
2025-12-09,625.0499877929688,622.1268310546875
2025-12-10,627.6099853515625,624.6749877929688
2025-12-11,625.5800170898438,622.6544799804688
2025-12-12,613.6199951171875,610.7503662109375
2025-12-15,610.5399780273438,607.6847534179688
2025-12-16,611.75,608.88916015625
2025-12-17,600.4099731445312,597.6021118164062
2025-12-18,609.1099853515625,606.2614135742188
2025-12-19,617.0499877929688,614.1643676757812
2025-12-22,619.2100219726562,617.1083374023438
2025-12-23,622.1099853515625,619.9984130859375
2025-12-24,623.9299926757812,621.812255859375
2025-12-26,623.8900146484375,621.7723999023438
2025-12-29,620.8699951171875,618.7626953125
2025-12-30,619.4299926757812,617.3275146484375
2025-12-31,614.3099975585938,612.2249145507812
2026-01-02,613.1199951171875,611.0390014648438
2026-01-05,617.989990234375,615.8924560546875
2026-01-06,623.4199829101562,621.303955078125
2026-01-07,624.02001953125,621.9020385742188
2026-01-08,620.469970703125,618.3639526367188
2026-01-09,626.6500244140625,624.5230102539062
2026-01-12,627.1699829101562,625.041259765625
2026-01-13,626.239990234375,624.1144409179688
2026-01-14,619.5499877929688,617.4471435546875
2026-01-15,621.780029296875,619.6696166992188
2026-01-16,621.260009765625,619.1513671875
2026-01-20,608.0599975585938,605.9961547851562
2026-01-21,616.280029296875,614.188232421875
2026-01-22,620.760009765625,618.6530151367188
2026-01-23,622.719970703125,620.6063842773438
2026-01-26,625.4600219726562,623.3370971679688
2026-01-27,631.1300048828125,628.9878540039062
2026-01-28,633.219970703125,631.0706787109375
2026-01-29,629.4299926757812,627.2936401367188
2026-01-30,621.8699951171875,619.75927734375
2026-02-02,626.1400146484375,624.0148315429688
2026-02-03,616.52001953125,614.4274291992188
2026-02-04,605.75,603.6939697265625
2026-02-05,597.030029296875,595.003662109375
2026-02-06,609.6500244140625,607.5807495117188
2026-02-09,614.3200073242188,612.2349243164062
2026-02-10,611.469970703125,609.3945922851562
2026-02-11,613.1099853515625,611.0289916992188
2026-02-12,600.6400146484375,598.601318359375
2026-02-13,601.9199829101562,599.876953125
2026-02-17,601.2999877929688,599.259033203125
2026-02-18,605.7899780273438,603.7338256835938
2026-02-19,603.469970703125,601.4216918945312
2026-02-20,608.8099975585938,606.74365234375
2026-02-23,601.4099731445312,599.36865234375
2026-02-24,607.8699951171875,605.8067626953125
2026-02-25,616.6799926757812,614.5868530273438
2026-02-26,609.239990234375,607.1721801757812
2026-02-27,607.2899780273438,605.228759765625
2026-03-02,608.0900268554688,606.0260009765625
2026-03-03,601.5800170898438,599.5381469726562
2026-03-04,610.75,608.6770629882812
2026-03-05,608.9099731445312,606.8432006835938
2026-03-06,599.75,597.7142944335938
2026-03-09,607.760009765625,605.6971435546875
2026-03-10,607.77001953125,605.7071533203125
2026-03-11,607.6900024414062,605.62744140625
2026-03-12,597.260009765625,595.2328491210938
2026-03-13,593.719970703125,591.7047729492188
2026-03-16,600.3800048828125,598.3422241210938
2026-03-17,603.3099975585938,601.2622680664062
2026-03-18,594.9000244140625,592.880859375
2026-03-19,593.02001953125,591.0072021484375
2026-03-20,582.0599975585938,580.0844116210938
2026-03-23,588.0,586.7431640625
2026-03-24,583.97998046875,582.731689453125
2026-03-25,587.8200073242188,586.5635375976562
2026-03-26,573.7899780273438,572.5634765625
2026-03-27,562.5800170898438,561.37744140625
2026-03-30,558.280029296875,557.0867309570312
2026-03-31,577.1799926757812,575.9462280273438
2026-04-01,584.3099975585938,583.06103515625
2026-04-02,584.97998046875,583.7295532226562
2026-04-06,588.5,587.2420654296875
2026-04-07,588.5900268554688,587.3319091796875
2026-04-08,606.0900268554688,604.7944946289062
2026-04-09,610.1900024414062,608.8856811523438
2026-04-10,611.0700073242188,609.7637939453125
2026-04-13,617.3900146484375,616.0703735351562
2026-04-14,628.5999755859375,627.2562866210938
2026-04-15,637.4000244140625,636.0375366210938
2026-04-16,640.469970703125,639.1009521484375
2026-04-17,648.8499755859375,647.4630126953125
2026-04-20,646.7899780273438,645.4074096679688
2026-04-21,644.3300170898438,642.9527587890625
2026-04-22,655.1099853515625,653.7096557617188
2026-04-23,651.4199829101562,650.0275268554688
2026-04-24,663.8800048828125,662.4609375
2026-04-27,664.22998046875,662.8101806640625
2026-04-28,657.5499877929688,656.1444702148438
2026-04-29,661.5700073242188,660.1558837890625
2026-04-30,667.739990234375,666.3126831054688
2026-05-01,674.1500244140625,672.7090454101562
2026-05-04,672.8800048828125,671.4417114257812
2026-05-05,681.6099853515625,680.1530151367188
2026-05-06,695.77001953125,694.2827758789062
2026-05-07,694.9400024414062,693.4545288085938
2026-05-08,711.22998046875,709.709716796875
2026-05-11,713.2899780273438,711.7653198242188
2026-05-12,707.239990234375,705.7282104492188
2026-05-13,714.7100219726562,713.1823120117188
2026-05-14,719.7899780273438,718.2514038085938
2026-05-15,708.9299926757812,707.4146118164062
2026-05-18,705.8800048828125,704.3711547851562
2026-05-19,701.530029296875,700.030517578125
2026-05-20,713.1500244140625,711.6256103515625
2026-05-21,714.510009765625,712.9827270507812
2026-05-22,717.5399780273438,716.0062255859375
2026-05-26,730.280029296875,728.718994140625
2026-05-27,729.4500122070312,727.8907470703125
2026-05-28,735.5999755859375,734.0276489257812
2026-05-29,738.3099975585938,736.7318115234375
2026-06-01,742.739990234375,741.15234375
2026-06-02,746.1599731445312,744.5650024414062
2026-06-03,744.2100219726562,742.6192626953125
2026-06-04,740.6099853515625,739.0269165039062
2026-06-05,705.0599975585938,703.5528564453125
2026-06-08,716.0700073242188,714.5394287109375
2026-06-09,707.8300170898438,706.3170166015625
2026-06-10,693.6900024414062,692.2072143554688
2026-06-11,717.1199951171875,715.587158203125
2026-06-12,721.3400268554688,719.7981567382812
2026-06-15,744.0,742.40966796875
2026-06-16,729.8599853515625,728.2998657226562
2026-06-17,722.510009765625,720.9656372070312
2026-06-18,740.6199951171875,739.0369262695312
2026-06-22,737.9500122070312,737.1818237304688
2026-06-23,713.6500244140625,712.9071655273438
2026-06-24,710.6199951171875,709.8803100585938
2026-06-25,716.3800048828125,715.63427734375
2026-06-26,706.52001953125,705.7846069335938
2026-06-29,724.0800170898438,723.3262939453125
2026-06-30,736.4000244140625,735.6334838867188
2026-07-01,725.1699829101562,724.4151000976562
2026-07-02,712.5999755859375,711.8582153320312
2026-07-06,722.8200073242188,722.067626953125
2026-07-07,709.4299926757812,708.6915283203125
2026-07-08,711.4400024414062,710.699462890625
2026-07-09,723.280029296875,722.5271606445312
2026-07-10,725.510009765625,724.7548217773438
2026-07-13,711.739990234375,710.9990844726562
2026-07-14,719.6900024414062,718.9408569335938
2026-07-15,717.739990234375,716.9928588867188
2026-07-16,705.9400024414062,705.2051391601562
2026-07-17,695.3300170898438,694.606201171875
2026-07-20,696.0599975585938,695.33544921875
2026-07-21,708.969970703125,708.2319946289062
2026-07-22,705.3499755859375,704.61572265625
2026-07-23,691.9600219726562,691.23974609375
2026-07-24,684.22998046875,683.5177612304688
2026-07-27,682.1199951171875,681.4099731445312
2026-07-28,675.489990234375,674.786865234375
2026-07-29,661.72998046875,661.0411376953125
2026-07-30,683.5499877929688,682.8384399414062
2026-07-31,687.989990234375,687.2738647460938
2026-08-03,700.0700073242188,699.34130859375
2026-08-04,723.8499755859375,723.0964965820312
2026-08-05,717.2999877929688,716.5533447265625
2026-08-06,714.6500244140625,713.9061279296875
2026-08-07,723.030029296875,722.2774047851562
2026-08-10,720.8699951171875,720.11962890625
2026-08-11,718.4500122070312,717.7021484375
2026-08-12,723.7000122070312,722.9467163085938
2026-08-13,732.0700073242188,731.3079833984375
2026-08-14,731.0700073242188,730.3090209960938
2026-08-17,729.8699951171875,729.1102294921875
2026-08-18,717.510009765625,716.7631225585938
2026-08-19,716.0800170898438,715.3345947265625
2026-08-20,710.9299926757812,710.18994140625
2026-08-21,713.4400024414062,712.6973876953125
2026-08-24,706.3200073242188,705.5847778320312
2026-08-25,710.719970703125,709.9801635742188
2026-08-26,711.3699951171875,710.6295166015625
2026-08-27,721.1099853515625,720.359375
2026-08-28,716.4299926757812,715.6842651367188
2026-08-31,716.760009765625,716.013916015625
2026-09-01,707.6400146484375,706.9033813476562
2026-09-02,709.239990234375,708.501708984375
2026-09-03,717.6699829101562,716.9229125976562
2026-09-04,718.9600219726562,718.2116088867188
2026-09-08,718.3599853515625,717.6122436523438
2026-09-09,716.3099975585938,715.5643920898438
2026-09-10,708.6900024414062,707.9523315429688
2026-09-11,714.8800048828125,714.1358642578125
2026-09-14,709.1799926757812,708.4417724609375
2026-09-15,704.5399780273438,703.8065795898438
2026-09-16,704.719970703125,703.9863891601562
2026-09-17,716.9199829101562,716.1737060546875
2026-09-18,721.4500122070312,720.6990356445312
2026-09-21,741.469970703125,741.469970703125
2026-09-22,747.4600219726562,747.4600219726562
2026-09-23,741.2100219726562,741.2100219726562
2026-09-24,741.0999755859375,741.0999755859375
2026-09-25,744.5,744.5
2026-09-28,736.530029296875,736.530029296875
2026-09-29,737.9299926757812,737.9299926757812
2026-09-30,739.77001953125,739.77001953125
2026-10-01,742.030029296875,742.030029296875
2026-10-02,749.5800170898438,749.5800170898438
2026-10-05,756.2000122070312,756.2000122070312
2026-10-06,759.6599731445312,759.6599731445312
