Date,Close,AdjClose
2010-02-11,0.21627600491046906,0.2051851600408554
2010-02-12,0.21716099977493286,0.20602479577064514
2010-02-16,0.22557300329208374,0.21400542557239532
2010-02-17,0.22940100729465485,0.21763713657855988
2010-02-18,0.23375000059604645,0.22176308929920197
2010-02-19,0.23375000059604645,0.22176308929920197
2010-02-22,0.23210899531841278,0.22020623087882996
2010-02-23,0.22304700314998627,0.21160896122455597
2010-02-24,0.22979199886322021,0.21800804138183594
2010-02-25,0.2296610027551651,0.21788378059864044
2010-02-26,0.2325260043144226,0.22060184180736542
2010-03-01,0.24250000715255737,0.23006439208984375
2010-03-02,0.2439579963684082,0.23144760727882385
2010-03-03,0.24531300365924835,0.2327331304550171
2010-03-04,0.24802100658416748,0.23530228435993195
2010-03-05,0.2589839994907379,0.2457031011581421
2010-03-08,0.26036500930786133,0.24701327085494995
2010-03-09,0.2649739980697632,0.2513858377933502
2010-03-10,0.2714579999446869,0.2575373649597168
2010-03-11,0.2739579975605011,0.25990915298461914
2010-03-12,0.27458301186561584,0.2605021595954895
2010-03-15,0.27273398637771606,0.258747935295105
2010-03-16,0.27789101004600525,0.26364055275917053
2010-03-17,0.27981799840927124,0.26546865701675415
2010-03-18,0.2826560139656067,0.26816120743751526
2010-03-19,0.2776559889316559,0.2634175419807434
2010-03-22,0.2851560115814209,0.27053284645080566
2010-03-23,0.2911199927330017,0.2761911153793335
2010-03-24,0.28697898983955383,0.2722623944282532
2010-03-25,0.28518199920654297,0.2705576717853546
2010-03-26,0.28666698932647705,0.27196642756462097
2010-03-29,0.29059898853302,0.2756968140602112
2010-03-30,0.2936460077762604,0.27858757972717285
2010-03-31,0.28968799114227295,0.2748325765132904
2010-04-01,0.2891150116920471,0.2742888927459717
2010-04-05,0.2974739968776703,0.2822192907333374
2010-04-06,0.2997399866580963,0.2843690812587738
2010-04-07,0.2980470061302185,0.28276291489601135
2010-04-08,0.29911500215530396,0.28377607464790344
2010-04-09,0.30450499057769775,0.28888973593711853
2010-04-12,0.3057290017604828,0.2900508940219879
2010-04-13,0.3103390038013458,0.2944246232509613
2010-04-14,0.3212760090827942,0.30480068922042847
2010-04-15,0.32557299733161926,0.30887728929519653
2010-04-16,0.3139840066432953,0.29788267612457275
2010-04-19,0.31349000334739685,0.29741397500038147
2010-04-20,0.31812500953674316,0.3018112778663635
2010-04-21,0.32372400164604187,0.3071231245994568
2010-04-22,0.32851600646972656,0.31166940927505493
2010-04-23,0.33286499977111816,0.3157954216003418
2010-04-26,0.330390989780426,0.3134482502937317
2010-04-27,0.3100000023841858,0.29410290718078613
2010-04-28,0.3107289969921112,0.29479455947875977
2010-04-29,0.3265889883041382,0.30984124541282654
2010-04-30,0.307343989610672,0.2915830910205841
2010-05-03,0.31989601254463196,0.3034914433956146
2010-05-04,0.29161500930786133,0.276660680770874
2010-05-05,0.28682300448417664,0.27211445569992065
2010-05-06,0.25872400403022766,0.24545641243457794
2010-05-07,0.2398959994316101,0.22759391367435455
2010-05-10,0.27567699551582336,0.261540025472641
2010-05-11,0.2754949927330017,0.2613673508167267
2010-05-12,0.29033899307250977,0.27545011043548584
2010-05-13,0.277213990688324,0.26299819350242615
2010-05-14,0.2601560056209564,0.24681495130062103
2010-05-17,0.26367199420928955,0.2501506805419922
2010-05-18,0.2535940110683441,0.2405894547700882
2010-05-19,0.2469010055065155,0.23423966765403748
2010-05-20,0.2219270020723343,0.2105463743209839
2010-05-21,0.22364600002765656,0.21217724680900574
2010-05-24,0.22549499571323395,0.21393142640590668
2010-05-25,0.2239059954881668,0.2124239206314087
2010-05-26,0.2169789969921112,0.20585210621356964
2010-05-27,0.24046899378299713,0.2281375229358673
2010-05-28,0.2371090054512024,0.22494982182979584
2010-06-01,0.2305469959974289,0.2187243402004242
2010-06-02,0.24677099287509918,0.2341163605451584
2010-06-03,0.2531769871711731,0.24019382894039154
2010-06-04,0.2281769961118698,0.21647584438323975
2010-06-07,0.21494799852371216,0.2039252668619156
2010-06-08,0.21375000476837158,0.20278871059417725
2010-06-09,0.2090359926223755,0.19831645488739014
2010-06-10,0.22638000547885895,0.21477103233337402
2010-06-11,0.23229199647903442,0.22037987411022186
2010-06-14,0.23242199420928955,0.22050319612026215
2010-06-15,0.2494010031223297,0.2366115301847458
2010-06-16,0.2544269859790802,0.24137970805168152
2010-06-17,0.25697898864746094,0.24380090832710266
2010-06-18,0.2576819956302643,0.24446789920330048
2010-06-21,0.25091099739074707,0.23804409801959991
2010-06-22,0.24497400224208832,0.23241150379180908
2010-06-23,0.24169300496578217,0.22929874062538147
2010-06-24,0.22997400164604187,0.21818070113658905
2010-06-25,0.22981800138950348,0.21803271770477295
2010-06-28,0.22776000201702118,0.21608026325702667
2010-06-29,0.20234400033950806,0.19196762144565582
2010-06-30,0.19234399497509003,0.18248040974140167
2010-07-01,0.19046899676322937,0.1807015836238861
2010-07-02,0.18942700326442719,0.17971299588680267
2010-07-06,0.19041700661182404,0.18065226078033447
2010-07-07,0.20841099321842194,0.19772350788116455
2010-07-08,0.21192699670791626,0.2010592222213745
2010-07-09,0.2178650051355362,0.2066926807165146
2010-07-12,0.22033900022506714,0.2090398222208023
2010-07-13,0.22786499559879303,0.21617990732192993
2010-07-14,0.2315099984407425,0.21963798999786377
2010-07-15,0.2323179990053177,0.2204045057296753
2010-07-16,0.21362000703811646,0.20266540348529816
2010-07-19,0.21843799948692322,0.20723631978034973
2010-07-20,0.22533899545669556,0.2137834131717682
2010-07-21,0.21744799613952637,0.20629705488681793
2010-07-22,0.23210899531841278,0.22020623087882996
2010-07-23,0.23815099895000458,0.22593837976455688
2010-07-26,0.24338500201702118,0.2309040129184723
2010-07-27,0.24333299696445465,0.23085467517375946
2010-07-28,0.2383590042591095,0.2261357605457306
2010-07-29,0.232682004570961,0.2207498699426651
2010-07-30,0.23427100479602814,0.22225739061832428
2010-08-02,0.24687500298023224,0.23421506583690643
2010-08-03,0.2443230003118515,0.23179391026496887
2010-08-04,0.25137999653816223,0.2384890466928482
2010-08-05,0.24989600479602814,0.2370811104774475
2010-08-06,0.24872399866580963,0.23596923053264618
2010-08-09,0.2530730068683624,0.24009519815444946
2010-08-10,0.24770799279212952,0.23500530421733856
2010-08-11,0.22731800377368927,0.215660959482193
2010-08-12,0.22091099619865417,0.20958249270915985
2010-08-13,0.21650999784469604,0.20540715754032135
2010-08-16,0.21773399412631989,0.2065683901309967
2010-08-17,0.22601599991321564,0.2144256830215454
2010-08-18,0.22804699838161469,0.21635253727436066
2010-08-19,0.21966099739074707,0.20839659869670868
2010-08-20,0.2189060002565384,0.20768031477928162
2010-08-23,0.21286499500274658,0.20194905996322632
2010-08-24,0.20065100491046906,0.19036144018173218
2010-08-25,0.2066670060157776,0.1960689127445221
2010-08-26,0.19992199540138245,0.18966983258724213
2010-08-27,0.20653599500656128,0.1959446370601654
2010-08-30,0.19984400272369385,0.18959583342075348
2010-08-31,0.198853999376297,0.18865659832954407
2010-09-01,0.21552099287509918,0.20446889102458954
2010-09-02,0.22291700541973114,0.2114856243133545
2010-09-03,0.23427100479602814,0.22225739061832428
2010-09-07,0.22856800258159637,0.21684685349464417
2010-09-08,0.23664100468158722,0.22450581192970276
2010-09-09,0.23963500559329987,0.22734631597995758
2010-09-10,0.24221399426460266,0.22979304194450378
2010-09-13,0.25289100408554077,0.23992252349853516
2010-09-14,0.2560940086841583,0.24296130239963531
2010-09-15,0.2604430019855499,0.2470872551202774
2010-09-16,0.26411500573158264,0.2505709230899811
2010-09-17,0.26692700386047363,0.253238707780838
2010-09-20,0.28083300590515137,0.266431599855423
2010-09-21,0.27994799613952637,0.2655920088291168
2010-09-22,0.27862000465393066,0.264332115650177
2010-09-23,0.277785986661911,0.2635408341884613
2010-09-24,0.29351601004600525,0.27846425771713257
2010-09-27,0.2901560068130493,0.2752765715122223
2010-09-28,0.29088500142097473,0.2759682238101959
2010-09-29,0.2885420024394989,0.2737453579902649
2010-09-30,0.2846350073814392,0.2700386345386505
2010-10-01,0.2837499976158142,0.26919904351234436
2010-10-04,0.27390599250793457,0.2598598897457123
2010-10-05,0.2942970097064972,0.27920523285865784
2010-10-06,0.2867969870567322,0.27208977937698364
2010-10-07,0.28960898518562317,0.2747575342655182
2010-10-08,0.29544299840927124,0.2802923917770386
2010-10-11,0.29604199528694153,0.2808607518672943
2010-10-12,0.3021880090236664,0.2866915762424469
2010-10-13,0.30953100323677063,0.29365798830986023
2010-10-14,0.30781298875808716,0.2920280992984772
2010-10-15,0.3274480104446411,0.31065618991851807
2010-10-18,0.3274480104446411,0.31065618991851807
2010-10-19,0.314426988363266,0.29830285906791687
2010-10-20,0.3209640085697174,0.30450475215911865
2010-10-21,0.3232029974460602,0.30662888288497925
2010-10-22,0.32950499653816223,0.31260767579078674
2010-10-25,0.33450499176979065,0.3173512816429138
2010-10-26,0.3365100026130676,0.31925350427627563
2010-10-27,0.33997398614883423,0.3225398063659668
2010-10-28,0.3419269919395447,0.3243926167488098
2010-10-29,0.340285986661911,0.322835773229599
2010-11-01,0.34106799960136414,0.3235778212547302
2010-11-02,0.3514060080051422,0.3333855867385864
2010-11-03,0.35648399591445923,0.33820316195487976
2010-11-04,0.3691149950027466,0.35018646717071533
2010-11-05,0.3695569932460785,0.35060572624206543
2010-11-08,0.3704949915409088,0.35149574279785156
2010-11-09,0.36450499296188354,0.3458128273487091
2010-11-10,0.3700779974460602,0.35109999775886536
2010-11-11,0.36385399103164673,0.3451952338218689
2010-11-12,0.34533900022506714,0.3276297152042389
2010-11-15,0.34164100885391235,0.324121356010437
2010-11-16,0.32468798756599426,0.30803772807121277
2010-11-17,0.3277600109577179,0.3109522759914398
2010-11-18,0.3429949879646301,0.32540586590766907
2010-11-19,0.34380200505256653,0.32617154717445374
2010-11-22,0.3528650104999542,0.3347697854042053
2010-11-23,0.33619800209999084,0.31895744800567627
2010-11-24,0.3558329939842224,0.33758553862571716
2010-11-26,0.35359400510787964,0.3354613780975342
2010-11-29,0.3486720025539398,0.3307918310165405
2010-11-30,0.3354170024394989,0.31821656227111816
2010-12-01,0.35674500465393066,0.3384508192539215
2010-12-02,0.36757799983024597,0.348728209733963
2010-12-03,0.3706510066986084,0.3516436517238617
2010-12-06,0.3700000047683716,0.35102611780166626
2010-12-07,0.3703390061855316,0.3513477146625519
2010-12-08,0.37546899914741516,0.35621461272239685
2010-12-09,0.37585899233818054,0.3565846383571625
2010-12-10,0.38374999165534973,0.36407098174095154
2010-12-13,0.37924501299858093,0.35979700088500977
2010-12-14,0.3808329999446869,0.36130353808403015
2010-12-15,0.37695300579071045,0.3576224744319916
2010-12-16,0.3848179876804352,0.3650842308998108
2010-12-17,0.3859899938106537,0.3661961257457733
2010-12-20,0.3870309889316559,0.3671836853027344
2010-12-21,0.3934110105037689,0.3732365369796753
2010-12-22,0.39382800459861755,0.3736321032047272
2010-12-23,0.3908329904079437,0.3707907497882843
2010-12-27,0.3909899890422821,0.3709397315979004
2010-12-28,0.3892970085144043,0.36933356523513794
2010-12-29,0.39161500334739685,0.3715326189994812
2010-12-30,0.38867199420928955,0.3687404990196228
2010-12-31,0.3851040005683899,0.365355521440506
2011-01-03,0.4025000035762787,0.3818594217300415
2011-01-04,0.40187498927116394,0.3812664747238159
2011-01-05,0.4118489921092987,0.39072903990745544
2011-01-06,0.41557300090789795,0.3942619860172272
2011-01-07,0.41460898518562317,0.39334744215011597
2011-01-10,0.41927099227905273,0.3977704346179962
2011-01-11,0.4211980104446411,0.399598628282547
2011-01-12,0.4297400116920471,0.40770259499549866
2011-01-13,0.4310939908027649,0.4089871048927307
2011-01-14,0.4404430091381073,0.41785669326782227
2011-01-18,0.44395801424980164,0.42119142413139343
2011-01-19,0.4290890097618103,0.40708500146865845
2011-01-20,0.4194529950618744,0.39794304966926575
2011-01-21,0.4098699986934662,0.388851523399353
2011-01-24,0.4267970025539398,0.40491050481796265
2011-01-25,0.4282810091972351,0.4063183665275574
2011-01-26,0.4349220097064972,0.4126189351081848
2011-01-27,0.4433070123195648,0.42057377099990845
2011-01-28,0.4098699986934662,0.388851523399353
2011-01-31,0.41593798995018005,0.3946082890033722
2011-02-01,0.4390360116958618,0.416521817445755
2011-02-02,0.4370569884777069,0.414644330739975
2011-02-03,0.4387499988079071,0.41625046730041504
2011-02-04,0.44666698575019836,0.4237615466117859
2011-02-07,0.45315098762512207,0.4299129247665405
2011-02-08,0.46281298995018005,0.43907952308654785
2011-02-09,0.46000000834465027,0.4364107847213745
2011-02-10,0.4622400104999542,0.4385358393192291
2011-02-11,0.47171899676322937,0.44752877950668335
2011-02-14,0.47468799352645874,0.45034554600715637
2011-02-15,0.4734640121459961,0.4491842985153198
2011-02-16,0.4822140038013458,0.4574856758117676
2011-02-17,0.4817970097064972,0.4570900499820709
2011-02-18,0.4790630042552948,0.45449623465538025
2011-02-22,0.43687498569488525,0.41447165608406067
2011-02-23,0.4260939955711365,0.4042435586452484
2011-02-24,0.43216100335121155,0.40999945998191833
2011-02-25,0.4506770074367523,0.42756593227386475
2011-02-28,0.45395800471305847,0.43067866563796997
2011-03-01,0.4321349859237671,0.40997475385665894
2011-03-02,0.4382289946079254,0.4157562553882599
2011-03-03,0.46437498927116394,0.4405613839626312
2011-03-04,0.45750001072883606,0.4340389668941498
2011-03-07,0.4392710030078888,0.41674482822418213
2011-03-08,0.4438540041446686,0.4210927486419678
2011-03-09,0.43489599227905273,0.41259410977363586
2011-03-10,0.41499999165534973,0.393718421459198
2011-03-11,0.42192700505256653,0.40029019117355347
2011-03-14,0.4178130030632019,0.3963872194290161
2011-03-15,0.4007290005683899,0.38017937541007996
2011-03-16,0.3713020086288452,0.3522612750530243
2011-03-17,0.38098999857902527,0.36145246028900146
2011-03-18,0.3789060115814209,0.35947534441947937
2011-03-21,0.400052011013031,0.3795369863510132
2011-03-22,0.3989579975605011,0.3784990608692169
2011-03-23,0.4050000011920929,0.38423123955726624
2011-03-24,0.427031010389328,0.4051325023174286
2011-03-25,0.43015599250793457,0.40809720754623413
2011-03-28,0.42286500334739685,0.40118008852005005
2011-03-29,0.4350000023841858,0.4126927852630615
2011-03-30,0.4414060115814209,0.41877028346061707
2011-03-31,0.44328099489212036,0.4205491244792938
2011-04-01,0.44395801424980164,0.42119142413139343
2011-04-04,0.4399479925632477,0.41738706827163696
2011-04-05,0.43494799733161926,0.41264355182647705
2011-04-06,0.4382289946079254,0.4157562553882599
2011-04-07,0.43812501430511475,0.41565755009651184
2011-04-08,0.43156298995018005,0.4094320237636566
2011-04-11,0.42765599489212036,0.4057253897190094
2011-04-12,0.4192189872264862,0.3977210521697998
2011-04-13,0.42921900749206543,0.40720832347869873
2011-04-14,0.4268749952316284,0.4049844443798065
2011-04-15,0.42411500215530396,0.4023660123348236
2011-04-18,0.41593798995018005,0.3946082890033722
2011-04-19,0.42343801259994507,0.40172380208969116
2011-04-20,0.45161500573158264,0.42845582962036133
2011-04-21,0.4630729854106903,0.43932613730430603
2011-04-25,0.46650999784469604,0.44258689880371094
2011-04-26,0.47453099489212036,0.45019665360450745
2011-04-27,0.484375,0.4595358669757843
2011-04-28,0.4836460053920746,0.4588441848754883
2011-04-29,0.4813019931316376,0.456620454788208
2011-05-02,0.4786979854106903,0.4541500210762024
2011-05-03,0.47150999307632446,0.4473305642604828
2011-05-04,0.46875,0.4447120428085327
2011-05-05,0.46171900629997253,0.43804168701171875
2011-05-06,0.4657289981842041,0.44184595346450806
2011-05-09,0.47078099846839905,0.44663888216018677
2011-05-10,0.48286500573158264,0.4581032991409302
2011-05-11,0.4724479913711548,0.44822049140930176
2011-05-12,0.4807809889316559,0.4561260938644409
2011-05-13,0.4637500047683716,0.4399684965610504
2011-05-16,0.4396350085735321,0.4170900583267212
2011-05-17,0.44322898983955383,0.4204998016357422
2011-05-18,0.454010009765625,0.43072792887687683
2011-05-19,0.4579170048236847,0.43443459272384644
2011-05-20,0.4478130042552948,0.424848735332489
2011-05-23,0.4283849895000458,0.40641704201698303
2011-05-24,0.4203130006790161,0.39875897765159607
2011-05-25,0.42500001192092896,0.4032055735588074
2011-05-26,0.43296900391578674,0.41076603531837463
2011-05-27,0.439426988363266,0.41689276695251465
2011-05-31,0.4605729877948761,0.43695440888404846
2011-06-01,0.4311459958553314,0.40903639793395996
2011-06-02,0.43364599347114563,0.41140830516815186
2011-06-03,0.41395801305770874,0.39272987842559814
2011-06-06,0.4039579927921295,0.3832426965236664
2011-06-07,0.4016149938106537,0.38101980090141296
2011-06-08,0.392969012260437,0.37281718850135803
2011-06-09,0.3946880102157593,0.37444809079170227
2011-06-10,0.37656301259994507,0.3572525382041931
2011-06-13,0.3768230080604553,0.35749924182891846
2011-06-14,0.3908329904079437,0.3707907497882843
2011-06-15,0.3694790005683899,0.35053175687789917
2011-06-16,0.3643229901790619,0.3456401526927948
2011-06-17,0.36161500215530396,0.34307098388671875
2011-06-20,0.36640599370002747,0.3476163446903229
2011-06-21,0.3908329904079437,0.3707907497882843
2011-06-22,0.38203099370002747,0.36244016885757446
2011-06-23,0.3926039934158325,0.372470885515213
2011-06-24,0.3719269931316376,0.35285425186157227
2011-06-27,0.38999998569488525,0.370000422000885
2011-06-28,0.4074999988079071,0.3866029977798462
2011-06-29,0.4126040041446686,0.39144524931907654
2011-06-30,0.4282810091972351,0.4063183665275574
2011-07-01,0.4481250047683716,0.4251447319984436
2011-07-05,0.45458298921585083,0.4312715530395508
2011-07-06,0.45942699909210205,0.4358671307563782
2011-07-07,0.4780209958553314,0.4535077214241028
2011-07-08,0.4740630090236664,0.44975268840789795
2011-07-11,0.44864600896835327,0.42563897371292114
2011-07-12,0.4377079904079437,0.4152619540691376
2011-07-13,0.4435420036315918,0.4207967519760132
2011-07-14,0.4282810091972351,0.4063183665275574
2011-07-15,0.4453130066394806,0.4224768877029419
2011-07-18,0.43796899914741516,0.41550958156585693
2011-07-19,0.46885401010513306,0.4448108673095703
2011-07-20,0.46229198575019836,0.4385852515697479
2011-07-21,0.47166699171066284,0.4474794864654541
2011-07-22,0.486301988363266,0.4613640010356903
2011-07-25,0.48343798518180847,0.45864686369895935
2011-07-26,0.48609399795532227,0.4611666202545166
2011-07-27,0.4492189884185791,0.42618265748023987
2011-07-28,0.45161500573158264,0.42845582962036133
2011-07-29,0.4472399950027466,0.42430514097213745
2011-08-01,0.4411979913711548,0.4185729920864105
2011-08-02,0.40770798921585083,0.3868003487586975
2011-08-03,0.4182809889316559,0.3968311548233032
2011-08-04,0.3613539934158325,0.34282347559928894
2011-08-05,0.35338500142097473,0.3352631628513336
2011-08-08,0.29130199551582336,0.2763637900352478
2011-08-09,0.3311980068683624,0.31421390175819397
2011-08-10,0.29213500022888184,0.2771540880203247
2011-08-11,0.32963499426841736,0.312730997800827
2011-08-12,0.33802101016044617,0.32068702578544617
2011-08-15,0.3526040017604828,0.3345221281051636
2011-08-16,0.3435420095920563,0.3259248435497284
2011-08-17,0.33796900510787964,0.32063767313957214
2011-08-18,0.28895801305770874,0.27414000034332275
2011-08-19,0.2727600038051605,0.258772611618042
2011-08-22,0.2752079963684082,0.26109516620635986
2011-08-23,0.3092710077762604,0.2934113144874573
2011-08-24,0.3165630102157593,0.30032941699028015
2011-08-25,0.30135399103164673,0.2859002649784088
2011-08-26,0.3231250047683716,0.3065549433231354
2011-08-29,0.35062500834465027,0.33264458179473877
2011-08-30,0.3577600121498108,0.3394137918949127
2011-08-31,0.35984399914741516,0.3413909077644348
2011-09-01,0.34968799352645874,0.33175572752952576
2011-09-02,0.32520800828933716,0.3085310757160187
2011-09-06,0.32515600323677063,0.30848172307014465
2011-09-07,0.34973999857902527,0.33180493116378784
2011-09-08,0.34489598870277405,0.32720932364463806
2011-09-09,0.32218798995018005,0.3056659400463104
2011-09-12,0.33427101373672485,0.3171292543411255
2011-09-13,0.34724000096321106,0.32943326234817505
2011-09-14,0.3622399866580963,0.3436640202999115
2011-09-15,0.3786979913711548,0.35927799344062805
2011-09-16,0.38859400153160095,0.36866655945777893
2011-09-19,0.3895829916000366,0.36960485577583313
2011-09-20,0.3840630054473877,0.36436793208122253
2011-09-21,0.364531010389328,0.3458375632762909
2011-09-22,0.3290629982948303,0.31218835711479187
2011-09-23,0.3393230140209198,0.32192227244377136
2011-09-26,0.350832998752594,0.3328419625759125
2011-09-27,0.3615629971027374,0.3430217504501343
2011-09-28,0.34453099966049194,0.3268630802631378
2011-09-29,0.334322988986969,0.3171786069869995
2011-09-30,0.30833300948143005,0.2925213873386383
2011-10-03,0.28416699171066284,0.2695946991443634
2011-10-04,0.3014580011367798,0.2859989106655121
2011-10-05,0.3243750035762787,0.3077407777309418
2011-10-06,0.34104201197624207,0.32355308532714844
2011-10-07,0.3340100049972534,0.3168816566467285
2011-10-10,0.3682810068130493,0.34939518570899963
2011-10-11,0.37614598870277405,0.3568568825721741
2011-10-12,0.38218799233436584,0.36258912086486816
2011-10-13,0.3924480080604553,0.3723229169845581
2011-10-14,0.4140630066394806,0.39282944798469543
2011-10-17,0.394896000623703,0.3746454119682312
2011-10-18,0.40921899676322937,0.38823390007019043
2011-10-19,0.3856250047683716,0.3658498227596283
2011-10-20,0.38072898983955383,0.3612048327922821
2011-10-21,0.39427098631858826,0.3740524351596832
2011-10-24,0.41890600323677063,0.3974240720272064
2011-10-25,0.39515599608421326,0.37489208579063416
2011-10-26,0.39359399676322937,0.373410165309906
2011-10-27,0.42531299591064453,0.40350252389907837
2011-10-28,0.4267190098762512,0.4048364758491516
2011-10-31,0.4055730104446411,0.3847748637199402
2011-11-01,0.37416699528694153,0.35497939586639404
2011-11-02,0.3833850026130676,0.3637246787548065
2011-11-03,0.40671899914741516,0.3858621120452881
2011-11-04,0.4004170000553131,0.3798832595348358
2011-11-07,0.4093230068683624,0.3883325457572937
2011-11-08,0.4229690134525299,0.4012787938117981
2011-11-09,0.3792189955711365,0.35977235436439514
2011-11-10,0.3776560127735138,0.3582894504070282
2011-11-11,0.39885398745536804,0.3784003257751465
2011-11-14,0.39208298921585083,0.37197667360305786
2011-11-15,0.4046880006790161,0.38393524289131165
2011-11-16,0.3847399950027466,0.36501026153564453
2011-11-17,0.3582809865474701,0.3399079740047455
2011-11-18,0.34968799352645874,0.33175572752952576
2011-11-21,0.3293749988079071,0.31248435378074646
2011-11-22,0.3322399854660034,0.3152024447917938
2011-11-23,0.310155987739563,0.2942509353160858
2011-11-25,0.3031249940395355,0.2875804305076599
2011-11-28,0.33442699909210205,0.31727728247642517
2011-11-29,0.32838499546051025,0.31154510378837585
2011-11-30,0.36442700028419495,0.34573882818222046
2011-12-01,0.37224000692367554,0.35315126180648804
2011-12-02,0.36869800090789795,0.34979087114334106
2011-12-05,0.38078099489212036,0.3612542450428009
2011-12-06,0.3778649866580963,0.3584877848625183
2011-12-07,0.37843799591064453,0.35903140902519226
2011-12-08,0.3591670095920563,0.3407485783100128
2011-12-09,0.3761979937553406,0.3569062054157257
2011-12-12,0.36385399103164673,0.3451952338218689
2011-12-13,0.3515630066394806,0.3335345983505249
2011-12-14,0.335207998752594,0.3180183172225952
2011-12-15,0.33260399103164673,0.31554779410362244
2011-12-16,0.33677101135253906,0.319501131772995
2011-12-19,0.3274480104446411,0.31065618991851807
2011-12-20,0.3565100133419037,0.33822789788246155
2011-12-21,0.3416669964790344,0.324146032333374
2011-12-22,0.3499999940395355,0.33205166459083557
2011-12-23,0.3590629994869232,0.34064993262290955
2011-12-27,0.3618229925632477,0.34326839447021484
2011-12-28,0.35020801424980164,0.33224907517433167
2011-12-29,0.357030987739563,0.3387220501899719
2011-12-30,0.35411500930786133,0.33595573902130127
2012-01-03,0.3742710053920746,0.3550781011581421
2012-01-04,0.3787499964237213,0.3593273460865021
2012-01-05,0.38807299733161926,0.3681722581386566
2012-01-06,0.39208298921585083,0.37197667360305786
2012-01-09,0.3888019919395447,0.36886388063430786
2012-01-10,0.39677101373672485,0.37642422318458557
2012-01-11,0.3995310068130493,0.3790426552295685
2012-01-12,0.4042710065841675,0.383539617061615
2012-01-13,0.39963498711586,0.37914136052131653
2012-01-17,0.4103649854660034,0.3893210291862488
2012-01-18,0.4266670048236847,0.40478718280792236
2012-01-19,0.4352079927921295,0.41289010643959045
2012-01-20,0.4332810044288635,0.41106197237968445
2012-01-23,0.433228999376297,0.4110126495361328
2012-01-24,0.43083301186561584,0.40873953700065613
2012-01-25,0.4472920000553131,0.4243544936180115
2012-01-26,0.44255200028419495,0.4198574721813202
2012-01-27,0.446927011013031,0.42400822043418884
2012-01-30,0.4476560056209564,0.4246997833251953
2012-01-31,0.4492189884185791,0.42618265748023987
2012-02-01,0.4602600038051605,0.4366573989391327
2012-02-02,0.4650000035762787,0.4411543607711792
2012-02-03,0.483489990234375,0.458696186542511
2012-02-06,0.48302099108695984,0.4582512378692627
2012-02-07,0.4851039946079254,0.46022742986679077
2012-02-08,0.49317699670791626,0.46788641810417175
2012-02-09,0.5041149854660034,0.4782635569572449
2012-02-10,0.49333301186561584,0.46803444623947144
2012-02-13,0.5066149830818176,0.48063531517982483
2012-02-14,0.5110419988632202,0.4848354160785675
2012-02-15,0.4996350109577179,0.47401317954063416
2012-02-16,0.5205209851264954,0.49382808804512024
2012-02-17,0.5160940289497375,0.48962825536727905
2012-02-21,0.5204690098762512,0.4937790036201477
2012-02-22,0.5135939717292786,0.48725658655166626
2012-02-23,0.5233330130577087,0.4964959919452667
2012-02-24,0.5284379720687866,0.5013392567634583
2012-02-27,0.5309900045394897,0.5037603378295898
2012-02-28,0.546875,0.5188307166099548
2012-02-29,0.539687991142273,0.5120123028755188
2012-03-01,0.5528129935264587,0.5244643092155457
2012-03-02,0.5511459708213806,0.5228826999664307
2012-03-05,0.5339580178260803,0.5065762400627136
2012-03-06,0.5186460018157959,0.49204936623573303
2012-03-07,0.5304170250892639,0.5032168030738831
2012-03-08,0.5472400188446045,0.5191771388053894
2012-03-09,0.5538539886474609,0.5254519581794739
2012-03-12,0.5547400116920471,0.5262923240661621
2012-03-13,0.5859900116920471,0.5559399127960205
2012-03-14,0.5925520062446594,0.5621653199195862
2012-03-15,0.5970829725265503,0.5664639472961426
2012-03-16,0.5957810282707214,0.5652288794517517
2012-03-19,0.6087499856948853,0.5775327086448669
2012-03-20,0.6120830178260803,0.5806947350502014
2012-03-21,0.6118749976158142,0.5804975032806396
2012-03-22,0.6081770062446594,0.5769890546798706
2012-03-23,0.6073439717292786,0.5761987566947937
2012-03-26,0.6390630006790161,0.6062914133071899
2012-03-27,0.641510009765625,0.6086128950119019
2012-03-28,0.6340100169181824,0.60149747133255
2012-03-29,0.6274999976158142,0.5953211188316345
2012-03-30,0.6231250166893005,0.5911706686019897
2012-04-02,0.6421350240707397,0.6092057824134827
2012-04-03,0.6421880125999451,0.6092560887336731
2012-04-04,0.6159899830818176,0.5844014883041382
2012-04-05,0.627240002155304,0.5950745344161987
2012-04-09,0.6128129959106445,0.5813874006271362
2012-04-10,0.5832290053367615,0.5533204078674316
2012-04-11,0.5916669964790344,0.56132572889328
2012-04-12,0.6115099787712097,0.5801513195037842
2012-04-13,0.5838540196418762,0.5539135336875916
2012-04-16,0.5654690265655518,0.5364712476730347
2012-04-17,0.5988019704818726,0.568094789981842
2012-04-18,0.5944269895553589,0.5639441013336182
2012-04-19,0.5752080082893372,0.5457109808921814
2012-04-20,0.5690100193023682,0.5398308038711548
2012-04-23,0.5546879768371582,0.5262432098388672
2012-04-24,0.5448960065841675,0.5169531106948853
2012-04-25,0.5881770253181458,0.5580148696899414
2012-04-26,0.5986980199813843,0.5679963231086731
2012-04-27,0.6089580059051514,0.577730119228363
2012-04-30,0.5963019728660583,0.5657230019569397
2012-05-01,0.5996879935264587,0.5689354538917542
2012-05-02,0.6036459803581238,0.572690486907959
2012-05-03,0.5848960280418396,0.5549020767211914
2012-05-04,0.5419790148735046,0.5141858458518982
2012-05-07,0.5427600145339966,0.5149268507957458
2012-05-08,0.5367709994316101,0.5092448592185974
2012-05-09,0.5338019728660583,0.5064281225204468
2012-05-10,0.5283330082893372,0.5012396574020386
2012-05-11,0.5278130173683167,0.5007463693618774
2012-05-14,0.5132290124893188,0.4869101941585541
2012-05-15,0.5087500214576721,0.4826609492301941
2012-05-16,0.4977079927921295,0.4721851348876953
2012-05-17,0.46708300709724426,0.44313058257102966
2012-05-18,0.4483329951763153,0.4253421127796173
2012-05-21,0.48604199290275574,0.46111732721328735
2012-05-22,0.48427098989486694,0.45943716168403625
2012-05-23,0.48697900772094727,0.46200624108314514
2012-05-24,0.47822898626327515,0.45370492339134216
2012-05-25,0.4755209982395172,0.4511358439922333
2012-05-29,0.4932290017604828,0.4679357409477234
2012-05-30,0.48124998807907104,0.456571102142334
2012-05-31,0.47437500953674316,0.45004862546920776
2012-06-01,0.43708300590515137,0.4146689474582672
2012-06-04,0.44645801186561584,0.42356330156326294
2012-06-05,0.4526039958000183,0.42939406633377075
2012-06-06,0.48354199528694153,0.458745539188385
2012-06-07,0.4781250059604645,0.4536063075065613
2012-06-08,0.4921880066394806,0.46694809198379517
2012-06-11,0.46864598989486694,0.44461336731910706
2012-06-12,0.48343798518180847,0.45864686369895935
2012-06-13,0.47395798563957214,0.4496529996395111
2012-06-14,0.4792709946632385,0.4546935558319092
2012-06-15,0.4969789981842041,0.4714934825897217
2012-06-18,0.5097919702529907,0.48364946246147156
2012-06-19,0.5265629887580872,0.49956032633781433
2012-06-20,0.5284379720687866,0.5013392567634583
2012-06-21,0.48885399103164673,0.4637851417064667
2012-06-22,0.5040630102157593,0.47821420431137085
2012-06-25,0.47416698932647705,0.44985127449035645
2012-06-26,0.4833329916000366,0.4585472047328949
2012-06-27,0.4921880066394806,0.46694809198379517
2012-06-28,0.47447898983955383,0.4501473009586334
2012-06-29,0.5208330154418945,0.49412432312965393
2012-07-02,0.5249999761581421,0.4980775713920593
2012-07-03,0.5375000238418579,0.5099364519119263
2012-07-05,0.5393750071525574,0.5117153525352478
2012-07-06,0.5181249976158142,0.4915550649166107
2012-07-09,0.5163540244102478,0.4898749589920044
2012-07-10,0.5005210041999817,0.47485387325286865
2012-07-11,0.4936459958553314,0.4683314263820648
2012-07-12,0.4793750047683716,0.45479220151901245
2012-07-13,0.5002080202102661,0.47455692291259766
2012-07-16,0.4964579939842224,0.470999151468277
2012-07-17,0.5040630102157593,0.47821420431137085
2012-07-18,0.5245829820632935,0.49768197536468506
2012-07-19,0.5416669845581055,0.5138897895812988
2012-07-20,0.5208330154418945,0.49412432312965393
2012-07-23,0.5015630125999451,0.4758424758911133
2012-07-24,0.49010398983955383,0.46497106552124023
2012-07-25,0.47916701436042786,0.4545949101448059
2012-07-26,0.4979169964790344,0.47238337993621826
2012-07-27,0.5356249809265137,0.5081576704978943
2012-07-30,0.5323960185050964,0.5050942897796631
2012-07-31,0.5327079892158508,0.5053903460502625
2012-08-01,0.5274999737739563,0.5004492998123169
2012-08-02,0.5219789743423462,0.4952114522457123
2012-08-03,0.5516669750213623,0.523377001285553
2012-08-06,0.5640630125999451,0.5351372957229614
2012-08-07,0.5780209898948669,0.5483796000480652
2012-08-08,0.5770829916000366,0.5474897027015686
2012-08-09,0.581978976726532,0.5521345138549805
2012-08-10,0.5843750238418579,0.5544078350067139
2012-08-13,0.5879169702529907,0.5577679872512817
2012-08-14,0.5887500047683716,0.5585584044456482
2012-08-15,0.5929170250892639,0.562511682510376
2012-08-16,0.6141669750213623,0.5826720595359802
2012-08-17,0.6226040124893188,0.5906761884689331
2012-08-20,0.625,0.5929495096206665
2012-08-21,0.617812991142273,0.5861309766769409
2012-08-22,0.6244789958000183,0.5924551486968994
2012-08-23,0.6106250286102295,0.5793116092681885
2012-08-24,0.6214579939842224,0.5895891189575195
2012-08-27,0.6244789958000183,0.5924551486968994
2012-08-28,0.6243749856948853,0.5923564434051514
2012-08-29,0.6245830059051514,0.5925539135932922
2012-08-30,0.605521023273468,0.5744695067405701
2012-08-31,0.6184380054473877,0.5867239236831665
2012-09-04,0.6158329844474792,0.5842525959014893
2012-09-05,0.6130210161209106,0.5815848112106323
2012-09-06,0.6535419821739197,0.6200278997421265
2012-09-07,0.6507290005683899,0.6173592209815979
2012-09-10,0.6267709732055664,0.5946295857429504
2012-09-11,0.6240630149841309,0.5920605063438416
2012-09-12,0.6294789910316467,0.5971987247467041
2012-09-13,0.6545829772949219,0.6210152506828308
2012-09-14,0.6713539958000183,0.6369263529777527
2012-09-17,0.6726040244102478,0.6381122469902039
2012-09-18,0.6738539934158325,0.6392982006072998
2012-09-19,0.6783329844474792,0.6435474157333374
2012-09-20,0.6767709851264954,0.6420657634735107
2012-09-21,0.6767709851264954,0.6420657634735107
2012-09-24,0.6642709970474243,0.6302065253257751
2012-09-25,0.6376039981842041,0.6049070954322815
2012-09-26,0.6208329796791077,0.5889961123466492
2012-09-27,0.6471880078315735,0.6139994859695435
2012-09-28,0.6316670179367065,0.5992745757102966
2012-10-01,0.628957986831665,0.5967044830322266
2012-10-02,0.6330209970474243,0.6005591154098511
2012-10-03,0.6449999809265137,0.6119236946105957
2012-10-04,0.6524999737739563,0.6190391182899475
2012-10-05,0.6412500143051147,0.6083661317825317
2012-10-08,0.6242709755897522,0.5922577977180481
2012-10-09,0.5921880006790161,0.5618200302124023
2012-10-10,0.5849999785423279,0.5550007224082947
2012-10-11,0.5797920227050781,0.5500597953796387
2012-10-12,0.5796880125999451,0.5499610900878906
2012-10-15,0.5912500023841858,0.5609302520751953
2012-10-16,0.6169790029525757,0.5853397846221924
2012-10-17,0.6151040196418762,0.5835608243942261
2012-10-18,0.5940629839897156,0.5635989904403687
2012-10-19,0.5511459708213806,0.5228826999664307
2012-10-22,0.5597919821739197,0.5310853719711304
2012-10-23,0.5432289838790894,0.5153717994689941
2012-10-24,0.5378130078315735,0.5102336406707764
2012-10-25,0.5378130078315735,0.5102336406707764
2012-10-26,0.5434380173683167,0.5155699253082275
2012-10-31,0.5329170227050781,0.5055885314941406
2012-11-01,0.5555210113525391,0.5270335078239441
2012-11-02,0.535207986831665,0.50776207447052
2012-11-05,0.5483329892158508,0.5202139616012573
2012-11-06,0.5516669750213623,0.523377001285553
2012-11-07,0.5120829939842224,0.48582279682159424
2012-11-08,0.4881249964237213,0.4630935788154602
2012-11-09,0.4934380054473877,0.4681340157985687
2012-11-12,0.4941670000553131,0.46882566809654236
2012-11-13,0.48343798518180847,0.45864686369895935
2012-11-14,0.46614599227905273,0.4422416090965271
2012-11-15,0.4619790017604828,0.43828830122947693
2012-11-16,0.4671880006790161,0.44323018193244934
2012-11-19,0.5008329749107361,0.4751497805118561
2012-11-20,0.5009379982948303,0.47524943947792053
2012-11-21,0.5044789910316467,0.4786088764667511
2012-11-23,0.5276039838790894,0.5005480051040649
2012-11-26,0.534375011920929,0.5069716572761536
2012-11-27,0.5283330082893372,0.5012396574020386
2012-11-28,0.5425000190734863,0.5146801471710205
2012-11-29,0.5518749952316284,0.5235744714736938
2012-11-30,0.5498960018157959,0.521696925163269
2012-12-03,0.5471879839897156,0.5191275477409363
2012-12-04,0.543645977973938,0.5157672166824341
2012-12-05,0.5268750190734863,0.49985629320144653
2012-12-06,0.536562979221344,0.5090475082397461
2012-12-07,0.527396023273468,0.5003506541252136
2012-12-10,0.5320829749107361,0.5047973990440369
2012-12-11,0.5526040196418762,0.5242658853530884
2012-12-12,0.5488539934158325,0.5207082033157349
2012-12-13,0.5364580154418945,0.5089479684829712
2012-12-14,0.5212500095367432,0.49451974034309387
2012-12-17,0.5415629744529724,0.5137911438941956
2012-12-18,0.5666670203208923,0.5376079678535461
2012-12-19,0.558542013168335,0.5298994779586792
2012-12-20,0.5589579939842224,0.5302941799163818
2012-12-21,0.5415629744529724,0.5137911438941956
2012-12-24,0.5369790196418762,0.5094423890113831
2012-12-26,0.5242710113525391,0.49738600850105286
2012-12-27,0.5213540196418762,0.4946185350418091
2012-12-28,0.5062500238418579,0.48028913140296936
2012-12-31,0.5392709970474243,0.5116166472434998
2013-01-02,0.5895829796791077,0.5593486428260803
2013-01-03,0.5810419917106628,0.5512456893920898
2013-01-04,0.5753129720687866,0.545810341835022
2013-01-07,0.5759379863739014,0.5464032888412476
2013-01-08,0.5726040005683899,0.5432403087615967
2013-01-09,0.5784379839897156,0.5487751960754395
2013-01-10,0.5886459946632385,0.5584596395492554
2013-01-11,0.5908330082893372,0.5605344772338867
2013-01-14,0.5832290053367615,0.5533204078674316
2013-01-15,0.5745829939842224,0.5451177954673767
2013-01-16,0.5810419917106628,0.5512456893920898
2013-01-17,0.5899999737739563,0.5597443580627441
2013-01-18,0.586667001247406,0.5565823316574097
2013-01-22,0.5890629887580872,0.558855414390564
2013-01-23,0.5986459851264954,0.5679468512535095
2013-01-24,0.5747920274734497,0.5453161597251892
2013-01-25,0.5833330154418945,0.5534191131591797
2013-01-28,0.5874999761581421,0.557372510433197
2013-01-29,0.5874999761581421,0.557372510433197
2013-01-30,0.5842710137367249,0.5543091297149658
2013-01-31,0.5805209875106812,0.550751268863678
2013-02-01,0.5995830297470093,0.5688358545303345
2013-02-04,0.5690630078315735,0.5398809909820557
2013-02-05,0.5940629839897156,0.5635989904403687
2013-02-06,0.5885419845581055,0.5583610534667969
2013-02-07,0.5899999737739563,0.5597443580627441
2013-02-08,0.6079170107841492,0.5767424702644348
2013-02-11,0.6077079772949219,0.5765442848205566
2013-02-12,0.6006249785423279,0.5698243379592896
2013-02-13,0.6076040267944336,0.5764455795288086
2013-02-14,0.6063539981842041,0.5752596855163574
2013-02-15,0.6011459827423096,0.5703185796737671
2013-02-19,0.6142709851264954,0.5827707648277283
2013-02-20,0.5862500071525574,0.5561865568161011
2013-02-21,0.567188024520874,0.5381021499633789
2013-02-22,0.5838540196418762,0.5539135336875916
2013-02-25,0.5620830059051514,0.5332589745521545
2013-02-26,0.5688539743423462,0.5396825671195984
2013-02-27,0.5861459970474243,0.5560880303382874
2013-02-28,0.5839580297470093,0.5540121793746948
2013-03-01,0.5899999737739563,0.5597443580627441
2013-03-04,0.597603976726532,0.5669583082199097
2013-03-05,0.6238539814949036,0.5918622612953186
2013-03-06,0.6198959946632385,0.5881069898605347
2013-03-07,0.6253129839897156,0.5932465195655823
2013-03-08,0.6260420083999634,0.5939381122589111
2013-03-11,0.6324999928474426,0.6000648736953735
2013-03-12,0.6247919797897339,0.5927519798278809
2013-03-13,0.6228129863739014,0.5908747911453247
2013-03-14,0.6291670203208923,0.5969027876853943
2013-03-15,0.6232290267944336,0.5912692546844482
2013-03-18,0.6189579963684082,0.587217390537262
2013-03-19,0.616457998752594,0.5848454236984253
2013-03-20,0.628229022026062,0.5960129499435425
2013-03-21,0.6081249713897705,0.5769398212432861
2013-03-22,0.6248959898948669,0.5928507447242737
2013-03-25,0.6185420155525208,0.5868226289749146
2013-03-26,0.6280210018157959,0.5958154201507568
2013-03-27,0.6313539743423462,0.5989775657653809
2013-03-28,0.6349999904632568,0.6024365425109863
2013-04-01,0.6227080225944519,0.5907748937606812
2013-04-02,0.636771023273468,0.6041167974472046
2013-04-03,0.6198959946632385,0.5881069898605347
2013-04-04,0.6202080249786377,0.5884031057357788
2013-04-05,0.6050000190734863,0.573975145816803
2013-04-08,0.6142709851264954,0.5827707648277283
2013-04-09,0.6263539791107178,0.5942339301109314
2013-04-10,0.6630210280418396,0.6290207505226135
2013-04-11,0.6618750095367432,0.6279335021972656
2013-04-12,0.6611459851264954,0.6272419095039368
2013-04-15,0.6209380030632019,0.5890958905220032
2013-04-16,0.6468750238418579,0.6137025952339172
2013-04-17,0.6090630292892456,0.577829897403717
2013-04-18,0.5827080011367798,0.5528261661529541
2013-04-19,0.6068750023841858,0.5757541656494141
2013-04-22,0.6255210041999817,0.593443751335144
2013-04-23,0.6439579725265503,0.6109352111816406
2013-04-24,0.6423959732055664,0.6094532012939453
2013-04-25,0.6528130173683167,0.6193362474441528
2013-04-26,0.6472920179367065,0.6140982508659363
2013-04-29,0.6644790172576904,0.630403995513916
2013-04-30,0.6790630221366882,0.6442399621009827
2013-05-01,0.6704170107841492,0.6360375285148621
2013-05-02,0.6946880221366882,0.6590636372566223
2013-05-03,0.7189580202102661,0.6820890307426453
2013-05-06,0.7282289862632751,0.6908847689628601
2013-05-07,0.7264580130577087,0.6892046928405762
2013-05-08,0.7378129959106445,0.6999772191047668
2013-05-09,0.7352079749107361,0.6975057721138
2013-05-10,0.7477080225944519,0.7093647718429565
2013-05-13,0.7506250143051147,0.7121323943138123
2013-05-14,0.761667013168335,0.7226080298423767
2013-05-15,0.7672920227050781,0.7279446721076965
2013-05-16,0.7644789814949036,0.7252758741378784
2013-05-17,0.7860419750213623,0.7457332015037537
2013-05-20,0.7825000286102295,0.7423726320266724
2013-05-21,0.7854170203208923,0.7451401352882385
2013-05-22,0.7662500143051147,0.7269560098648071
2013-05-23,0.7579169869422913,0.7190503478050232
2013-05-24,0.7574999928474426,0.7186546921730042
2013-05-28,0.7731249928474426,0.7334785461425781
2013-05-29,0.7614579796791077,0.7224096655845642
2013-05-30,0.7738540172576904,0.7341699600219727
2013-05-31,0.7517709732055664,0.7132195234298706
2013-06-03,0.7561460137367249,0.7173702120780945
2013-06-04,0.7447919845581055,0.7065984010696411
2013-06-05,0.7162500023841858,0.6795200705528259
2013-06-06,0.7250000238418579,0.6878213882446289
2013-06-07,0.755312979221344,0.716579794883728
2013-06-10,0.7556250095367432,0.7168757915496826
2013-06-11,0.7337499856948853,0.6961227059364319
2013-06-12,0.7083330154418945,0.6720089316368103
2013-06-13,0.7337499856948853,0.6961227059364319
2013-06-14,0.7208330035209656,0.6838679313659668
2013-06-17,0.7408329844474792,0.7028422951698303
2013-06-18,0.7583330273628235,0.7194450497627258
2013-06-19,0.7344790101051331,0.6968142986297607
2013-06-20,0.680312991142273,0.6454259753227234
2013-06-21,0.6707289814949036,0.6363334655761719
2013-06-24,0.6499999761581421,0.6166675090789795
2013-06-25,0.6638540029525757,0.6298110485076904
2013-06-26,0.6819790005683899,0.6470065116882324
2013-06-27,0.6895830035209656,0.6542205810546875
2013-06-28,0.691457986831665,0.6559992432594299
2013-07-01,0.706250011920929,0.6700329184532166
2013-07-02,0.7065629959106445,0.670329749584198
2013-07-03,0.7161459922790527,0.6794214844703674
2013-07-05,0.7319790124893188,0.6944425106048584
2013-07-08,0.734375,0.6967157125473022
2013-07-09,0.7478129863739014,0.7094645500183105
2013-07-10,0.7604169845581055,0.7214221358299255
2013-07-11,0.8078129887580872,0.7663875818252563
2013-07-12,0.8162500262260437,0.7743921279907227
2013-07-15,0.8226040005683899,0.7804201245307922
2013-07-16,0.8193749785423279,0.777356743812561
2013-07-17,0.8252080082893372,0.7828904986381531
2013-07-18,0.8191670179367065,0.7771595120429993
2013-07-19,0.7942709922790527,0.7535400390625
2013-07-22,0.800000011920929,0.7589753866195679
2013-07-23,0.7821879982948303,0.7420766353607178
2013-07-24,0.7895830273628235,0.749092698097229
2013-07-25,0.8038539886474609,0.7626315951347351
2013-07-26,0.817188024520874,0.7752819657325745
2013-07-29,0.8134379982948303,0.7717242240905762
2013-07-30,0.8255209922790527,0.7831874489784241
2013-07-31,0.8307290077209473,0.7881285548210144
2013-08-01,0.8560420274734497,0.8121434450149536
2013-08-02,0.8703129887580872,0.8256824612617493
2013-08-05,0.8721879720687866,0.8274614214897156
2013-08-06,0.8566669821739197,0.8127362728118896
2013-08-07,0.8517709970474243,0.8080913424491882
2013-08-08,0.8631250262260437,0.8188631534576416
2013-08-09,0.8538540005683899,0.8100675940513611
2013-08-12,0.8591669797897339,0.8151081800460815
2013-08-13,0.8734380006790161,0.8286474347114563
2013-08-14,0.8637499809265137,0.819456160068512
2013-08-15,0.8204169869422913,0.7783451676368713
2013-08-16,0.8174999952316284,0.7755777835845947
2013-08-19,0.8142709732055664,0.7725144028663635
2013-08-20,0.8254169821739197,0.7830889225006104
2013-08-21,0.817188024520874,0.7752819657325745
2013-08-22,0.840520977973938,0.7974183559417725
2013-08-23,0.8582289814949036,0.8142181634902954
2013-08-26,0.8589580059051514,0.8149099349975586
2013-08-27,0.8048959970474243,0.7636201977729797
2013-08-28,0.8153129816055298,0.7735028862953186
2013-08-29,0.8321880102157593,0.7895127534866333
2013-08-30,0.8166670203208923,0.7747875452041626
2013-09-03,0.8301039934158325,0.7875354290008545
2013-09-04,0.8571879863739014,0.813230574131012
2013-09-05,0.8609380125999451,0.8167883157730103
2013-09-06,0.864063024520874,0.819753110408783
2013-09-09,0.894478976726532,0.8486093878746033
2013-09-10,0.9080209732055664,0.8614568114280701
2013-09-11,0.9034379720687866,0.8571089506149292
2013-09-12,0.8993750214576721,0.8532543778419495
2013-09-13,0.902292013168335,0.8560217022895813
2013-09-16,0.8946880102157593,0.8488077521324158
2013-09-17,0.9126039743423462,0.8658048510551453
2013-09-18,0.9461460113525391,0.8976267576217651
2013-09-19,0.9519789814949036,0.903160810470581
2013-09-20,0.9415630102157593,0.8932787775993347
2013-09-23,0.9362499713897705,0.8882381319999695
2013-09-24,0.9364579916000366,0.8884356021881104
2013-09-25,0.9276040196418762,0.8800356388092041
2013-09-26,0.9488540291786194,0.9001958966255188
2013-09-27,0.9443749785423279,0.8959465026855469
2013-09-30,0.9384379982948303,0.8903141617774963
2013-10-01,0.9665629863739014,0.9169968366622925
2013-10-02,0.964792013168335,0.915316641330719
2013-10-03,0.9312499761581421,0.8834947943687439
2013-10-04,0.9552080035209656,0.9062241315841675
2013-10-07,0.9315630197525024,0.8837916851043701
2013-10-08,0.878853976726532,0.8337855339050293
2013-10-09,0.8691669702529907,0.8245953917503357
2013-10-10,0.9243749976158142,0.8769721984863281
2013-10-11,0.9452080130577087,0.8967368602752686
2013-10-14,0.964792013168335,0.915316641330719
2013-10-15,0.9544789791107178,0.9055323600769043
2013-10-16,0.9870830178260803,0.9364646673202515
2013-10-17,1.003021001815796,0.9515852332115173
2013-10-18,1.0526039600372314,0.9986253976821899
2013-10-21,1.0586459636688232,1.0043575763702393
2013-10-22,1.0622919797897339,1.0078163146972656
2013-10-23,1.0452079772949219,0.9916089177131653
2013-10-24,1.0582289695739746,1.0039621591567993
2013-10-25,1.0793750286102295,1.0240236520767212
2013-10-28,1.0815629959106445,1.026099681854248
2013-10-29,1.086771011352539,1.0310405492782593
2013-10-30,1.0833330154418945,1.0277786254882812
2013-10-31,1.0763540267944336,1.0211575031280518
2013-11-01,1.0758329629898071,1.0206631422042847
2013-11-04,1.0810420513153076,1.0256052017211914
2013-11-05,1.0856250524520874,1.029953122138977
2013-11-06,1.0837500095367432,1.0281745195388794
2013-11-07,1.0236459970474243,0.9711525440216064
2013-11-08,1.0640629529953003,1.009496808052063
2013-11-11,1.0589580535888672,1.004653811454773
2013-11-12,1.0641670227050781,1.0095957517623901
2013-11-13,1.1022919416427612,1.0457653999328613
2013-11-14,1.1108330488204956,1.0538687705993652
2013-11-15,1.118541955947876,1.0611821413040161
2013-11-18,1.08760404586792,1.0318307876586914
2013-11-19,1.0768749713897705,1.0216519832611084
2013-11-20,1.0693750381469727,1.0145363807678223
2013-11-21,1.1020829677581787,1.045567274093628
2013-11-22,1.1194789409637451,1.0620709657669067
2013-11-25,1.1268750429153442,1.0690877437591553
2013-11-26,1.1455210447311401,1.0867778062820435
2013-11-27,1.1684379577636719,1.108519434928894
2013-11-29,1.1876039505004883,1.1267026662826538
2013-12-02,1.1802079677581787,1.1196858882904053
2013-12-03,1.1767710447311401,1.1164251565933228
2013-12-04,1.179792046546936,1.1192911863327026
2013-12-05,1.1761460304260254,1.1158320903778076
2013-12-06,1.2004170417785645,1.138858437538147
2013-12-09,1.214792013168335,1.1524962186813354
2013-12-10,1.21260404586792,1.1504205465316772
2013-12-11,1.1672919988632202,1.1074323654174805
2013-12-12,1.1578129529953003,1.0984392166137695
2013-12-13,1.152292013168335,1.0932016372680664
2013-12-16,1.1720830202102661,1.1119775772094727
2013-12-17,1.164687991142273,1.1049617528915405
2013-12-18,1.2048959732055664,1.1431076526641846
2013-12-19,1.1940629482269287,1.1328305006027222
2013-12-20,1.2300000190734863,1.1669247150421143
2013-12-23,1.2697919607162476,1.2046757936477661
2013-12-24,1.2715630531311035,1.2063560485839844
2013-12-26,1.2839579582214355,1.2181150913238525
2013-12-27,1.2745829820632935,1.2092211246490479
2013-12-30,1.2679170370101929,1.202897071838379
2013-12-31,1.2928129434585571,1.2265164852142334
2014-01-02,1.262603998184204,1.1978565454483032
2014-01-03,1.235103964805603,1.171766996383667
2014-01-06,1.221979022026062,1.159314751625061
2014-01-07,1.2536460161209106,1.189358115196228
2014-01-08,1.2630209922790527,1.1982519626617432
2014-01-09,1.25,1.185899019241333
2014-01-10,1.2625000476837158,1.1977579593658447
2014-01-13,1.206354022026062,1.1444913148880005
2014-01-14,1.2754169702529907,1.2100120782852173
2014-01-15,1.3052079677581787,1.2382756471633911
2014-01-16,1.3079169988632202,1.240845799446106
2014-01-17,1.2846879959106445,1.2188078165054321
2014-01-21,1.313438057899475,1.2460837364196777
2014-01-22,1.325624942779541,1.2576457262039185
2014-01-23,1.3096879720687866,1.2425261735916138
2014-01-24,1.2320829629898071,1.168900728225708
2014-01-27,1.1962499618530273,1.1349050998687744
2014-01-28,1.1958329677581787,1.134509801864624
2014-01-29,1.1581250429153442,1.0987356901168823
2014-01-30,1.2191669940948486,1.1566470861434937
2014-01-31,1.2106250524520874,1.148543119430542
2014-02-03,1.130416989326477,1.0724482536315918
2014-02-04,1.152500033378601,1.0933988094329834
2014-02-05,1.1418750286102295,1.083318829536438
2014-02-06,1.1856249570846558,1.1248252391815186
2014-02-07,1.2485419511795044,1.1845155954360962
2014-02-10,1.2714580297470093,1.2062565088272095
2014-02-11,1.315000057220459,1.2475652694702148
2014-02-12,1.3212499618530273,1.2534953355789185
2014-02-13,1.3552080392837524,1.2857120037078857
2014-02-14,1.3591669797897339,1.289467692375183
2014-02-18,1.380416989326477,1.3096280097961426
2014-02-19,1.350208044052124,1.280968189239502
2014-02-20,1.3697919845581055,1.2995479106903076
2014-02-21,1.3627079725265503,1.2928270101547241
2014-02-24,1.386667013168335,1.3155574798583984
2014-02-25,1.3816670179367065,1.3108142614364624
2014-02-26,1.3770829439163208,1.3064649105072021
2014-02-27,1.4041670560836792,1.3321601152420044
2014-02-28,1.397083044052124,1.3254395723342896
2014-03-03,1.3664580583572388,1.2963848114013672
2014-03-04,1.4214580059051514,1.348564624786377
2014-03-05,1.4331250190734863,1.359632968902588
2014-03-06,1.4277080297470093,1.3544938564300537
2014-03-07,1.4072920083999634,1.3351248502731323
2014-03-10,1.410207986831665,1.3378913402557373
2014-03-11,1.3927079439163208,1.3212885856628418
2014-03-12,1.4083329439163208,1.3361124992370605
2014-03-13,1.3485419750213623,1.2793875932693481
2014-03-14,1.3208329677581787,1.2530996799468994
2014-03-17,1.3560420274734497,1.2865029573440552
2014-03-18,1.4047919511795044,1.3327529430389404
2014-03-19,1.3816670179367065,1.3108142614364624
2014-03-20,1.3925000429153442,1.3210914134979248
2014-03-21,1.3414579629898071,1.2726669311523438
2014-03-24,1.3077080249786377,1.2406474351882935
2014-03-25,1.3197920322418213,1.2521119117736816
2014-03-26,1.269582986831665,1.2044776678085327
2014-03-27,1.2470829486846924,1.183131456375122
2014-03-28,1.2552080154418945,1.1908395290374756
2014-03-31,1.2802079916000366,1.2145580053329468
2014-04-01,1.3495830297470093,1.2803751230239868
2014-04-02,1.3602080345153809,1.2904554605484009
2014-04-03,1.328125,1.2600175142288208
2014-04-04,1.222707986831665,1.1600064039230347
2014-04-07,1.1860419511795044,1.125220537185669
2014-04-08,1.2191669940948486,1.1566470861434937
2014-04-09,1.2816669940948486,1.215942144393921
2014-04-10,1.1633330583572388,1.103676438331604
2014-04-11,1.1227079629898071,1.0651345252990723
2014-04-14,1.1479170322418213,1.0890506505966187
2014-04-15,1.1593749523162842,1.0999212265014648
2014-04-16,1.2043750286102295,1.1426136493682861
2014-04-17,1.2050000429153442,1.1432063579559326
2014-04-21,1.2322920560836792,1.1690990924835205
2014-04-22,1.2625000476837158,1.1977579593658447
2014-04-23,1.228124976158142,1.1651453971862793
2014-04-24,1.2643749713897705,1.199536681175232
2014-04-25,1.2033330202102661,1.1416248083114624
2014-04-28,1.216249942779541,1.1538796424865723
2014-04-29,1.2431249618530273,1.1793763637542725
2014-04-30,1.2541669607162476,1.1898524761199951
2014-05-01,1.2654169797897339,1.2005252838134766
2014-05-02,1.259166955947876,1.194595456123352
2014-05-05,1.2770830392837524,1.2115930318832397
2014-05-06,1.2277079820632935,1.1647499799728394
2014-05-07,1.2166670560836792,1.1542754173278809
2014-05-08,1.212499976158142,1.1503217220306396
2014-05-09,1.226667046546936,1.1637625694274902
2014-05-12,1.2864580154418945,1.2204872369766235
2014-05-13,1.289167046546936,1.223057508468628
2014-05-14,1.2699999809265137,1.2048730850219727
2014-05-15,1.240625023841858,1.1770048141479492
2014-05-16,1.2637499570846558,1.1989437341690063
2014-05-19,1.2908329963684082,1.2246381044387817
2014-05-20,1.2766669988632202,1.2111984491348267
2014-05-21,1.3127080202102661,1.2453911304473877
2014-05-22,1.3289580345153809,1.260807991027832
2014-05-23,1.3587499856948853,1.289072036743164
2014-05-27,1.4097919464111328,1.337496280670166
2014-05-28,1.3964580297470093,1.3248463869094849
2014-05-29,1.4247920513153076,1.3517274856567383
2014-05-30,1.4235420227050781,1.350541591644287
2014-06-02,1.4199999570846558,1.3471814393997192
2014-06-03,1.417917013168335,1.3452050685882568
2014-06-04,1.4329169988632202,1.3594356775283813
2014-06-05,1.4702080488204956,1.3948146104812622
2014-06-06,1.4939579963684082,1.4173465967178345
2014-06-09,1.4912500381469727,1.4147775173187256
2014-06-10,1.4997919797897339,1.4228817224502563
2014-06-11,1.497499942779541,1.4207066297531128
2014-06-12,1.4583330154418945,1.3835482597351074
2014-06-13,1.4683330059051514,1.3930357694625854
2014-06-16,1.4737499952316284,1.3981750011444092
2014-06-17,1.4758330583572388,1.400151252746582
2014-06-18,1.5027079582214355,1.4256477355957031
2014-06-19,1.4968750476837158,1.4201140403747559
2014-06-20,1.5022920370101929,1.4252532720565796
2014-06-23,1.503957986831665,1.4268337488174438
2014-06-24,1.4997919797897339,1.4228817224502563
2014-06-25,1.5270830392837524,1.4490145444869995
2014-06-26,1.53125,1.4529683589935303
2014-06-27,1.5464580059051514,1.4673991203308105
2014-06-30,1.5579169988632202,1.4782719612121582
2014-07-01,1.6102080345153809,1.5278899669647217
2014-07-02,1.6164580583572388,1.533820629119873
2014-07-03,1.6475000381469727,1.5632752180099487
2014-07-07,1.6316670179367065,1.548251986503601
2014-07-08,1.5747920274734497,1.4942845106124878
2014-07-09,1.6104170083999634,1.5280882120132446
2014-07-10,1.5952080488204956,1.513656735420227
2014-07-11,1.6229170560836792,1.53994882106781
2014-07-14,1.6539579629898071,1.569403052330017
2014-07-15,1.636667013168335,1.552996277809143
2014-07-16,1.6552079916000366,1.5705894231796265
2014-07-17,1.5891669988632202,1.5079249143600464
2014-07-18,1.6643749475479126,1.5792877674102783
2014-07-21,1.6583329439163208,1.573554515838623
2014-07-22,1.691249966621399,1.6047890186309814
2014-07-23,1.7229169607162476,1.6348367929458618
2014-07-24,1.7168749570846558,1.6291037797927856
2014-07-25,1.6958329677581787,1.6091376543045044
2014-07-28,1.6979169845581055,1.6111148595809937
2014-07-29,1.6893750429153442,1.6030094623565674
2014-07-30,1.709583044052124,1.6221843957901
2014-07-31,1.605417013168335,1.523343563079834
2014-08-01,1.5868749618530273,1.5057494640350342
2014-08-04,1.6193749904632568,1.5365880727767944
2014-08-05,1.5814579725265503,1.5006095170974731
2014-08-06,1.5787500143051147,1.4980400800704956
2014-08-07,1.5635420083999634,1.4836095571517944
2014-08-08,1.5968749523162842,1.5152382850646973
2014-08-11,1.6258330345153809,1.542716383934021
2014-08-12,1.6220829486846924,1.5391576290130615
2014-08-13,1.6747920513153076,1.58917236328125
2014-08-14,1.700624942779541,1.6136844158172607
2014-08-15,1.7237499952316284,1.6356275081634521
2014-08-18,1.7654169797897339,1.675163984298706
2014-08-19,1.7958329916000366,1.7040249109268188
2014-08-20,1.7958329916000366,1.7040249109268188
2014-08-21,1.806041955947876,1.7137120962142944
2014-08-22,1.8131250143051147,1.720432996749878
2014-08-25,1.8333330154418945,1.7396081686019897
2014-08-26,1.8395830392837524,1.745538592338562
2014-08-27,1.839792013168335,1.745736837387085
2014-08-28,1.8322919607162476,1.7386205196380615
2014-08-29,1.8537499904632568,1.7589812278747559
2014-09-02,1.8691669702529907,1.7736101150512695
2014-09-03,1.8370829820632935,1.743166208267212
2014-09-04,1.8312499523162842,1.7376314401626587
2014-09-05,1.8595830202102661,1.7645161151885986
2014-09-08,1.8689579963684082,1.7734119892120361
2014-09-09,1.8235419988632202,1.73031747341156
2014-09-10,1.865833044052124,1.7704466581344604
2014-09-11,1.8643749952316284,1.769063115119934
2014-09-12,1.8350000381469727,1.7411898374557495
2014-09-15,1.7797919511795044,1.688804030418396
2014-09-16,1.8279169797897339,1.7344691753387451
2014-09-17,1.8368749618530273,1.742969036102295
2014-09-18,1.8764580488204956,1.7805284261703491
2014-09-19,1.8722920417785645,1.7765755653381348
2014-09-22,1.8214579820632935,1.7283400297164917
2014-09-23,1.8056249618530273,1.7133164405822754
2014-09-24,1.8641669750213623,1.7688658237457275
2014-09-25,1.7458330392837524,1.6565812826156616
2014-09-26,1.8016669750213623,1.709560751914978
2014-09-29,1.7956249713897705,1.7038277387619019
2014-09-30,1.802291989326477,1.7101539373397827
2014-10-01,1.7160420417785645,1.6283131837844849
2014-10-02,1.7152080535888672,1.6275219917297363
2014-10-03,1.7668750286102295,1.676547646522522
2014-10-06,1.7547919750213623,1.665082335472107
2014-10-07,1.6806249618530273,1.5947067737579346
2014-10-08,1.7777080535888672,1.6868267059326172
2014-10-09,1.6891670227050781,1.6028121709823608
2014-10-10,1.5627080202102661,1.4828182458877563
2014-10-13,1.4895830154418945,1.4134315252304077
2014-10-14,1.492292046546936,1.416001796722412
2014-10-15,1.4604170322418213,1.3857566118240356
2014-10-16,1.4377080202102661,1.3642083406448364
2014-10-17,1.4939579963684082,1.4175829887390137
2014-10-20,1.5583330392837524,1.4786667823791504
2014-10-21,1.6802079677581787,1.5943113565444946
2014-10-22,1.6541670560836792,1.5696015357971191
2014-10-23,1.7297919988632202,1.6413600444793701
2014-10-24,1.769582986831665,1.6791173219680786
2014-10-27,1.7762500047683716,1.6854431629180908
2014-10-28,1.855625033378601,1.7607603073120117
2014-10-29,1.8333330154418945,1.7396081686019897
2014-10-30,1.8447920083999634,1.7504812479019165
2014-10-31,1.9208329916000366,1.8226348161697388
2014-11-03,1.9406249523162842,1.8414148092269897
2014-11-04,1.9199999570846558,1.821844458580017
2014-11-05,1.9197920560836792,1.8216469287872314
2014-11-06,1.9362499713897705,1.8372634649276733
2014-11-07,1.9314579963684082,1.8327165842056274
2014-11-10,1.9512499570846558,1.851496696472168
2014-11-11,1.9697920083999634,1.8690909147262573
2014-11-12,1.980625033378601,1.879370093345642
2014-11-13,2.006042003631592,1.9034878015518188
2014-11-14,2.024583101272583,1.9210809469223022
2014-11-17,2.005625009536743,1.9030921459197998
2014-11-18,2.0506250858306885,1.9457913637161255
2014-11-19,2.024583101272583,1.9210809469223022
2014-11-20,2.0514578819274902,1.9465820789337158
2014-11-21,2.0662500858306885,1.9606174230575562
2014-11-24,2.112916946411133,2.004899024963379
2014-11-25,2.1197919845581055,2.0114223957061768
2014-11-26,2.1631250381469727,2.0525405406951904
2014-11-28,2.1954169273376465,2.083181142807007
2014-12-01,2.114375114440918,2.0062825679779053
2014-12-02,2.137083053588867,2.02782940864563
2014-12-03,2.1564579010009766,2.0462138652801514
2014-12-04,2.1500000953674316,2.040086030960083
2014-12-05,2.1514580249786377,2.0414700508117676
2014-12-08,2.1050000190734863,1.9973869323730469
2014-12-09,2.1254169940948486,2.0167593955993652
2014-12-10,2.0225000381469727,1.919103980064392
2014-12-11,2.0541670322418213,1.9491522312164307
2014-12-12,1.9862500429153442,1.8847074508666992
2014-12-15,1.9266669750213623,1.8281704187393188
2014-12-16,1.8310420513153076,1.7374340295791626
2014-12-17,1.9293750524520874,1.8307400941848755
2014-12-18,2.0708329677581787,1.9649661779403687
2014-12-19,2.0939579010009766,1.9869087934494019
2014-12-22,2.112916946411133,2.0052378177642822
2014-12-23,2.092708110809326,1.9860589504241943
2014-12-24,2.09708309173584,1.9902113676071167
2014-12-26,2.139583110809326,2.0305449962615967
2014-12-29,2.140000104904175,2.0309407711029053
2014-12-30,2.0958330631256104,1.9890248775482178
2014-12-31,2.030208110809326,1.926743984222412
2015-01-02,2.0135419368743896,1.910927176475525
2015-01-05,1.9229170083999634,1.824920892715454
2015-01-06,1.8466670513153076,1.7525566816329956
2015-01-07,1.9177080392837524,1.8199774026870728
2015-01-08,2.027082920074463,1.9237780570983887
2015-01-09,1.9860420227050781,1.8848286867141724
2015-01-12,1.9249999523162842,1.8268978595733643
2015-01-13,1.9233330488204956,1.8253155946731567
2015-01-14,1.8937499523162842,1.7972400188446045
2015-01-15,1.8185420036315918,1.7258652448654175
2015-01-16,1.8833329677581787,1.7873538732528687
2015-01-20,1.9249999523162842,1.8268978595733643
2015-01-21,1.9545830488204956,1.854973316192627
2015-01-22,2.063333034515381,1.9581807851791382
2015-01-23,2.077083110809326,1.9712302684783936
2015-01-26,2.072499990463257,1.9668807983398438
2015-01-27,1.9120830297470093,1.8146389722824097
2015-01-28,1.8791669607162476,1.783400297164917
2015-01-29,1.933542013168335,1.8350043296813965
2015-01-30,1.8891669511795044,1.792891025543213
2015-02-02,1.9387500286102295,1.83994722366333
2015-02-03,1.9916670322418213,1.8901668787002563
2015-02-04,1.9864579439163208,1.885223627090454
2015-02-05,2.0391669273376465,1.935246467590332
2015-02-06,2.0020830631256104,1.9000523090362549
2015-02-09,1.9800000190734863,1.8790947198867798
2015-02-10,2.07479190826416,1.969056248664856
2015-02-11,2.0981249809265137,1.9911998510360718
2015-02-12,2.1714580059051514,2.060795307159424
2015-02-13,2.226249933242798,2.112795829772949
2015-02-17,2.2322919368743896,2.1185293197631836
2015-02-18,2.241874933242798,2.1276237964630127
2015-02-19,2.275624990463257,2.159653663635254
2015-02-20,2.3193750381469727,2.201174259185791
2015-02-23,2.3285419940948486,2.209874391555786
2015-02-24,2.3333330154418945,2.214421033859253
2015-02-25,2.3145830631256104,2.196626901626587
2015-02-26,2.349792003631592,2.23004150390625
2015-02-27,2.3187499046325684,2.2005813121795654
2015-03-02,2.3812499046325684,2.2598953247070312
2015-03-03,2.34708309173584,2.227470874786377
2015-03-04,2.321042060852051,2.202756404876709
2015-03-05,2.331249952316284,2.212444543838501
2015-03-06,2.251041889190674,2.136323928833008
2015-03-09,2.272707939147949,2.1568853855133057
2015-03-10,2.1468749046325684,2.037466049194336
2015-03-11,2.1091670989990234,2.001678943634033
2015-03-12,2.149583101272583,2.0400357246398926
2015-03-13,2.121875047683716,2.013739585876465
2015-03-16,2.203125,2.090848922729492
2015-03-17,2.21541690826416,2.1025147438049316
2015-03-18,2.2791669368743896,2.163015604019165
2015-03-19,2.290208101272583,2.173494338989258
2015-03-20,2.337707996368408,2.2185728549957275
2015-03-23,2.318125009536743,2.1999881267547607
2015-03-24,2.2945830821990967,2.1776459217071533
2015-03-25,2.1343750953674316,2.0258045196533203
2015-03-26,2.116874933242798,2.0091946125030518
2015-03-27,2.13729190826416,2.0285727977752686
2015-03-30,2.2141671180725098,2.1015384197235107
2015-03-31,2.145625114440918,2.036482095718384
2015-04-01,2.109375,2.0020759105682373
2015-04-02,2.112916946411133,2.0054376125335693
2015-04-06,2.163749933242798,2.053685426712036
2015-04-07,2.153749942779541,2.044193983078003
2015-04-08,2.2049999237060547,2.09283709526062
2015-04-09,2.246042013168335,2.131791830062866
2015-04-10,2.2729170322418213,2.157299041748047
2015-04-13,2.256042003631592,2.141282796859741
2015-04-14,2.2366669178009033,2.1228930950164795
2015-04-15,2.276249885559082,2.1604626178741455
2015-04-16,2.2683329582214355,2.1529481410980225
2015-04-17,2.162292003631592,2.0523016452789307
2015-04-20,2.258958101272583,2.144049882888794
2015-04-21,2.287916898727417,2.1715362071990967
2015-04-22,2.325000047683716,2.206733465194702
2015-04-23,2.352916955947876,2.233229875564575
2015-04-24,2.444999933242798,2.3206288814544678
2015-04-27,2.429374933242798,2.3057985305786133
2015-04-28,2.4135420322418213,2.290771007537842
2015-04-29,2.367500066757202,2.2470712661743164
2015-04-30,2.2562499046325684,2.141479730606079
2015-05-01,2.3475000858306885,2.22808837890625
2015-05-04,2.355833053588867,2.235997438430786
2015-05-05,2.2441670894622803,2.130012035369873
2015-05-06,2.1962499618530273,2.0845322608947754
2015-05-07,2.2339580059051514,2.1203219890594482
2015-05-08,2.31583309173584,2.1980321407318115
2015-05-11,2.290416955947876,2.1739091873168945
2015-05-12,2.2608330249786377,2.145829439163208
2015-05-13,2.2725000381469727,2.1569035053253174
2015-05-14,2.3731250762939453,2.2524101734161377
2015-05-15,2.3729169368743896,2.2522127628326416
2015-05-18,2.402082920074463,2.2798945903778076
2015-05-19,2.3952078819274902,2.273369312286377
2015-05-20,2.399167060852051,2.2771267890930176
2015-05-21,2.436875104904175,2.312917709350586
2015-05-22,2.4302079677581787,2.306588649749756
2015-05-26,2.3460419178009033,2.2267045974731445
2015-05-27,2.4589579105377197,2.333876609802246
2015-05-28,2.44083309173584,2.316673755645752
2015-05-29,2.399583101272583,2.277522325515747
2015-06-01,2.4206249713897705,2.2974934577941895
2015-06-02,2.3985419273376465,2.276534080505371
2015-06-03,2.4195830821990967,2.2965047359466553
2015-06-04,2.366874933242798,2.2464776039123535
2015-06-05,2.3489580154418945,2.2294721603393555
2015-06-08,2.277082920074463,2.1612532138824463
2015-06-09,2.2658329010009766,2.150576114654541
2015-06-10,2.3556249141693115,2.235799789428711
2015-06-11,2.368541955947876,2.2480597496032715
2015-06-12,2.308332920074463,2.190913677215576
2015-06-15,2.2764580249786377,2.1606602668762207
2015-06-16,2.3112499713897705,2.1936824321746826
2015-06-17,2.330625057220459,2.2120721340179443
2015-06-18,2.4291670322418213,2.3056013584136963
2015-06-19,2.392082929611206,2.2704038619995117
2015-06-22,2.44979190826416,2.32517671585083
2015-06-23,2.4558329582214355,2.3309109210968018
2015-06-24,2.4181249141693115,2.295121192932129
2015-06-25,2.402292013168335,2.2800934314727783
2015-06-26,2.357707977294922,2.2377769947052
2015-06-29,2.191041946411133,2.0795891284942627
2015-06-30,2.2160420417785645,2.1033174991607666
2015-07-01,2.261457920074463,2.146422863006592
2015-07-02,2.2699999809265137,2.1545305252075195
2015-07-06,2.250833034515381,2.136338472366333
2015-07-07,2.26229190826416,2.147214651107788
2015-07-08,2.1489579677581787,2.0396454334259033
2015-07-09,2.1427080631256104,2.0337135791778564
2015-07-10,2.2422919273376465,2.1282315254211426
2015-07-13,2.356874942779541,2.2369863986968994
2015-07-14,2.4041669368743896,2.2818727493286133
2015-07-15,2.4156250953674316,2.292747974395752
2015-07-16,2.509999990463257,2.3823225498199463
2015-07-17,2.6247920989990234,2.4912757873535156
2015-07-20,2.6541669368743896,2.519155502319336
2015-07-21,2.6468749046325684,2.512234926223755
2015-07-22,2.559999942779541,2.429778814315796
2015-07-23,2.5293750762939453,2.400712251663208
2015-07-24,2.4574999809265137,2.3324930667877197
2015-07-27,2.3943750858306885,2.2725791931152344
2015-07-28,2.4574999809265137,2.3324930667877197
2015-07-29,2.484999895095825,2.358593702316284
2015-07-30,2.519582986831665,2.3914172649383545
2015-07-31,2.5118749141693115,2.3841018676757812
2015-08-03,2.4887499809265137,2.3621535301208496
2015-08-04,2.472707986831665,2.3469271659851074
2015-08-05,2.530625104904175,2.4018983840942383
2015-08-06,2.4091670513153076,2.286618709564209
2015-08-07,2.399583101272583,2.277522325515747
2015-08-10,2.4806249141693115,2.3544421195983887
2015-08-11,2.3860421180725098,2.264669895172119
2015-08-12,2.407083034515381,2.2846405506134033
2015-08-13,2.396250009536743,2.2743582725524902
2015-08-14,2.4091670513153076,2.286618709564209
2015-08-17,2.4683330059051514,2.3427746295928955
2015-08-18,2.428957939147949,2.3054027557373047
2015-08-19,2.3833329677581787,2.2620983123779297
2015-08-20,2.1870830059051514,2.0758309364318848
2015-08-21,1.9149999618530273,1.8175885677337646
2015-08-24,1.6881250143051147,1.602254033088684
2015-08-25,1.6658329963684082,1.5810961723327637
2015-08-26,1.90625,1.8092834949493408
2015-08-27,2.0552079677581787,1.950664758682251
2015-08-28,2.053541898727417,1.9490830898284912
2015-08-31,1.9772919416427612,1.8767119646072388
2015-09-01,1.7979170083999634,1.7064611911773682
2015-09-02,1.9441670179367065,1.845272183418274
2015-09-03,1.9120830297470093,1.8148198127746582
2015-09-04,1.8481249809265137,1.7541154623031616
2015-09-08,2.005000114440918,1.903010368347168
2015-09-09,1.9352079629898071,1.836768627166748
2015-09-10,1.9970829486846924,1.8954963684082031
2015-09-11,2.0293750762939453,1.9261459112167358
2015-09-14,2.0112500190734863,1.9089423418045044
2015-09-15,2.08145809173584,1.975579857826233
2015-09-16,2.1162500381469727,2.008601188659668
2015-09-17,2.1220829486846924,2.0141382217407227
2015-09-18,2.032291889190674,1.928914189338684
2015-09-21,2.0495829582214355,1.9453257322311401
2015-09-22,1.9591670036315918,1.8595088720321655
2015-09-23,1.962291955947876,1.862474799156189
2015-09-24,1.9395829439163208,1.84092116355896
2015-09-25,1.8925000429153442,1.796233057975769
2015-09-28,1.7293750047683716,1.6414059400558472
2015-09-29,1.7037500143051147,1.6170843839645386
2015-09-30,1.816457986831665,1.7240591049194336
2015-10-01,1.8418749570846558,1.748183250427246
2015-10-02,1.9375,1.8389443159103394
2015-10-05,2.0258328914642334,1.9227838516235352
2015-10-06,1.9968750476837158,1.895298719406128
2015-10-07,2.0289580821990967,1.9257501363754272
2015-10-08,2.0537500381469727,1.9492805004119873
2015-10-09,2.078749895095825,1.9730089902877808
2015-10-12,2.096250057220459,1.989619255065918
2015-10-13,2.0552079677581787,1.950664758682251
2015-10-14,2.0464580059051514,1.9423596858978271
2015-10-15,2.1464579105377197,2.0372731685638428
2015-10-16,2.1731250286102295,2.062584161758423
2015-10-19,2.212083101272583,2.0995595455169678
2015-10-20,2.175416946411133,2.064758539199829
2015-10-21,2.1404170989990234,2.031538963317871
2015-10-22,2.267292022705078,2.1519603729248047
2015-10-23,2.4558329582214355,2.3309109210968018
2015-10-26,2.463124990463257,2.337831735610962
2015-10-27,2.4791669845581055,2.353057622909546
2015-10-28,2.5366671085357666,2.407632827758789
2015-10-29,2.527292013168335,2.3987348079681396
2015-10-30,2.4927079677581787,2.365910053253174
2015-11-02,2.5777080059051514,2.4465866088867188
2015-11-03,2.602292060852051,2.4699201583862305
2015-11-04,2.603332996368408,2.4709079265594482
2015-11-05,2.5804169178009033,2.44915771484375
2015-11-06,2.5889580249786377,2.457263946533203
2015-11-09,2.505625009536743,2.3781697750091553
2015-11-10,2.487916946411133,2.361362934112549
2015-11-11,2.476875066757202,2.3508825302124023
2015-11-12,2.4049999713897705,2.282663583755493
2015-11-13,2.2635419368743896,2.1484010219573975
2015-11-16,2.357917070388794,2.237975835800171
2015-11-17,2.366041898727417,2.2456870079040527
2015-11-18,2.501667022705078,2.3744137287139893
2015-11-19,2.5054171085357666,2.3779730796813965
2015-11-20,2.5552079677581787,2.4252309799194336
2015-11-23,2.53458309173584,2.4056553840637207
2015-11-24,2.5266671180725098,2.398141622543335
2015-11-25,2.532291889190674,2.403480291366577
2015-11-27,2.5414578914642334,2.412180185317993
2015-11-30,2.5254170894622803,2.3969552516937256
2015-12-01,2.600416898727417,2.468139171600342
2015-12-02,2.5531249046325684,2.4232537746429443
2015-12-03,2.422916889190674,2.299669027328491
2015-12-04,2.5893750190734863,2.457659959793091
2015-12-07,2.5577080249786377,2.4276037216186523
2015-12-08,2.5579171180725098,2.4278018474578857
2015-12-09,2.4387500286102295,2.314696788787842
2015-12-10,2.4733328819274902,2.347520589828491
2015-12-11,2.3037500381469727,2.1865639686584473
2015-12-14,2.355417013168335,2.235602617263794
2015-12-15,2.3954169750213623,2.2735679149627686
2015-12-16,2.5012500286102295,2.3740170001983643
2015-12-17,2.397083044052124,2.2751495838165283
2015-12-18,2.2654170989990234,2.1501805782318115
2015-12-21,2.3327078819274902,2.2140488624572754
2015-12-22,2.3768749237060547,2.2559690475463867
2015-12-23,2.4312500953674316,2.3075780868530273
2015-12-24,2.4262499809265137,2.3028321266174316
2015-12-28,2.4256250858306885,2.302239418029785
2015-12-29,2.536250114440918,2.4072375297546387
2015-12-30,2.4714579582214355,2.345740795135498
2015-12-31,2.3797919750213623,2.258737802505493
2016-01-04,2.234375,2.120717763900757
2016-01-05,2.2143750190734863,2.1017351150512695
2016-01-06,2.1549999713897705,2.0453803539276123
2016-01-07,1.9500000476837158,1.8508081436157227
2016-01-08,1.9039579629898071,1.8071082830429077
2016-01-11,1.9206249713897705,1.8229273557662964
2016-01-12,1.9854170083999634,1.8844237327575684
2016-01-13,1.7777080535888672,1.687280297279358
2016-01-14,1.8927079439163208,1.7964303493499756
2016-01-15,1.71875,1.6313214302062988
2016-01-19,1.7260420322418213,1.6382426023483276
2016-01-20,1.7104170322418213,1.6234122514724731
2016-01-21,1.7166670560836792,1.6293442249298096
2016-01-22,1.8645830154418945,1.7697360515594482
2016-01-25,1.7806249856948853,1.6900488138198853
2016-01-26,1.8314579725265503,1.7382961511611938
2016-01-27,1.695207953453064,1.60897696018219
2016-01-28,1.7620830535888672,1.6724501848220825
2016-01-29,1.8768750429153442,1.7814030647277832
2016-02-01,1.8875000476837158,1.7914875745773315
2016-02-02,1.7677079439163208,1.6777889728546143
2016-02-03,1.7427079677581787,1.6540608406066895
2016-02-04,1.7395830154418945,1.651094675064087
2016-02-05,1.5606249570846558,1.481239676475525
2016-02-08,1.4893749952316284,1.4136141538619995
2016-02-09,1.4720829725265503,1.3972017765045166
2016-02-10,1.4895830154418945,1.4138113260269165
2016-02-11,1.4860420227050781,1.410451054573059
2016-02-12,1.549375057220459,1.4705623388290405
2016-02-16,1.652500033378601,1.5684412717819214
2016-02-17,1.7666670083999634,1.6768008470535278
2016-02-18,1.7066669464111328,1.6198530197143555
2016-02-19,1.7243750095367432,1.6366602182388306
2016-02-22,1.8058329820632935,1.7139744758605957
2016-02-23,1.7158329486846924,1.6285526752471924
2016-02-24,1.7668750286102295,1.676998496055603
2016-02-25,1.8156249523162842,1.7232686281204224
2016-02-26,1.8114579916000366,1.719313383102417
2016-02-29,1.7635420560836792,1.6738349199295044
2016-03-01,1.9322919845581055,1.8340009450912476
2016-03-02,1.9343750476837158,1.8359780311584473
2016-03-03,1.9235420227050781,1.8256962299346924
2016-03-04,1.9268749952316284,1.8288594484329224
2016-03-07,1.8910419940948486,1.794849157333374
2016-03-08,1.8410420417785645,1.747393012046814
2016-03-09,1.8762500286102295,1.7808096408843994
2016-03-10,1.8691669702529907,1.7740870714187622
2016-03-11,1.9660420417785645,1.866033911705017
2016-03-14,1.9774999618530273,1.876909613609314
2016-03-15,1.9762500524520874,1.875722885131836
2016-03-16,2.0266671180725098,1.9235752820968628
2016-03-17,2.0208330154418945,1.9180381298065186
2016-03-18,2.0325000286102295,1.9291117191314697
2016-03-21,2.0566670894622803,1.9520498514175415
2016-03-22,2.075000047683716,1.969449758529663
2016-03-23,2.025624990463257,1.922586441040039
2016-03-24,2.0250000953674316,1.9219938516616821
2016-03-28,2.0177080631256104,1.9150720834732056
2016-03-29,2.1141669750213623,2.006624460220337
2016-03-30,2.1458330154418945,2.036679267883301
2016-03-31,2.1333329677581787,2.024815559387207
2016-04-01,2.2043750286102295,2.092244863510132
2016-04-04,2.1770830154418945,2.0663399696350098
2016-04-05,2.118541955947876,2.0107762813568115
2016-04-06,2.2200000286102295,2.10707426071167
2016-04-07,2.124166965484619,2.01611590385437
2016-04-08,2.1191670894622803,2.0113697052001953
2016-04-11,2.0964579582214355,1.9898159503936768
2016-04-12,2.1454169750213623,2.0362846851348877
2016-04-13,2.2291669845581055,2.1157751083374023
2016-04-14,2.2306249141693115,2.1171581745147705
2016-04-15,2.2135419845581055,2.1009442806243896
2016-04-18,2.2462499141693115,2.131988525390625
2016-04-19,2.2074999809265137,2.0952095985412598
2016-04-20,2.2129170894622803,2.1003518104553223
2016-04-21,2.2135419845581055,2.1009442806243896
2016-04-22,2.113332986831665,2.0058329105377197
2016-04-25,2.1116669178009033,2.0042507648468018
2016-04-26,2.0827078819274902,1.9767658710479736
2016-04-27,2.032707929611206,1.9293090105056763
2016-04-28,1.9606250524520874,1.8608927726745605
2016-04-29,1.9293750524520874,1.8312323093414307
2016-05-02,1.980417013168335,1.8796781301498413
2016-05-03,1.9277080297470093,1.8296501636505127
2016-05-04,1.8895829916000366,1.7934643030166626
2016-05-05,1.8885420560836792,1.792476773262024
2016-05-06,1.9158329963684082,1.8183791637420654
2016-05-09,1.9327080249786377,1.8343958854675293
2016-05-10,2.0137500762939453,1.911315679550171
2016-05-11,1.9587500095367432,1.8591129779815674
2016-05-12,1.931249976158142,1.8330122232437134
2016-05-13,1.9079170227050781,1.810865879058838
2016-05-16,1.9814579486846924,1.8806660175323486
2016-05-17,1.9054169654846191,1.8084931373596191
2016-05-18,1.9270830154418945,1.829056978225708
2016-05-19,1.8966670036315918,1.8001880645751953
2016-05-20,1.9600000381469727,1.8602995872497559
2016-05-23,1.9504170417785645,1.8512040376663208
2016-05-24,2.0697920322418213,1.964506983757019
2016-05-25,2.114375114440918,2.006821870803833
2016-05-26,2.132082939147949,2.0236289501190186
2016-05-27,2.1641669273376465,2.0540804862976074
2016-05-31,2.1770830154418945,2.0663399696350098
2016-06-01,2.177917003631592,2.067131519317627
2016-06-02,2.1902079582214355,2.0787971019744873
2016-06-03,2.160207986831665,2.050323963165283
2016-06-06,2.183332920074463,2.072272300720215
2016-06-07,2.167917013168335,2.057640314102173
2016-06-08,2.177500009536743,2.0667357444763184
2016-06-09,2.167917013168335,2.057640314102173
2016-06-10,2.0950000286102295,1.9884322881698608
2016-06-13,2.041249990463257,1.937416434288025
2016-06-14,2.0422921180725098,1.9384057521820068
2016-06-15,2.0239579677581787,1.9210041761398315
2016-06-16,2.0385420322418213,1.9348459243774414
2016-06-17,1.96875,1.8686044216156006
2016-06-20,2.004167079925537,1.9022198915481567
2016-06-21,2.024167060852051,1.9212028980255127
2016-06-22,2.0110421180725098,1.9087456464767456
2016-06-23,2.0958330631256104,1.9892230033874512
2016-06-24,1.8391669988632202,1.7456130981445312
2016-06-27,1.7320829629898071,1.643976092338562
2016-06-28,1.8406250476837158,1.7469966411590576
2016-06-29,1.9362499713897705,1.8377578258514404
2016-06-30,2.006666898727417,1.904592752456665
2016-07-01,2.0341670513153076,1.9306938648223877
2016-07-05,1.9981249570846558,1.8964853286743164
2016-07-06,2.045207977294922,1.9411735534667969
2016-07-07,2.0645830631256104,1.95956289768219
2016-07-08,2.1600000858306885,2.05012583732605
2016-07-11,2.1968750953674316,2.0851259231567383
2016-07-12,2.2314579486846924,2.1179490089416504
2016-07-13,2.2158329486846924,2.103118419647217
2016-07-14,2.2608330249786377,2.145829439163208
2016-07-15,2.2481250762939453,2.1337685585021973
2016-07-18,2.292917013168335,2.1762824058532715
2016-07-19,2.269166946411133,2.153740406036377
2016-07-20,2.346874952316284,2.227494955062866
2016-07-21,2.3329169750213623,2.2142467498779297
2016-07-22,2.359999895095825,2.239952564239502
2016-07-25,2.3620829582214355,2.241929531097412
2016-07-26,2.369999885559082,2.2494442462921143
2016-07-27,2.416249990463257,2.2933409214019775
2016-07-28,2.442500114440918,2.318256139755249
2016-07-29,2.4585421085357666,2.3334827423095703
2016-08-01,2.4970829486846924,2.3700623512268066
2016-08-02,2.44083309173584,2.316673755645752
2016-08-03,2.4639580249786377,2.3386223316192627
2016-08-04,2.486042022705078,2.359583616256714
2016-08-05,2.5579171180725098,2.4278018474578857
2016-08-08,2.5497920513153076,2.420091152191162
2016-08-09,2.566667079925537,2.4361069202423096
2016-08-10,2.546875,2.4173214435577393
2016-08-11,2.579792022705078,2.448564291000366
2016-08-12,2.584583044052124,2.4531116485595703
2016-08-15,2.6170830726623535,2.4839584827423096
2016-08-16,2.5758330821990967,2.4448068141937256
2016-08-17,2.5879170894622803,2.4562759399414062
2016-08-18,2.59041690826416,2.458648204803467
2016-08-19,2.5868749618530273,2.455286979675293
2016-08-22,2.5893750190734863,2.457659959793091
2016-08-23,2.6047921180725098,2.472292900085449
2016-08-24,2.5545830726623535,2.424637794494629
2016-08-25,2.5425000190734863,2.4131696224212646
2016-08-26,2.5547919273376465,2.4248359203338623
2016-08-29,2.561875104904175,2.431558847427368
2016-08-30,2.538749933242798,2.409609794616699
2016-08-31,2.532083034515381,2.4032819271087646
2016-09-01,2.543333053588867,2.4139599800109863
2016-09-02,2.573124885559082,2.4422366619110107
2016-09-06,2.620832920074463,2.4875173568725586
2016-09-07,2.625624895095825,2.4920654296875
2016-09-08,2.580625057220459,2.449355363845825
2016-09-09,2.384999990463257,2.2636806964874268
2016-09-12,2.5072920322418213,2.3797523975372314
2016-09-13,2.448124885559082,2.323594570159912
2016-09-14,2.4795830249786377,2.353452682495117
2016-09-15,2.594583034515381,2.4626028537750244
2016-09-16,2.5916669368743896,2.4598350524902344
2016-09-19,2.5577080249786377,2.4276037216186523
2016-09-20,2.5718750953674316,2.4410500526428223
2016-09-21,2.646667003631592,2.512037515640259
2016-09-22,2.7085421085357666,2.570765256881714
2016-09-23,2.659791946411133,2.5244944095611572
2016-09-26,2.59375,2.4618120193481445
2016-09-27,2.6672921180725098,2.5316131114959717
2016-09-28,2.681874990463257,2.545454740524292
2016-09-29,2.625,2.4914724826812744
2016-09-30,2.678957939147949,2.5426859855651855
2016-10-03,2.672916889190674,2.536952018737793
2016-10-04,2.657707929611206,2.5225164890289307
2016-10-05,2.6854169368743896,2.548816442489624
2016-10-06,2.6812500953674316,2.544861316680908
2016-10-07,2.663749933242798,2.5282516479492188
2016-10-10,2.7114579677581787,2.573533058166504
2016-10-11,2.599375009536743,2.467151165008545
2016-10-12,2.5939579010009766,2.4620096683502197
2016-10-13,2.563541889190674,2.4331412315368652
2016-10-14,2.5693750381469727,2.4386770725250244
2016-10-17,2.5516669750213623,2.4218692779541016
2016-10-18,2.6170830726623535,2.4839584827423096
2016-10-19,2.6181249618530273,2.4849469661712646
2016-10-20,2.6070830821990967,2.4744672775268555
2016-10-21,2.6354169845581055,2.501359462738037
2016-10-24,2.7314579486846924,2.592515468597412
2016-10-25,2.704166889190674,2.566612958908081
2016-10-26,2.652292013168335,2.517376184463501
2016-10-27,2.6152079105377197,2.4821786880493164
2016-10-28,2.569999933242798,2.43927001953125
2016-10-31,2.555417060852051,2.425429582595825
2016-11-01,2.5029170513153076,2.375600576400757
2016-11-02,2.4377079010009766,2.3137080669403076
2016-11-03,2.367500066757202,2.2470712661743164
2016-11-04,2.340625047683716,2.2215638160705566
2016-11-07,2.5083329677581787,2.3807404041290283
2016-11-08,2.557499885559082,2.4274063110351562
2016-11-09,2.5933330059051514,2.461416006088257
2016-11-10,2.4700000286102295,2.3443567752838135
2016-11-11,2.467916965484619,2.342379570007324
2016-11-14,2.384582996368408,2.263284683227539
2016-11-15,2.494999885559082,2.3680853843688965
2016-11-16,2.5356249809265137,2.4066433906555176
2016-11-17,2.594374895095825,2.462405204772949
2016-11-18,2.5652079582214355,2.4347217082977295
2016-11-21,2.642292022705078,2.507885217666626
2016-11-22,2.6660420894622803,2.5304274559020996
2016-11-23,2.633958101272583,2.4999752044677734
2016-11-25,2.659374952316284,2.5240988731384277
2016-11-28,2.644582986831665,2.510059356689453
2016-11-29,2.6700000762939453,2.5341835021972656
2016-11-30,2.5835421085357666,2.4521231651306152
2016-12-01,2.441667079925537,2.3174655437469482
2016-12-02,2.451457977294922,2.3267581462860107
2016-12-05,2.508125066757202,2.3805432319641113
2016-12-06,2.526249885559082,2.3977458477020264
2016-12-07,2.619999885559082,2.486727237701416
2016-12-08,2.6360421180725098,2.501952886581421
2016-12-09,2.6977078914642334,2.5604817867279053
2016-12-12,2.660207986831665,2.5248899459838867
2016-12-13,2.764167070388794,2.623560667037964
2016-12-14,2.743957996368408,2.604379415512085
2016-12-15,2.760624885559082,2.6201984882354736
2016-12-16,2.7270829677581787,2.5883631706237793
2016-12-19,2.7604169845581055,2.6200010776519775
2016-12-20,2.793750047683716,2.6516385078430176
2016-12-21,2.7839579582214355,2.6423447132110596
2016-12-22,2.7597920894622803,2.619408369064331
2016-12-23,2.7683329582214355,2.627514123916626
2016-12-27,2.8087499141693115,2.6658756732940674
2016-12-28,2.7437500953674316,2.604182481765747
2016-12-29,2.730417013168335,2.591527223587036
2016-12-30,2.650624990463257,2.515794277191162
2017-01-03,2.714792013168335,2.5766966342926025
2017-01-04,2.7610421180725098,2.6205945014953613
2017-01-05,2.809999942779541,2.6670620441436768
2017-01-06,2.8812499046325684,2.734687566757202
2017-01-09,2.910417079925537,2.76237154006958
2017-01-10,2.9270830154418945,2.778189182281494
2017-01-11,2.949583053588867,2.7995450496673584
2017-01-12,2.9345829486846924,2.7853071689605713
2017-01-13,2.9683330059051514,2.817340612411499
2017-01-17,2.9404170513153076,2.7908453941345215
2017-01-18,2.9604170322418213,2.8098275661468506
2017-01-19,2.952500104904175,2.802313804626465
2017-01-20,2.9716670513153076,2.820505142211914
2017-01-23,2.978332996368408,2.826831817626953
2017-01-24,3.040416955947876,2.885758399963379
2017-01-25,3.129167079925537,2.969993829727173
2017-01-26,3.142082929611206,2.982253074645996
2017-01-27,3.157083034515381,2.996490001678467
2017-01-30,3.0854170322418213,2.92846941947937
2017-01-31,3.0683329105377197,2.9122540950775146
2017-02-01,3.126667022705078,2.967621326446533
2017-02-02,3.1187500953674316,2.9601070880889893
2017-02-03,3.1458330154418945,2.985811710357666
2017-02-06,3.1575000286102295,2.9968857765197754
2017-02-07,3.190000057220459,3.0277326107025146
2017-02-08,3.2079169750213623,3.0447378158569336
2017-02-09,3.2412500381469727,3.076375722885132
2017-02-10,3.2733330726623535,3.1068267822265625
2017-02-13,3.3308329582214355,3.1614015102386475
2017-02-14,3.3620829582214355,3.1910617351531982
2017-02-15,3.4200000762939453,3.246032953262329
2017-02-16,3.4170830249786377,3.243264675140381
2017-02-17,3.4600000381469727,3.2839980125427246
2017-02-21,3.515000104904175,3.336200475692749
2017-02-22,3.5154170989990234,3.336596727371216
2017-02-23,3.4774999618530273,3.3006083965301514
2017-02-24,3.4962499141693115,3.318404197692871
2017-02-27,3.506666898727417,3.328291416168213
2017-02-28,3.4791669845581055,3.3021903038024902
2017-03-01,3.5916669368743896,3.4089677333831787
2017-03-02,3.5350000858306885,3.3551828861236572
2017-03-03,3.553333044052124,3.3725836277008057
2017-03-06,3.528749942779541,3.3492510318756104
2017-03-07,3.5112500190734863,3.332641363143921
2017-03-08,3.5291669368743896,3.34964656829834
2017-03-09,3.5399999618530273,3.359929084777832
2017-03-10,3.578749895095825,3.396707773208618
2017-03-13,3.5995829105377197,3.416480779647827
2017-03-14,3.5729169845581055,3.391171455383301
2017-03-15,3.6354169845581055,3.4504923820495605
2017-03-16,3.6333329677581787,3.448513984680176
2017-03-17,3.6245830059051514,3.44020938873291
2017-03-20,3.6354169845581055,3.4504923820495605
2017-03-21,3.4733328819274902,3.2966530323028564
2017-03-22,3.5416669845581055,3.361510753631592
2017-03-23,3.5133330821990967,3.33461856842041
2017-03-24,3.5325000286102295,3.352810859680176
2017-03-27,3.5512499809265137,3.3706064224243164
2017-03-28,3.617917060852051,3.433882236480713
2017-03-29,3.665832996368408,3.479361057281494
2017-03-30,3.68416690826416,3.496762275695801
2017-03-31,3.675416946411133,3.488457441329956
2017-04-03,3.6675000190734863,3.480943202972412
2017-04-04,3.68416690826416,3.496762275695801
2017-04-05,3.642082929611206,3.4568188190460205
2017-04-06,3.6449999809265137,3.4595870971679688
2017-04-07,3.6408329010009766,3.455632448196411
2017-04-10,3.6449999809265137,3.4595870971679688
2017-04-11,3.5991671085357666,3.4160866737365723
2017-04-12,3.5516669750213623,3.371002197265625
2017-04-13,3.509582996368408,3.3310587406158447
2017-04-17,3.592916965484619,3.410154104232788
2017-04-18,3.5824999809265137,3.4002668857574463
2017-04-19,3.5950000286102295,3.4121313095092773
2017-04-20,3.6820828914642334,3.4947848320007324
2017-04-21,3.680417060852051,3.4932031631469727
2017-04-24,3.814167022705078,3.620149612426758
2017-04-25,3.898750066757202,3.700430393218994
2017-04-26,3.881666898727417,3.684215545654297
2017-04-27,3.949583053588867,3.7486774921417236
2017-04-28,3.97208309173584,3.7700326442718506
2017-05-01,4.072082996368408,3.8649466037750244
2017-05-02,4.096250057220459,3.8878839015960693
2017-05-03,4.055832862854004,3.849522590637207
2017-05-04,4.059999942779541,3.8534772396087646
2017-05-05,4.1041669845581055,3.8953981399536133
2017-05-08,4.128749847412109,3.9187309741973877
2017-05-09,4.174167156219482,3.961836814880371
2017-05-10,4.180832862854004,3.968163013458252
2017-05-11,4.170833110809326,3.9586727619171143
2017-05-12,4.1979169845581055,3.984379291534424
2017-05-15,4.2370829582214355,4.021551609039307
2017-05-16,4.290417194366455,4.0721755027771
2017-05-17,3.9658329486846924,3.7641003131866455
2017-05-18,4.066249847412109,3.8594093322753906
2017-05-19,4.115417003631592,3.9060757160186768
2017-05-22,4.22208309173584,4.0073161125183105
2017-05-23,4.232500076293945,4.017202377319336
2017-05-24,4.290832996368408,4.072568416595459
2017-05-25,4.403749942779541,4.179741382598877
2017-05-26,4.422500133514404,4.19753885269165
2017-05-30,4.431666851043701,4.20623779296875
2017-05-31,4.426249980926514,4.201096057891846
2017-06-01,4.4791669845581055,4.251321792602539
2017-06-02,4.632082939147949,4.396459579467773
2017-06-05,4.62833309173584,4.392900466918945
2017-06-06,4.575832843780518,4.343071460723877
2017-06-07,4.625833034515381,4.390527248382568
2017-06-08,4.638332843780518,4.402392387390137
2017-06-09,4.302917003631592,4.084037780761719
2017-06-12,4.224999904632568,4.010084629058838
2017-06-13,4.323750019073486,4.1038103103637695
2017-06-14,4.265832901000977,4.048840522766113
2017-06-15,4.2083330154418945,3.994264841079712
2017-06-16,4.157917022705078,3.94641375541687
2017-06-19,4.359167098999023,4.137427806854248
2017-06-20,4.2604169845581055,4.043698787689209
2017-06-21,4.384167194366455,4.161155700683594
2017-06-22,4.379167079925537,4.156409740447998
2017-06-23,4.428332805633545,4.203075408935547
2017-06-26,4.3695831298828125,4.147313117980957
2017-06-27,4.129167079925537,3.9191267490386963
2017-06-28,4.302499771118164,4.083641529083252
2017-06-29,4.0833330154418945,3.8756234645843506
2017-06-30,4.069167137145996,3.8621788024902344
2017-07-03,3.9583330154418945,3.7569823265075684
2017-07-05,4.071249961853027,3.8641560077667236
2017-07-06,3.963749885559082,3.7621240615844727
2017-07-07,4.082499980926514,3.87483286857605
2017-07-10,4.167916774749756,3.9559051990509033
2017-07-11,4.202083110809326,3.9883339405059814
2017-07-12,4.3516669273376465,4.130309104919434
2017-07-13,4.3804168701171875,4.157595157623291
2017-07-14,4.483333110809326,4.255276679992676
2017-07-17,4.485833168029785,4.2576494216918945
2017-07-18,4.574999809265137,4.342281341552734
2017-07-19,4.658750057220459,4.42177152633667
2017-07-20,4.676249980926514,4.438380718231201
2017-07-21,4.6691670417785645,4.4316582679748535
2017-07-24,4.730000019073486,4.489396095275879
2017-07-25,4.698332786560059,4.4593400955200195
2017-07-26,4.740417003631592,4.499283313751221
2017-07-27,4.655832767486572,4.41900110244751
2017-07-28,4.640832901000977,4.404765605926514
2017-07-31,4.580417156219482,4.347423553466797
2017-08-01,4.610416889190674,4.375896453857422
2017-08-02,4.644166946411133,4.407928943634033
2017-08-03,4.595832824707031,4.362052917480469
2017-08-04,4.613749980926514,4.379059791564941
2017-08-07,4.6954169273376465,4.45657205581665
2017-08-08,4.677917003631592,4.439961910247803
2017-08-09,4.65958309173584,4.422561168670654
2017-08-10,4.357082843780518,4.135449409484863
2017-08-11,4.456666946411133,4.229966163635254
2017-08-14,4.630000114440918,4.3944830894470215
2017-08-15,4.638332843780518,4.402392387390137
2017-08-16,4.662499904632568,4.425329685211182
2017-08-17,4.375833034515381,4.153243541717529
2017-08-18,4.360416889190674,4.138613224029541
2017-08-21,4.352499961853027,4.131098747253418
2017-08-22,4.546249866485596,4.314992904663086
2017-08-23,4.49541711807251,4.266745567321777
2017-08-24,4.457917213439941,4.23115348815918
2017-08-25,4.427917003631592,4.202680587768555
2017-08-28,4.466667175292969,4.2394585609436035
2017-08-29,4.521667003631592,4.291659832000732
2017-08-30,4.678332805633545,4.440356731414795
2017-08-31,4.81125020980835,4.566514015197754
2017-09-01,4.80791711807251,4.563350677490234
2017-09-05,4.679166793823242,4.441149711608887
2017-09-06,4.719583034515381,4.479508399963379
2017-09-07,4.74875020980835,4.507193088531494
2017-09-08,4.631667137145996,4.3960652351379395
2017-09-11,4.779167175292969,4.536063194274902
2017-09-12,4.819582939147949,4.5744218826293945
2017-09-13,4.839582920074463,4.593405723571777
2017-09-14,4.7579169273376465,4.515892505645752
2017-09-15,4.796249866485596,4.552276611328125
2017-09-18,4.78458309173584,4.541203498840332
2017-09-19,4.804999828338623,4.560581684112549
2017-09-20,4.764999866485596,4.522616386413574
2017-09-21,4.673333168029785,4.435612201690674
2017-09-22,4.6616668701171875,4.424539566040039
2017-09-25,4.515417098999023,4.285728931427002
2017-09-26,4.546249866485596,4.314992904663086
2017-09-27,4.669582843780518,4.4320526123046875
2017-09-28,4.6616668701171875,4.424539566040039
2017-09-29,4.7604169845581055,4.518265724182129
2017-10-02,4.773749828338623,4.53092098236084
2017-10-03,4.803750038146973,4.559394359588623
2017-10-04,4.816249847412109,4.571259021759033
2017-10-05,4.954999923706055,4.702950954437256
2017-10-06,4.972917079925537,4.719956874847412
2017-10-09,4.960416793823242,4.708091735839844
2017-10-10,4.970832824707031,4.717978477478027
2017-10-11,5.014166831970215,4.759108066558838
2017-10-12,4.9870829582214355,4.733402729034424
2017-10-13,5.042916774749756,4.786396026611328
2017-10-16,5.09499979019165,4.83582878112793
2017-10-17,5.112916946411133,4.852835178375244
2017-10-18,5.093332767486572,4.834248065948486
2017-10-19,5.037083148956299,4.780859470367432
2017-10-20,5.073750019073486,4.815661430358887
2017-10-23,4.9791669845581055,4.725888252258301
2017-10-24,5.00458288192749,4.750011920928955
2017-10-25,4.943749904632568,4.692273139953613
2017-10-26,4.897916793823242,4.6487717628479
2017-10-27,5.320000171661377,5.049384593963623
2017-10-30,5.357916831970215,5.085372447967529
2017-10-31,5.414583206176758,5.139157295227051
2017-11-01,5.40749979019165,5.13243293762207
2017-11-02,5.380000114440918,5.106332778930664
2017-11-03,5.53000020980835,5.248702049255371
2017-11-06,5.586249828338623,5.302091121673584
2017-11-07,5.595417022705078,5.310791015625
2017-11-08,5.665417194366455,5.377232074737549
2017-11-09,5.574583053588867,5.291017532348633
2017-11-10,5.5729169845581055,5.289435863494873
2017-11-13,5.589582920074463,5.305253982543945
2017-11-14,5.533332824707031,5.251866340637207
2017-11-15,5.452083110809326,5.174749374389648
2017-11-16,5.65625,5.368530750274658
2017-11-17,5.592916965484619,5.308418273925781
2017-11-20,5.579166889190674,5.295368194580078
2017-11-21,5.755000114440918,5.462257385253906
2017-11-22,5.77791690826416,5.484007835388184
2017-11-24,5.842916965484619,5.545701026916504
2017-11-27,5.8333330154418945,5.536605358123779
2017-11-28,5.87624979019165,5.5773396492004395
2017-11-29,5.574166774749756,5.290622711181641
2017-11-30,5.712500095367432,5.421917915344238
2017-12-01,5.636250019073486,5.349546909332275
2017-12-04,5.441667079925537,5.164863586425781
2017-12-05,5.449583053588867,5.172375202178955
2017-12-06,5.521667003631592,5.240792751312256
2017-12-07,5.576250076293945,5.292599201202393
2017-12-08,5.650000095367432,5.362598896026611
2017-12-11,5.779582977294922,5.485589981079102
2017-12-12,5.7579169273376465,5.465025424957275
2017-12-13,5.7866668701171875,5.492314338684082
2017-12-14,5.7783331871032715,5.484405040740967
2017-12-15,5.966249942779541,5.662761211395264
2017-12-18,6.1195831298828125,5.80829381942749
2017-12-19,6.019999980926514,5.713776588439941
2017-12-20,5.994999885559082,5.690049171447754
2017-12-21,5.9920830726623535,5.687280654907227
2017-12-22,5.97208309173584,5.66829776763916
2017-12-26,5.875417232513428,5.576549530029297
2017-12-27,5.875417232513428,5.576549530029297
2017-12-28,5.891250133514404,5.591577053070068
2017-12-29,5.78000020980835,5.485986709594727
2018-01-02,6.076666831970215,5.767562389373779
2018-01-03,6.25458288192749,5.936428546905518
2018-01-04,6.291250228881836,5.9712300300598145
2018-01-05,6.481249809265137,6.151564121246338
2018-01-08,6.553332805633545,6.219980716705322
2018-01-09,6.558332920074463,6.224727153778076
2018-01-10,6.511666774749756,6.180433750152588
2018-01-11,6.642083168029785,6.3042168617248535
2018-01-12,6.782917022705078,6.4378862380981445
2018-01-16,6.730416774749756,6.388056755065918
2018-01-17,6.942500114440918,6.589351654052734
2018-01-18,6.949166774749756,6.5956807136535645
2018-01-19,7.015832901000977,6.658955097198486
2018-01-22,7.235000133514404,6.86697244644165
2018-01-23,7.418333053588867,7.040980815887451
2018-01-24,7.267917156219482,6.8982157707214355
2018-01-25,7.258749961853027,6.889515399932861
2018-01-26,7.582917213439941,7.1971940994262695
2018-01-29,7.482500076293945,7.101884365081787
2018-01-30,7.291250228881836,6.92036247253418
2018-01-31,7.381249904632568,7.005783557891846
2018-02-01,7.196667194366455,6.83059024810791
2018-02-02,6.757082939147949,6.413366317749023
2018-02-05,5.977083206176758,5.673044204711914
2018-02-06,6.437917232513428,6.11043643951416
2018-02-07,6.183332920074463,5.868801116943359
2018-02-08,5.417082786560059,5.141529083251953
2018-02-09,5.672082901000977,5.3835577964782715
2018-02-12,5.9895830154418945,5.68490743637085
2018-02-13,6.0625,5.754115581512451
2018-02-14,6.417500019073486,6.091057777404785
2018-02-15,6.7529168128967285,6.409412860870361
2018-02-16,6.677499771118164,6.337832450866699
2018-02-20,6.7108330726623535,6.369470119476318
2018-02-21,6.650416851043701,6.312126159667969
2018-02-22,6.65166711807251,6.3133134841918945
2018-02-23,7.047916889190674,6.689406394958496
2018-02-26,7.3308329582214355,6.9579315185546875
2018-02-27,7.068333148956299,6.7087836265563965
2018-02-28,6.926249980926514,6.573928356170654
2018-03-01,6.592916965484619,6.257551193237305
2018-03-02,6.774167060852051,6.429581642150879
2018-03-05,6.986667156219482,6.631272315979004
2018-03-06,7.074999809265137,6.71511173248291
2018-03-07,7.1279168128967285,6.765336513519287
2018-03-08,7.234167098999023,6.866181373596191
2018-03-09,7.655416965484619,7.266003608703613
2018-03-12,7.769999980926514,7.374758720397949
2018-03-13,7.487916946411133,7.107024669647217
2018-03-14,7.462500095367432,7.0829010009765625
2018-03-15,7.429166793823242,7.051263332366943
2018-03-16,7.380000114440918,7.004598140716553
2018-03-19,6.9166669845581055,6.564833641052246
2018-03-20,6.96750020980835,6.6130805015563965
2018-03-21,6.866666793823242,6.517375469207764
2018-03-22,6.364999771118164,6.041227340698242
2018-03-23,5.850832939147949,5.5532145500183105
2018-03-26,6.509167194366455,6.1780619621276855
2018-03-27,5.885000228881836,5.585644245147705
2018-03-28,5.6820831298828125,5.393050193786621
2018-03-29,5.99666690826416,5.6916303634643555
2018-04-02,5.46416711807251,5.186218738555908
2018-04-03,5.647500038146973,5.360224723815918
2018-04-04,5.914583206176758,5.613722324371338
2018-04-05,6.007500171661377,5.701913356781006
2018-04-06,5.55916690826416,5.276385307312012
2018-04-09,5.670416831970215,5.381976127624512
2018-04-10,6.045000076293945,5.737504959106445
2018-04-11,5.943333148956299,5.641009330749512
2018-04-12,6.15166711807251,5.838746547698975
2018-04-13,6.060417175292969,5.752139091491699
2018-04-16,6.194167137145996,5.879085063934326
2018-04-17,6.59041690826416,6.255179405212402
2018-04-18,6.636250019073486,6.298679828643799
2018-04-19,6.4558329582214355,6.127440452575684
2018-04-20,6.146249771118164,5.833604335784912
2018-04-23,6.097917079925537,5.7877302169799805
2018-04-24,5.709167003631592,5.418755531311035
2018-04-25,5.7316670417785645,5.440110683441162
2018-04-26,6.087082862854004,5.77744722366333
2018-04-27,6.101250171661377,5.790894985198975
2018-04-30,5.971250057220459,5.667507648468018
2018-05-01,6.165417194366455,5.8517985343933105
2018-05-02,6.05791711807251,5.749765396118164
2018-05-03,6.058332920074463,5.750160217285156
2018-05-04,6.399167060852051,6.0736565589904785
2018-05-07,6.551249980926514,6.218003273010254
2018-05-08,6.529582977294922,6.197439193725586
2018-05-09,6.748332977294922,6.405060291290283
2018-05-10,6.9583330154418945,6.604379653930664
2018-05-11,6.9375,6.584605693817139
2018-05-14,6.968332767486572,6.613870620727539
2018-05-15,6.742917060852051,6.39992094039917
2018-05-16,6.8670830726623535,6.517772197723389
2018-05-17,6.789583206176758,6.444213390350342
2018-05-18,6.680832862854004,6.3409953117370605
2018-05-21,6.797500133514404,6.451727390289307
2018-05-22,6.762083053588867,6.418112277984619
2018-05-23,6.9320831298828125,6.579463958740234
2018-05-24,6.926249980926514,6.573928356170654
2018-05-25,6.943749904632568,6.590539455413818
2018-05-29,6.855000019073486,6.506303310394287
2018-05-30,7.00124979019165,6.645112991333008
2018-05-31,6.986249923706055,6.630876541137695
2018-06-01,7.31125020980835,6.939345836639404
2018-06-04,7.49875020980835,7.117305755615234
2018-06-05,7.576250076293945,7.1908650398254395
2018-06-06,7.701250076293945,7.309506416320801
2018-06-07,7.522500038146973,7.139849662780762
2018-06-08,7.517499923706055,7.13510274887085
2018-06-11,7.576250076293945,7.1908650398254395
2018-06-12,7.696249961853027,7.304759979248047
2018-06-13,7.6875,7.296455383300781
2018-06-14,7.921249866485596,7.518315315246582
2018-06-15,7.84250020980835,7.443571090698242
2018-06-18,7.824999809265137,7.426961421966553
2018-06-19,7.755000114440918,7.3605217933654785
2018-06-20,7.917500019073486,7.514755725860596
2018-06-21,7.712500095367432,7.320182800292969
2018-06-22,7.635000228881836,7.246626853942871
2018-06-25,7.147500038146973,6.783924579620361
2018-06-26,7.226250171661377,6.858667373657227
2018-06-27,6.93625020980835,6.5834197998046875
2018-06-28,7.106249809265137,6.744771957397461
2018-06-29,7.138750076293945,6.775618553161621
2018-07-02,7.298749923706055,6.927480220794678
2018-07-03,7.047500133514404,6.689010143280029
2018-07-05,7.306250095367432,6.934597969055176
2018-07-06,7.635000228881836,7.246626853942871
2018-07-09,7.847499847412109,7.44831657409668
2018-07-10,7.866250038146973,7.46611213684082
2018-07-11,7.75124979019165,7.35696268081665
2018-07-12,8.133749961853027,7.720005512237549
2018-07-13,8.157500267028809,7.74254846572876
2018-07-16,8.102499961853027,7.690345764160156
2018-07-17,8.2524995803833,7.832714557647705
2018-07-18,8.199999809265137,7.7828850746154785
2018-07-19,8.078749656677246,7.66780424118042
2018-07-20,8.067500114440918,7.657125949859619
2018-07-23,8.137499809265137,7.723564624786377
2018-07-24,8.241250038146973,7.822037696838379
2018-07-25,8.585000038146973,8.148301124572754
2018-07-26,8.210000038146973,7.792376518249512
2018-07-27,7.867499828338623,7.467298984527588
2018-07-30,7.528749942779541,7.145780563354492
2018-07-31,7.678750038146973,7.288150310516357
2018-08-01,7.783750057220459,7.387808799743652
2018-08-02,8.09375,7.682040214538574
2018-08-03,8.166250228881836,7.750851631164551
2018-08-06,8.31624984741211,7.8932204246521
2018-08-07,8.397500038146973,7.970339775085449
2018-08-08,8.420000076293945,7.991696357727051
2018-08-09,8.412500381469727,7.984576225280762
2018-08-10,8.2162504196167,7.798309803009033
2018-08-13,8.192500114440918,7.775767803192139
2018-08-14,8.34375,7.919323921203613
2018-08-15,8.039999961853027,7.6310248374938965
2018-08-16,8.113750457763672,7.701024532318115
2018-08-17,8.112500190734863,7.699836254119873
2018-08-20,8.0962495803833,7.684413433074951
2018-08-21,8.180000305175781,7.763903617858887
2018-08-22,8.274999618530273,7.854071140289307
2018-08-23,8.233750343322754,7.814919471740723
2018-08-24,8.462499618530273,8.032032012939453
2018-08-27,8.717499732971191,8.274060249328613
2018-08-28,8.756250381469727,8.310840606689453
2018-08-29,9.0625,8.601512908935547
2018-08-30,9.011249542236328,8.552868843078613
2018-08-31,9.037500381469727,8.577784538269043
2018-09-04,8.930000305175781,8.475754737854004
2018-09-05,8.574999809265137,8.138812065124512
2018-09-06,8.3412504196167,7.9169511795043945
2018-09-07,8.258749961853027,7.838646411895752
2018-09-10,8.331250190734863,7.907458782196045
2018-09-11,8.516249656677246,8.083050727844238
2018-09-12,8.442500114440918,8.01305103302002
2018-09-13,8.692500114440918,8.250336647033691
2018-09-14,8.626250267028809,8.187454223632812
2018-09-17,8.262499809265137,7.842206001281738
2018-09-18,8.458749771118164,8.028472900390625
2018-09-19,8.4399995803833,8.0106782913208
2018-09-20,8.704999923706055,8.262197494506836
2018-09-21,8.56624984741211,8.130504608154297
2018-09-24,8.640000343322754,8.2005033493042
2018-09-25,8.675000190734863,8.233724594116211
2018-09-26,8.666250228881836,8.225422859191895
2018-09-27,8.90625,8.453210830688477
2018-09-28,8.892499923706055,8.44015884399414
2018-10-01,8.943750381469727,8.48880386352539
2018-10-02,8.892499923706055,8.44015884399414
2018-10-03,8.918749809265137,8.465075492858887
2018-10-04,8.40999984741211,7.982205390930176
2018-10-05,8.09375,7.682040214538574
2018-10-08,7.948750019073486,7.544416904449463
2018-10-09,8.010000228881836,7.6025519371032715
2018-10-10,6.971250057220459,6.616640090942383
2018-10-11,6.68874979019165,6.348509788513184
2018-10-12,7.253749847412109,6.884770393371582
2018-10-15,6.980000019073486,6.62494421005249
2018-10-16,7.581250190734863,7.195609092712402
2018-10-17,7.606249809265137,7.219338417053223
2018-10-18,7.078750133514404,6.7186713218688965
2018-10-19,7.050000190734863,6.6913838386535645
2018-10-22,7.15625,6.792229652404785
2018-10-23,7.077499866485596,6.717483997344971
2018-10-24,6.114999771118164,5.8039445877075195
2018-10-25,6.742499828338623,6.399525165557861
2018-10-26,6.21875,5.902417182922363
2018-10-29,5.886250019073486,5.586830139160156
2018-10-30,6.113749980926514,5.802758693695068
2018-10-31,6.526249885559082,6.194275379180908
2018-11-01,6.81125020980835,6.464780330657959
2018-11-02,6.506249904632568,6.175293445587158
2018-11-05,6.442500114440918,6.1147847175598145
2018-11-06,6.578750133514404,6.244104385375977
2018-11-07,7.183750152587891,6.818329334259033
2018-11-08,7.06125020980835,6.702061176300049
2018-11-09,6.702499866485596,6.361560344696045
2018-11-12,6.113749980926514,5.802758693695068
2018-11-13,6.111249923706055,5.800386428833008
2018-11-14,5.956250190734863,5.653270721435547
2018-11-15,6.275000095367432,5.955805778503418
2018-11-16,6.206250190734863,5.890553951263428
2018-11-19,5.611249923706055,5.32581901550293
2018-11-20,5.300000190734863,5.030402660369873
2018-11-21,5.418749809265137,5.143111228942871
2018-11-23,5.298749923706055,5.029214382171631
2018-11-26,5.662499904632568,5.374462127685547
2018-11-27,5.721250057220459,5.4302239418029785
2018-11-28,6.263750076293945,5.945128440856934
2018-11-29,6.206250190734863,5.890553951263428
2018-11-30,6.336249828338623,6.013941287994385
2018-12-03,6.661250114440918,6.322408676147461
2018-12-04,5.928750038146973,5.627168655395508
2018-12-06,6.014999866485596,5.709031581878662
2018-12-07,5.426249980926514,5.150229454040527
2018-12-10,5.596250057220459,5.311582088470459
2018-12-11,5.65625,5.368530750274658
2018-12-12,5.798749923706055,5.503781795501709
2018-12-13,5.800000190734863,5.504968643188477
2018-12-14,5.362500190734863,5.089722633361816
2018-12-17,5.016250133514404,4.761086463928223
2018-12-18,5.099999904632568,4.840575218200684
2018-12-19,4.731249809265137,4.49058198928833
2018-12-20,4.541250228881836,4.310249328613281
2018-12-21,4.102499961853027,3.893815755844116
2018-12-24,3.7987499237060547,3.6055166721343994
2018-12-26,4.482500076293945,4.260234355926514
2018-12-27,4.546249866485596,4.3208231925964355
2018-12-28,4.527500152587891,4.30300235748291
2018-12-31,4.630000114440918,4.400419235229492
2019-01-02,4.696249961853027,4.463385581970215
2019-01-03,4.241250038146973,4.030947208404541
2019-01-04,4.783750057220459,4.546545505523682
2019-01-07,4.93625020980835,4.6914849281311035
2019-01-08,5.078750133514404,4.8269195556640625
2019-01-09,5.198750019073486,4.940968990325928
2019-01-10,5.24875020980835,4.988489627838135
2019-01-11,5.18625020980835,4.929088592529297
2019-01-14,5.051249980926514,4.800781726837158
2019-01-15,5.331250190734863,5.066898822784424
2019-01-16,5.338749885559082,5.074025630950928
2019-01-17,5.463749885559082,5.192828178405762
2019-01-18,5.613749980926514,5.335391044616699
2019-01-22,5.303750038146973,5.040762424468994
2019-01-23,5.308750152587891,5.0455145835876465
2019-01-24,5.402500152587891,5.134615898132324
2019-01-25,5.59499979019165,5.317570686340332
2019-01-28,5.388750076293945,5.121546745300293
2019-01-29,5.236249923706055,4.9766082763671875
2019-01-30,5.628749847412109,5.349647045135498
2019-01-31,5.87624979019165,5.584875106811523
2019-02-01,5.801249980926514,5.5135931968688965
2019-02-04,6.013750076293945,5.7155561447143555
2019-02-05,6.172500133514404,5.866434574127197
2019-02-06,6.12375020980835,5.820102214813232
2019-02-07,5.87375020980835,5.582498550415039
2019-02-08,5.903749942779541,5.6110100746154785
2019-02-11,5.889999866485596,5.59794282913208
2019-02-12,6.144999980926514,5.840297698974609
2019-02-13,6.15749979019165,5.85217809677124
2019-02-14,6.179999828338623,5.873562812805176
2019-02-15,6.253749847412109,5.943655967712402
2019-02-19,6.291250228881836,5.9792962074279785
2019-02-20,6.286250114440918,5.974544525146484
2019-02-21,6.215000152587891,5.906827449798584
2019-02-22,6.349999904632568,6.035133361816406
2019-02-25,6.420000076293945,6.1016621589660645
2019-02-26,6.440000057220459,6.120670795440674
2019-02-27,6.420000076293945,6.1016621589660645
2019-02-28,6.380000114440918,6.0636467933654785
2019-03-01,6.507500171661377,6.184824466705322
2019-03-04,6.508749961853027,6.18601131439209
2019-03-05,6.525000095367432,6.201456546783447
2019-03-06,6.412499904632568,6.094533920288086
2019-03-07,6.178750038146973,5.872375965118408
2019-03-08,6.143750190734863,5.839110851287842
2019-03-11,6.527500152587891,6.203831195831299
2019-03-12,6.633749961853027,6.304813385009766
2019-03-13,6.777500152587891,6.441434383392334
2019-03-14,6.747499942779541,6.412923336029053
2019-03-15,6.914999961853027,6.572116851806641
2019-03-18,6.977499961853027,6.631518363952637
2019-03-19,7.047500133514404,6.698047637939453
2019-03-20,7.12624979019165,6.775295734405518
2019-03-21,7.456250190734863,7.089044570922852
2019-03-22,6.96875,6.625551223754883
2019-03-25,6.925000190734863,6.583957672119141
2019-03-26,7.019999980926514,6.674278259277344
2019-03-27,6.882500171661377,6.543550491333008
2019-03-28,6.926249980926514,6.585145473480225
2019-03-29,7.082499980926514,6.733700752258301
2019-04-01,7.361249923706055,6.998722076416016
2019-04-02,7.442500114440918,7.075971603393555
2019-04-03,7.571249961853027,7.198380470275879
2019-04-04,7.559999942779541,7.187683582305908
2019-04-05,7.673749923706055,7.29583215713501
2019-04-08,7.733749866485596,7.352877140045166
2019-04-09,7.648749828338623,7.2720627784729
2019-04-10,7.772500038146973,7.389718532562256
2019-04-11,7.713749885559082,7.333862781524658
2019-04-12,7.808750152587891,7.4241838455200195
2019-04-15,7.815000057220459,7.430126667022705
2019-04-16,7.891250133514404,7.502621650695801
2019-04-17,7.96999979019165,7.577492713928223
2019-04-18,7.994999885559082,7.601261615753174
2019-04-22,8.0625,7.6654372215271
2019-04-23,8.368749618530273,7.956607341766357
2019-04-24,8.287500381469727,7.879358291625977
2019-04-25,8.380000114440918,7.967300891876221
2019-04-26,8.40999984741211,7.995826244354248
2019-04-29,8.454999923706055,8.038607597351074
2019-04-30,8.261249542236328,7.854398727416992
2019-05-01,8.166250228881836,7.764079570770264
2019-05-02,8.06624984741211,7.669003009796143
2019-05-03,8.446249961853027,8.030287742614746
2019-05-06,8.295000076293945,7.886487007141113
2019-05-07,7.8125,7.427749156951904
2019-05-08,7.743750095367432,7.362386226654053
2019-05-09,7.621250152587891,7.245918273925781
2019-05-10,7.642499923706055,7.266121864318848
2019-05-13,6.852499961853027,6.515027046203613
2019-05-14,7.067500114440918,6.719439506530762
2019-05-15,7.361249923706055,6.998722076416016
2019-05-16,7.591249942779541,7.2173967361450195
2019-05-17,7.355000019073486,6.992781162261963
2019-05-20,6.986249923706055,6.642190933227539
2019-05-21,7.196249961853027,6.841848373413086
2019-05-22,7.102499961853027,6.752715110778809
2019-05-23,6.767499923706055,6.434212684631348
2019-05-24,6.757500171661377,6.424705982208252
2019-05-28,6.684999942779541,6.355776786804199
2019-05-29,6.517499923706055,6.1965250968933105
2019-05-30,6.59499979019165,6.270208835601807
2019-05-31,6.277500152587891,5.968344688415527
2019-06-03,5.87624979019165,5.586856365203857
2019-06-04,6.352499961853027,6.039652347564697
2019-06-05,6.492499828338623,6.172755718231201
2019-06-06,6.642499923706055,6.315369129180908
2019-06-07,7.021249771118164,6.675467014312744
2019-06-10,7.277500152587891,6.919096946716309
2019-06-11,7.304999828338623,6.9452433586120605
2019-06-12,7.181250095367432,6.827586650848389
2019-06-13,7.298749923706055,6.939299583435059
2019-06-14,7.203750133514404,6.848978519439697
2019-06-17,7.335000038146973,6.973766803741455
2019-06-18,7.652500152587891,7.275630474090576
2019-06-19,7.742499828338623,7.361196517944336
2019-06-20,7.954999923706055,7.563230991363525
2019-06-21,7.918749809265137,7.528766632080078
2019-06-24,7.916250228881836,7.5263895988464355
2019-06-25,7.511250019073486,7.141335487365723
2019-06-26,7.606249809265137,7.231656074523926
2019-06-27,7.68874979019165,7.310093879699707
2019-06-28,7.721250057220459,7.3409929275512695
2019-07-01,8.0287504196167,7.633350372314453
2019-07-02,8.126250267028809,7.726049423217773
2019-07-03,8.306249618530273,7.897183895111084
2019-07-05,8.2524995803833,7.8460798263549805
2019-07-08,8.078749656677246,7.680887699127197
2019-07-09,8.199999809265137,7.796165943145752
2019-07-10,8.442500114440918,8.026721000671387
2019-07-11,8.420000076293945,8.005332946777344
2019-07-12,8.561249732971191,8.139626502990723
2019-07-15,8.633749961853027,8.208553314208984
2019-07-16,8.511249542236328,8.092086791992188
2019-07-17,8.385000228881836,7.972055912017822
2019-07-18,8.421250343322754,8.006519317626953
2019-07-19,8.217499732971191,7.812804222106934
2019-07-22,8.411250114440918,7.997013568878174
2019-07-23,8.573749542236328,8.151510238647461
2019-07-24,8.756250381469727,8.325019836425781
2019-07-25,8.506250381469727,8.087334632873535
2019-07-26,8.758749961853027,8.327397346496582
2019-07-29,8.677499771118164,8.250150680541992
2019-07-30,8.561249732971191,8.139626502990723
2019-07-31,8.199999809265137,7.796165943145752
2019-08-01,8.085000038146973,7.68682861328125
2019-08-02,7.715000152587891,7.335052013397217
2019-08-05,6.90500020980835,6.56494140625
2019-08-06,7.18874979019165,6.834718704223633
2019-08-07,7.293749809265137,6.93454647064209
2019-08-08,7.776249885559082,7.393284797668457
2019-08-09,7.546249866485596,7.174612045288086
2019-08-12,7.293749809265137,6.93454647064209
2019-08-13,7.772500038146973,7.389718532562256
2019-08-14,7.076250076293945,6.727757930755615
2019-08-15,7.046249866485596,6.699235916137695
2019-08-16,7.371250152587891,7.0082316398620605
2019-08-19,7.716249942779541,7.336239814758301
2019-08-20,7.557499885559082,7.18530797958374
2019-08-21,7.75,7.3683271408081055
2019-08-22,7.675000190734863,7.297020435333252
2019-08-23,6.972499847412109,6.629117965698242
2019-08-26,7.255000114440918,6.897705078125
2019-08-27,7.211249828338623,6.856109142303467
2019-08-28,7.283750057220459,6.9250383377075195
2019-08-29,7.614999771118164,7.239975452423096
2019-08-30,7.56125020980835,7.188873291015625
2019-09-03,7.341249942779541,6.979707717895508
2019-09-04,7.650000095367432,7.273252010345459
2019-09-05,8.072500228881836,7.674943923950195
2019-09-06,8.050000190734863,7.653554916381836
2019-09-09,7.99875020980835,7.604826927185059
2019-09-10,7.932499885559082,7.541839122772217
2019-09-11,8.146249771118164,7.74506139755249
2019-09-12,8.2475004196167,7.84132719039917
2019-09-13,8.15999984741211,7.75813627243042
2019-09-16,8.047499656677246,7.651174545288086
2019-09-17,8.1537504196167,7.752192974090576
2019-09-18,8.148750305175781,7.747439861297607
2019-09-19,8.1850004196167,7.7819061279296875
2019-09-20,7.927499771118164,7.5370869636535645
2019-09-23,7.934999942779541,7.544216156005859
2019-09-24,7.621250152587891,7.245918273925781
2019-09-25,7.864999771118164,7.477663993835449
2019-09-26,7.786250114440918,7.402791976928711
2019-09-27,7.503749847412109,7.134204864501953
2019-09-30,7.703750133514404,7.3243560791015625
2019-10-01,7.517499923706055,7.14727783203125
2019-10-02,7.132500171661377,6.781238555908203
2019-10-03,7.367499828338623,7.004665374755859
2019-10-04,7.677499771118164,7.299397945404053
2019-10-07,7.606249809265137,7.231656074523926
2019-10-08,7.260000228881836,6.902460098266602
2019-10-09,7.480000019073486,7.111624240875244
2019-10-10,7.643750190734863,7.267310619354248
2019-10-11,7.929999828338623,7.539462566375732
2019-10-14,7.93874979019165,7.547781467437744
2019-10-15,8.239999771118164,7.834194660186768
2019-10-16,8.178750038146973,7.77596378326416
2019-10-17,8.234999656677246,7.829442501068115
2019-10-18,7.99875020980835,7.604826927185059
2019-10-21,8.210000038146973,7.8056721687316895
2019-10-22,8.020000457763672,7.625030040740967
2019-10-23,8.057499885559082,7.660683631896973
2019-10-24,8.288749694824219,7.880544662475586
2019-10-25,8.477499961853027,8.059998512268066
2019-10-28,8.736249923706055,8.30600643157959
2019-10-29,8.53499984741211,8.114668846130371
2019-10-30,8.654999732971191,8.228757858276367
2019-10-31,8.661250114440918,8.234700202941895
2019-11-01,8.896249771118164,8.45812702178955
2019-11-04,9.055000305175781,8.609061241149902
2019-11-05,9.06624984741211,8.619754791259766
2019-11-06,9.008749961853027,8.565088272094727
2019-11-07,9.100000381469727,8.651844024658203
2019-11-08,9.207500457763672,8.754048347473145
2019-11-11,9.168749809265137,8.717206001281738
2019-11-12,9.243749618530273,8.788511276245117
2019-11-13,9.229999542236328,8.775439262390137
2019-11-14,9.227499961853027,8.773065567016602
2019-11-15,9.401249885559082,8.938257217407227
2019-11-18,9.449999809265137,8.984607696533203
2019-11-19,9.488750457763672,9.021446228027344
2019-11-20,9.322500228881836,8.863386154174805
2019-11-21,9.25,8.794455528259277
2019-11-22,9.274999618530273,8.818222999572754
2019-11-25,9.5962495803833,9.123651504516602
2019-11-26,9.6537504196167,9.178323745727539
2019-11-27,9.848750114440918,9.363716125488281
2019-11-29,9.717499732971191,9.238932609558105
2019-12-02,9.404999732971191,8.94182300567627
2019-12-03,9.193750381469727,8.740975379943848
2019-12-04,9.329999923706055,8.870514869689941
2019-12-05,9.37874984741211,8.916864395141602
2019-12-06,9.668749809265137,9.192583084106445
2019-12-09,9.550000190734863,9.079681396484375
2019-12-10,9.5287504196167,9.059476852416992
2019-12-11,9.672499656677246,9.196147918701172
2019-12-12,9.893750190734863,9.406499862670898
2019-12-13,9.982500076293945,9.49088191986084
2019-12-16,10.268750190734863,9.763031005859375
2019-12-17,10.282500267028809,9.776106834411621
2019-12-18,10.306249618530273,9.798686981201172
2019-12-19,10.516249656677246,9.998342514038086
2019-12-20,10.641249656677246,10.117188453674316
2019-12-23,10.720000267028809,10.192059516906738
2019-12-24,10.729999542236328,10.205260276794434
2019-12-26,11.008749961853027,10.470376014709473
2019-12-27,10.976249694824219,10.43946361541748
2019-12-30,10.757499694824219,10.231413841247559
2019-12-31,10.818750381469727,10.289667129516602
2020-01-02,11.354999542236328,10.799692153930664
2020-01-03,11.046250343322754,10.50604248046875
2020-01-06,11.256250381469727,10.705771446228027
2020-01-07,11.242500305175781,10.692693710327148
2020-01-08,11.501250267028809,10.938793182373047
2020-01-09,11.791250228881836,11.214609146118164
2020-01-10,11.694999694824219,11.123064994812012
2020-01-13,12.103750228881836,11.511824607849121
2020-01-14,11.962499618530273,11.377482414245605
2020-01-15,11.970000267028809,11.384615898132324
2020-01-16,12.303750038146973,11.702044486999512
2020-01-17,12.487500190734863,11.876809120178223
2020-01-21,12.481249809265137,11.87086296081543
2020-01-22,12.56624984741211,11.951706886291504
2020-01-23,12.682499885559082,12.062272071838379
2020-01-24,12.353750228881836,11.749598503112793
2020-01-27,11.59000015258789,11.023200035095215
2020-01-28,12.12874984741211,11.535600662231445
2020-01-29,12.172499656677246,11.577213287353516
2020-01-30,12.3100004196167,11.707989692687988
2020-01-31,11.704999923706055,11.132575988769531
2020-02-03,12.242500305175781,11.643790245056152
2020-02-04,13.078749656677246,12.439143180847168
2020-02-05,13.229999542236328,12.582996368408203
2020-02-06,13.552499771118164,12.889724731445312
2020-02-07,13.3774995803833,12.723282814025879
2020-02-10,13.859999656677246,13.182186126708984
2020-02-11,13.869999885559082,13.191697120666504
2020-02-12,14.276249885559082,13.578080177307129
2020-02-13,14.2212495803833,13.525768280029297
2020-02-14,14.317500114440918,13.61731243133545
2020-02-18,14.342499732971191,13.641091346740723
2020-02-19,14.757499694824219,14.035796165466309
2020-02-20,14.337499618530273,13.636335372924805
2020-02-21,13.517499923706055,12.856437683105469
2020-02-24,11.960000038146973,11.375104904174805
2020-02-25,10.992500305175781,10.454919815063477
2020-02-26,11.143750190734863,10.598773956298828
2020-02-27,9.477499961853027,9.014009475708008
2020-02-28,9.625,9.154296875
2020-03-02,10.938750267028809,10.403799057006836
2020-03-03,9.9087495803833,9.424169540405273
2020-03-04,11.111249923706055,10.567862510681152
2020-03-05,10.136249542236328,9.640543937683105
2020-03-06,9.604999542236328,9.135273933410645
2020-03-09,7.653749942779541,7.279449462890625
2020-03-10,8.845000267028809,8.412442207336426
2020-03-11,7.707499980926514,7.330570220947266
2020-03-12,5.59499979019165,5.321380615234375
2020-03-13,7.105000019073486,6.757535457611084
2020-03-16,4.65625,4.428540229797363
2020-03-17,5.414999961853027,5.15018367767334
2020-03-18,4.913750171661377,4.6734466552734375
2020-03-19,5.027500152587891,4.781633377075195
2020-03-20,4.43874979019165,4.221675872802734
2020-03-23,4.452499866485596,4.2347540855407715
2020-03-24,5.445000171661377,5.178716659545898
2020-03-25,5.318749904632568,5.058640003204346
2020-03-26,6.184999942779541,5.882527828216553
2020-03-27,5.542500019073486,5.271447658538818
2020-03-30,6.125,5.825460910797119
2020-03-31,5.954999923706055,5.6637749671936035
2020-04-01,5.216249942779541,4.96115255355835
2020-04-02,5.525000095367432,5.2548041343688965
2020-04-03,5.302499771118164,5.043185234069824
2020-04-06,6.412499904632568,6.098902225494385
2020-04-07,6.400000095367432,6.08701229095459
2020-04-08,6.808750152587891,6.475772857666016
2020-04-09,6.833749771118164,6.4995503425598145
2020-04-13,7.071249961853027,6.725435733795166
2020-04-14,7.988749980926514,7.598066329956055
2020-04-15,7.723750114440918,7.346025466918945
2020-04-16,8.137499809265137,7.739541530609131
2020-04-17,8.3412504196167,7.933328151702881
2020-04-20,8.071249961853027,7.6765313148498535
2020-04-21,7.178750038146973,6.82767915725708
2020-04-22,7.81374979019165,7.431623935699463
2020-04-23,7.762499809265137,7.382879734039307
2020-04-24,8.137499809265137,7.739541530609131
2020-04-27,8.296250343322754,7.890529632568359
2020-04-28,7.847499847412109,7.463723182678223
2020-04-29,8.663749694824219,8.240056037902832
2020-04-30,8.7212495803833,8.294744491577148
2020-05-01,7.93874979019165,7.550510883331299
2020-05-04,8.21875,7.816819190979004
2020-05-05,8.481249809265137,8.066479682922363
2020-05-06,8.648750305175781,8.225790023803711
2020-05-07,8.986249923706055,8.546785354614258
2020-05-08,9.348750114440918,8.891555786132812
2020-05-11,9.581250190734863,9.112685203552246
2020-05-12,9.011249542236328,8.570561408996582
2020-05-13,8.670000076293945,8.246000289916992
2020-05-14,8.957500457763672,8.519440650939941
2020-05-15,9.111249923706055,8.665672302246094
2020-05-18,9.638750076293945,9.167374610900879
2020-05-19,9.5649995803833,9.0972318649292
2020-05-20,10.125,9.62984561920166
2020-05-21,9.813750267028809,9.33381462097168
2020-05-22,9.90250015258789,9.41822624206543
2020-05-26,9.861249923706055,9.37899398803711
2020-05-27,10.0,9.510957717895508
2020-05-28,9.936249732971191,9.450325012207031
2020-05-29,10.3462495803833,9.840274810791016
2020-06-01,10.473750114440918,9.961538314819336
2020-06-02,10.682499885559082,10.160080909729004
2020-06-03,10.827500343322754,10.297988891601562
2020-06-04,10.607500076293945,10.088747024536133
2020-06-05,11.236249923706055,10.686749458312988
2020-06-08,11.486249923706055,10.924522399902344
2020-06-09,11.742500305175781,11.168240547180176
2020-06-10,12.166250228881836,11.571270942687988
2020-06-11,10.375,9.8676176071167
2020-06-12,10.600000381469727,10.08161449432373
2020-06-15,10.973750114440918,10.437088012695312
2020-06-16,11.553750038146973,10.98872184753418
2020-06-17,11.666250228881836,11.095719337463379
2020-06-18,11.756250381469727,11.181320190429688
2020-06-19,11.739999771118164,11.165864944458008
2020-06-22,12.157500267028809,11.562947273254395
2020-06-23,12.475000381469727,11.864919662475586
2020-06-24,11.739999771118164,11.165864944458008
2020-06-25,12.051250457763672,11.461894035339355
2020-06-26,11.1850004196167,10.638007164001465
2020-06-29,11.542499542236328,10.978022575378418
2020-06-30,12.206250190734863,11.609312057495117
2020-07-01,12.642499923706055,12.024227142333984
2020-07-02,12.911250114440918,12.279833793640137
2020-07-06,13.859999656677246,13.182186126708984
2020-07-07,13.587499618530273,12.923012733459473
2020-07-08,14.109999656677246,13.419958114624023
2020-07-09,14.462499618530273,13.755220413208008
2020-07-10,14.768750190734863,14.046496391296387
2020-07-13,13.856249809265137,13.178622245788574
2020-07-14,14.149999618530273,13.458006858825684
2020-07-15,14.220000267028809,13.524581909179688
2020-07-16,13.914999961853027,13.234496116638184
2020-07-17,13.979999542236328,13.296318054199219
2020-07-20,15.170000076293945,14.428121566772461
2020-07-21,14.6850004196167,13.966838836669922
2020-07-22,14.854999542236328,14.128527641296387
2020-07-23,13.69124984741211,13.021689414978027
2020-07-24,13.286250114440918,12.636494636535645
2020-07-27,14.0,13.315342903137207
2020-07-28,13.473750114440918,12.814827919006348
2020-07-29,13.932499885559082,13.251140594482422
2020-07-30,14.1587495803833,13.466326713562012
2020-07-31,14.922499656677246,14.192726135253906
2020-08-03,15.478750228881836,14.721773147583008
2020-08-04,15.680000305175781,14.91318130493164
2020-08-05,15.805000305175781,15.032069206237793
2020-08-06,16.40999984741211,15.607481002807617
2020-08-07,15.873749732971191,15.097456932067871
2020-08-10,15.65999984741211,14.894159317016602
2020-08-11,14.771249771118164,14.048872947692871
2020-08-12,15.876250267028809,15.099834442138672
2020-08-13,15.987500190734863,15.205645561218262
2020-08-14,15.94124984741211,15.161653518676758
2020-08-17,16.467500686645508,15.66217041015625
2020-08-18,16.951250076293945,16.12226104736328
2020-08-19,16.6200008392334,15.807212829589844
2020-08-20,17.303749084472656,16.457521438598633
2020-08-21,17.665000915527344,16.801109313964844
2020-08-24,17.99250030517578,17.112590789794922
2020-08-25,18.412500381469727,17.512046813964844
2020-08-26,19.591249465942383,18.63315200805664
2020-08-27,19.41374969482422,18.464330673217773
2020-08-28,19.7137508392334,18.749662399291992
2020-08-31,20.170000076293945,19.183597564697266
2020-09-01,21.217500686645508,20.17987632751465
2020-09-02,21.81624984741211,20.749343872070312
2020-09-03,18.466249465942383,17.56317138671875
2020-09-04,17.704999923706055,16.839147567749023
2020-09-08,15.202500343322754,14.45903491973877
2020-09-09,16.508750915527344,15.701404571533203
2020-09-10,15.553750038146973,14.793106079101562
2020-09-11,15.213749885559082,14.469731330871582
2020-09-14,15.9975004196167,15.215153694152832
2020-09-15,16.677499771118164,15.861899375915527
2020-09-16,15.876250267028809,15.099834442138672
2020-09-17,15.145000457763672,14.40434455871582
2020-09-18,14.5600004196167,13.847954750061035
2020-09-21,14.732500076293945,14.012017250061035
2020-09-22,15.537500381469727,14.77764892578125
2020-09-23,14.098750114440918,13.409261703491211
2020-09-24,14.305000305175781,13.605423927307129
2020-09-25,15.307499885559082,14.55889892578125
2020-09-28,16.21500015258789,15.422017097473145
2020-09-29,16.045000076293945,15.260330200195312
2020-09-30,16.362499237060547,15.56230354309082
2020-10-01,17.12874984741211,16.29108238220215
2020-10-02,15.7162504196167,14.94765853881836
2020-10-05,16.707500457763672,15.89043140411377
2020-10-06,15.8100004196167,15.036825180053711
2020-10-07,16.641250610351562,15.827424049377441
2020-10-08,16.886249542236328,16.060441970825195
2020-10-09,17.637500762939453,16.774953842163086
2020-10-12,19.282499313354492,18.33950424194336
2020-10-13,19.28499984741211,18.341880798339844
2020-10-14,18.80875015258789,17.8889217376709
2020-10-15,18.420000076293945,17.519187927246094
2020-10-16,18.137500762939453,17.250497817993164
2020-10-19,17.236249923706055,16.393325805664062
2020-10-20,17.34749984741211,16.499134063720703
2020-10-21,17.302499771118164,16.45633316040039
2020-10-22,17.311250686645508,16.464658737182617
2020-10-23,17.412500381469727,16.560956954956055
2020-10-26,16.618749618530273,15.806022644042969
2020-10-27,17.011249542236328,16.179325103759766
2020-10-28,15.015000343322754,14.280701637268066
2020-10-29,15.7787504196167,15.007101058959961
2020-10-30,14.681249618530273,13.963274002075195
2020-11-02,14.686249732971191,13.96802806854248
2020-11-03,15.425000190734863,14.67065143585205
2020-11-04,17.510000228881836,16.6536865234375
2020-11-05,18.861249923706055,17.938854217529297
2020-11-06,18.924999237060547,17.999486923217773
2020-11-09,17.770000457763672,16.900972366333008
2020-11-10,16.811250686645508,15.989109992980957
2020-11-11,17.94124984741211,17.06385040283203
2020-11-12,17.678749084472656,16.814184188842773
2020-11-13,18.142499923706055,17.25525665283203
2020-11-16,18.559999465942383,17.6523380279541
2020-11-17,18.388750076293945,17.48946189880371
2020-11-18,17.962499618530273,17.084056854248047
2020-11-19,18.407499313354492,17.507291793823242
2020-11-20,18.033750534057617,17.151824951171875
2020-11-23,18.037500381469727,17.1553897857666
2020-11-24,18.774999618530273,17.85681915283203
2020-11-25,19.12874984741211,18.19327735900879
2020-11-27,19.6512508392334,18.690223693847656
2020-11-30,19.752500534057617,18.786521911621094
2020-12-01,20.528749465942383,19.524805068969727
2020-12-02,20.611249923706055,19.603271484375
2020-12-03,20.69499969482422,19.68292808532715
2020-12-04,20.948749542236328,19.92426300048828
2020-12-07,21.303749084472656,20.261905670166016
2020-12-08,21.498750686645508,20.447370529174805
2020-12-09,20.05875015258789,19.077789306640625
2020-12-10,20.30500030517578,19.31199836730957
2020-12-11,20.162500381469727,19.17646598815918
2020-12-14,20.592500686645508,19.585439682006836
2020-12-15,21.232500076293945,20.19413948059082
2020-12-16,21.5887508392334,20.53296661376953
2020-12-17,22.03125,20.953826904296875
2020-12-18,21.791250228881836,20.725566864013672
2020-12-21,21.709999084472656,20.64828872680664
2020-12-22,21.881250381469727,20.81116485595703
2020-12-23,21.551250457763672,20.497304916381836
2020-12-24,21.831249237060547,20.763607025146484
2020-12-28,22.486249923706055,21.386579513549805
2020-12-29,22.552499771118164,21.449586868286133
2020-12-30,22.548749923706055,21.44601821899414
2020-12-31,22.725000381469727,21.61365509033203
2021-01-04,21.731250762939453,20.668500900268555
2021-01-05,22.2762508392334,21.186847686767578
2021-01-06,21.354999542236328,20.31064796447754
2021-01-07,22.897499084472656,21.777713775634766
2021-01-08,23.78499984741211,22.621809005737305
2021-01-11,22.733749389648438,21.62196922302246
2021-01-12,22.635000228881836,21.528053283691406
2021-01-13,23.075000762939453,21.946535110473633
2021-01-14,22.7237491607666,21.612457275390625
2021-01-15,22.171249389648438,21.086978912353516
2021-01-19,23.13249969482422,22.001222610473633
2021-01-20,24.7450008392334,23.534860610961914
2021-01-21,25.360000610351562,24.119789123535156
2021-01-22,25.1299991607666,23.90103530883789
2021-01-25,25.827499389648438,24.564424514770508
2021-01-26,25.854999542236328,24.5905818939209
2021-01-27,23.770000457763672,22.6075439453125
2021-01-28,24.1200008392334,22.9404296875
2021-01-29,22.61750030517578,21.51140785217285
2021-02-01,24.280000686645508,23.09260368347168
2021-02-02,25.454999923706055,24.210142135620117
2021-02-03,25.162500381469727,23.931947708129883
2021-02-04,26.052499771118164,24.77842140197754
2021-02-05,26.325000762939453,25.03759765625
2021-02-08,26.84000015258789,25.527408599853516
2021-02-09,26.827499389648438,25.515518188476562
2021-02-10,26.637500762939453,25.334814071655273
2021-02-11,27.0674991607666,25.743785858154297
2021-02-12,27.52750015258789,26.181289672851562
2021-02-16,27.297500610351562,25.962535858154297
2021-02-17,26.917499542236328,25.601119995117188
2021-02-18,26.55500030517578,25.256349563598633
2021-02-19,26.204999923706055,24.9234619140625
2021-02-22,24.174999237060547,22.992740631103516
2021-02-23,23.959999084472656,22.788251876831055
2021-02-24,24.537500381469727,23.337512969970703
2021-02-25,21.975000381469727,20.900331497192383
2021-02-26,22.30500030517578,21.214191436767578
2021-03-01,24.25,23.064071655273438
2021-03-02,23.087499618530273,21.958423614501953
2021-03-03,21.084999084472656,20.053852081298828
2021-03-04,20.042499542236328,19.06233787536621
2021-03-05,20.940000534057617,19.91594696044922
2021-03-08,19.149999618530273,18.213481903076172
2021-03-09,21.405000686645508,20.358205795288086
2021-03-10,21.22249984741211,20.184627532958984
2021-03-11,22.69499969482422,21.585119247436523
2021-03-12,22.1299991607666,21.047746658325195
2021-03-15,22.837499618530273,21.720643997192383
2021-03-16,23.212499618530273,22.077314376831055
2021-03-17,23.5049991607666,22.355506896972656
2021-03-18,21.34749984741211,20.303518295288086
2021-03-19,21.6200008392334,20.562692642211914
2021-03-22,22.772499084472656,21.658828735351562
2021-03-23,22.475000381469727,21.375873565673828
2021-03-24,21.34000015258789,20.29638671875
2021-03-25,21.225000381469727,20.18700408935547
2021-03-26,22.162500381469727,21.078662872314453
2021-03-29,22.149999618530273,21.066770553588867
2021-03-30,21.834999084472656,20.767175674438477
2021-03-31,22.815000534057617,21.699249267578125
2021-04-01,23.975000381469727,22.802518844604492
2021-04-05,25.415000915527344,24.17209815979004
2021-04-06,25.354999542236328,24.11503028869629
2021-04-07,25.542499542236328,24.293363571166992
2021-04-08,26.34000015258789,25.051862716674805
2021-04-09,26.8174991607666,25.50600814819336
2021-04-12,26.712499618530273,25.406145095825195
2021-04-13,27.627500534057617,26.276395797729492
2021-04-14,26.657499313354492,25.35383415222168
2021-04-15,27.834999084472656,26.4737491607666
2021-04-16,27.952499389648438,26.58550262451172
2021-04-19,27.190000534057617,25.860292434692383
2021-04-20,26.594999313354492,25.294389724731445
2021-04-21,27.267499923706055,25.934003829956055
2021-04-22,26.274999618530273,24.990041732788086
2021-04-23,27.264999389648438,25.931623458862305
2021-04-26,27.80500030517578,26.445215225219727
2021-04-27,27.440000534057617,26.098066329956055
2021-04-28,27.157499313354492,25.829381942749023
2021-04-29,27.43000030517578,26.08855438232422
2021-04-30,26.915000915527344,25.598743438720703
2021-05-03,26.475000381469727,25.180255889892578
2021-05-04,25.079999923706055,23.85348129272461
2021-05-05,24.787500381469727,23.575281143188477
2021-05-06,25.329999923706055,24.09125328063965
2021-05-07,25.950000762939453,24.68093490600586
2021-05-10,24.0,22.826295852661133
2021-05-11,23.8799991607666,22.7121639251709
2021-05-12,22.0625,20.983549118041992
2021-05-13,22.52750015258789,21.42580795288086
2021-05-14,23.99250030517578,22.819164276123047
2021-05-17,23.587499618530273,22.43396759033203
2021-05-18,23.092500686645508,21.963178634643555
2021-05-19,23.177499771118164,22.044017791748047
2021-05-20,24.517499923706055,23.31849479675293
2021-05-21,24.112499237060547,22.933298110961914
2021-05-24,25.31999969482422,24.08174705505371
2021-05-25,25.4424991607666,24.19825553894043
2021-05-26,25.700000762939453,24.443159103393555
2021-05-27,25.399999618530273,24.157833099365234
2021-05-28,25.647499084472656,24.393224716186523
2021-06-01,25.397499084472656,24.155454635620117
2021-06-02,25.530000686645508,24.281478881835938
2021-06-03,24.727500915527344,23.518224716186523
2021-06-04,25.9950008392334,24.72373390197754
2021-06-07,26.225000381469727,24.942485809326172
2021-06-08,26.2549991607666,24.97101593017578
2021-06-09,26.28499984741211,24.999553680419922
2021-06-10,27.09000015258789,25.76518440246582
2021-06-11,27.30500030517578,25.969669342041016
2021-06-14,28.06999969482422,26.69725799560547
2021-06-15,27.549999237060547,26.202686309814453
2021-06-16,27.2549991607666,25.92211151123047
2021-06-17,28.272499084472656,26.889856338500977
2021-06-18,27.59749984741211,26.247867584228516
2021-06-21,28.102500915527344,26.72817039489746
2021-06-22,28.887500762939453,27.47477912902832
2021-06-23,28.9375,27.5223331451416
2021-06-24,29.469999313354492,28.028789520263672
2021-06-25,29.377500534057617,27.940813064575195
2021-06-28,30.417499542236328,28.929954528808594
2021-06-29,30.760000228881836,29.255706787109375
2021-06-30,30.625,29.12730598449707
2021-07-01,30.639999389648438,29.141571044921875
2021-07-02,31.68000030517578,30.13071060180664
2021-07-06,32.10499954223633,30.53492546081543
2021-07-07,32.310001373291016,30.729902267456055
2021-07-08,31.75,30.197288513183594
2021-07-09,32.287498474121094,30.70850372314453
2021-07-12,32.692501068115234,31.09369659423828
2021-07-13,32.67499923706055,31.077051162719727
2021-07-14,32.852500915527344,31.245874404907227
2021-07-15,32.17250061035156,30.599130630493164
2021-07-16,31.38249969482422,29.847759246826172
2021-07-19,30.6299991607666,29.132061004638672
2021-07-20,31.639999389648438,30.092668533325195
2021-07-21,32.36249923706055,30.779834747314453
2021-07-22,33.04249954223633,31.42658233642578
2021-07-23,34.13999938964844,32.47041320800781
2021-07-26,34.282501220703125,32.6059455871582
2021-07-27,33.162498474121094,31.540714263916016
2021-07-28,33.525001525878906,31.885482788085938
2021-07-29,33.689998626708984,32.04241180419922
2021-07-30,33.185001373291016,31.562118530273438
2021-08-02,33.17499923706055,31.552600860595703
2021-08-03,33.752498626708984,32.10185623168945
2021-08-04,33.91999816894531,32.261165618896484
2021-08-05,34.557498931884766,32.86748504638672
2021-08-06,34.10749816894531,32.43949508666992
2021-08-09,34.290000915527344,32.61307144165039
2021-08-10,33.77750015258789,32.12562942504883
2021-08-11,33.595001220703125,31.95206642150879
2021-08-12,33.94499969482422,32.28493881225586
2021-08-13,34.28499984741211,32.60831832885742
2021-08-16,34.345001220703125,32.665382385253906
2021-08-17,33.442501068115234,31.807025909423828
2021-08-18,32.470001220703125,30.882080078125
2021-08-19,32.932498931884766,31.32196617126465
2021-08-20,33.95000076293945,32.289703369140625
2021-08-23,35.462501525878906,33.72823715209961
2021-08-24,35.8125,34.06111526489258
2021-08-25,35.852500915527344,34.09916305541992
2021-08-26,35.244998931884766,33.5213737487793
2021-08-27,36.275001525878906,34.50099563598633
2021-08-30,37.477500915527344,35.64469528198242
2021-08-31,37.372501373291016,35.54482650756836
2021-09-01,37.57749938964844,35.739803314208984
2021-09-02,37.525001525878906,35.68986892700195
2021-09-03,37.86249923706055,36.010868072509766
2021-09-07,38.01750183105469,36.158287048339844
2021-09-08,37.627498626708984,35.787353515625
2021-09-09,37.224998474121094,35.404537200927734
2021-09-10,36.38750076293945,34.607994079589844
2021-09-13,36.30500030517578,34.529537200927734
2021-09-14,35.99250030517578,34.23231887817383
2021-09-15,36.790000915527344,34.990814208984375
2021-09-16,36.86249923706055,35.05976104736328
2021-09-17,35.560001373291016,33.82096862792969
2021-09-20,33.372501373291016,31.740440368652344
2021-09-21,33.415000915527344,31.78086280822754
2021-09-22,34.39250183105469,32.71056365966797
2021-09-23,35.34749984741211,33.618858337402344
2021-09-24,35.4474983215332,33.713966369628906
2021-09-27,34.592498779296875,32.90077209472656
2021-09-28,31.707500457763672,30.156869888305664
2021-09-29,31.497499465942383,29.957138061523438
2021-09-30,31.142499923706055,29.61949920654297
2021-10-01,31.709999084472656,30.159242630004883
2021-10-04,29.760000228881836,28.304611206054688
2021-10-05,30.905000686645508,29.393617630004883
2021-10-06,31.514999389648438,29.973785400390625
2021-10-07,32.36750030517578,30.784591674804688
2021-10-08,31.8700008392334,30.31142234802246
2021-10-11,31.162500381469727,29.638521194458008
2021-10-12,30.844999313354492,29.336545944213867
2021-10-13,31.5674991607666,30.023712158203125
2021-10-14,33.310001373291016,31.680997848510742
2021-10-15,33.9275016784668,32.26830291748047
2021-10-18,34.94499969482422,33.236045837402344
2021-10-19,35.712501525878906,33.96601104736328
2021-10-20,35.599998474121094,33.8590087890625
2021-10-21,36.23749923706055,34.465335845947266
2021-10-22,35.31999969482422,33.59270095825195
2021-10-25,36.380001068115234,34.600868225097656
2021-10-26,36.720001220703125,34.924232482910156
2021-10-27,37.0099983215332,35.20005798339844
2021-10-28,38.224998474121094,36.355628967285156
2021-10-29,38.790000915527344,36.89300537109375
2021-11-01,39.17250061035156,37.256797790527344
2021-11-02,39.69499969482422,37.753746032714844
2021-11-03,40.95500183105469,38.95213317871094
2021-11-04,42.48249816894531,40.40492248535156
2021-11-05,42.63999938964844,40.554725646972656
2021-11-08,42.46500015258789,40.38827896118164
2021-11-09,41.59000015258789,39.556068420410156
2021-11-10,39.76750183105469,37.82270812988281
2021-11-11,40.09000015258789,38.129432678222656
2021-11-12,41.36249923706055,39.339698791503906
2021-11-15,41.349998474121094,39.32780456542969
2021-11-16,42.20500183105469,40.140995025634766
2021-11-17,42.255001068115234,40.18854904174805
2021-11-18,43.54750061035156,41.417842864990234
2021-11-19,44.28499984741211,42.1192741394043
2021-11-22,42.75,40.659339904785156
2021-11-23,42.16749954223633,40.10532760620117
2021-11-24,42.557498931884766,40.47625732421875
2021-11-26,40.209999084472656,38.243568420410156
2021-11-29,42.70750045776367,40.618919372558594
2021-11-30,40.872501373291016,38.873661041259766
2021-12-01,38.775001525878906,36.87873840332031
2021-12-02,39.505001068115234,37.57304382324219
2021-12-03,37.52000045776367,35.68510818481445
2021-12-06,38.397499084472656,36.51969909667969
2021-12-07,41.86000061035156,39.8128662109375
2021-12-08,42.442501068115234,40.366886138916016
2021-12-09,40.61000061035156,38.62399673461914
2021-12-10,41.86750030517578,39.81999969482422
2021-12-13,40.067501068115234,38.108028411865234
2021-12-14,38.875,36.973846435546875
2021-12-15,41.4474983215332,39.420536041259766
2021-12-16,38.28499984741211,36.412696838378906
2021-12-17,37.70000076293945,35.85630798339844
2021-12-20,36.5724983215332,34.78395462036133
2021-12-21,39.01750183105469,37.109378814697266
2021-12-22,40.40999984741211,38.43377685546875
2021-12-23,41.369998931884766,39.34681701660156
2021-12-27,43.34749984741211,41.227622985839844
2021-12-28,42.837501525878906,40.74256134033203
2021-12-29,42.77000045776367,40.678367614746094
2021-12-30,42.369998931884766,40.29792785644531
2021-12-31,41.58250045776367,39.548946380615234
2022-01-03,42.782501220703125,40.69025421142578
2022-01-04,41.119998931884766,39.10905456542969
2022-01-05,37.337501525878906,35.51154327392578
2022-01-06,37.23500061035156,35.41404724121094
2022-01-07,36.01750183105469,34.25608825683594
2022-01-10,36.150001525878906,34.382110595703125
2022-01-11,37.7400016784668,35.89435958862305
2022-01-12,38.16999816894531,36.30331802368164
2022-01-13,35.400001525878906,33.66878128051758
2022-01-14,35.935001373291016,34.1776237487793
2022-01-18,33.345001220703125,31.71428871154785
2022-01-19,32.185001373291016,30.611019134521484
2022-01-20,30.940000534057617,29.426902770996094
2022-01-21,28.334999084472656,26.949296951293945
2022-01-24,28.7450008392334,27.339248657226562
2022-01-25,26.625,25.322925567626953
2022-01-26,26.575000762939453,25.275371551513672
2022-01-27,25.780000686645508,24.519248962402344
2022-01-28,28.184999465942383,26.80663299560547
2022-01-31,30.915000915527344,29.403125762939453
2022-02-01,31.5049991607666,29.964269638061523
2022-02-02,32.25,30.67283821105957
2022-02-03,28.3700008392334,26.982585906982422
2022-02-04,29.350000381469727,27.914661407470703
2022-02-07,28.684999465942383,27.282182693481445
2022-02-08,29.65999984741211,28.209501266479492
2022-02-09,31.5,29.95951271057129
2022-02-10,29.40999984741211,27.971725463867188
2022-02-11,26.639999389648438,25.337190628051758
2022-02-14,26.71500015258789,25.40852165222168
2022-02-15,28.649999618530273,27.2488956451416
2022-02-16,28.645000457763672,27.244136810302734
2022-02-17,26.104999542236328,24.828353881835938
2022-02-18,25.219999313354492,23.986635208129883
2022-02-22,24.440000534057617,23.244781494140625
2022-02-23,22.56999969482422,21.466230392456055
2022-02-24,24.780000686645508,23.568151473999023
2022-02-25,25.954999923706055,24.68568992614746
2022-02-28,26.229999542236328,24.947237014770508
2022-03-01,25.020000457763672,23.796415328979492
2022-03-02,26.21500015258789,24.932979583740234
2022-03-03,25.1200008392334,23.891525268554688
2022-03-04,24.045000076293945,22.86909294128418
2022-03-07,21.360000610351562,20.315410614013672
2022-03-08,21.065000534057617,20.034832000732422
2022-03-09,23.31999969482422,22.17955207824707
2022-03-10,22.56999969482422,21.466230392456055
2022-03-11,21.170000076293945,20.134695053100586
2022-03-14,19.93000030517578,18.955337524414062
2022-03-15,21.774999618530273,20.71010971069336
2022-03-16,24.219999313354492,23.035539627075195
2022-03-17,25.030000686645508,23.805923461914062
2022-03-18,26.584999084472656,25.284881591796875
2022-03-21,26.395000457763672,25.104171752929688
2022-03-22,27.954999923706055,26.587886810302734
2022-03-23,26.774999618530273,25.465585708618164
2022-03-24,28.510000228881836,27.115739822387695
2022-03-25,28.46500015258789,27.072938919067383
2022-03-28,29.760000228881836,28.304611206054688
2022-03-29,31.28499984741211,29.755029678344727
2022-03-30,30.344999313354492,28.860998153686523
2022-03-31,29.09000015258789,27.667375564575195
2022-04-01,28.96500015258789,27.54848861694336
2022-04-04,30.774999618530273,29.26997184753418
2022-04-05,28.739999771118164,27.33449363708496
2022-04-06,26.850000381469727,25.536922454833984
2022-04-07,27.024999618530273,25.703365325927734
2022-04-08,25.920000076293945,24.65239906311035
2022-04-11,24.079999923706055,22.902387619018555
2022-04-12,23.770000457763672,22.6075439453125
2022-04-13,25.19499969482422,23.962858200073242
2022-04-14,23.5,22.350751876831055
2022-04-18,23.565000534057617,22.41257095336914
2022-04-19,25.079999923706055,23.85348129272461
2022-04-20,23.950000762939453,22.77874183654785
2022-04-21,22.545000076293945,21.442453384399414
2022-04-22,20.7549991607666,19.739994049072266
2022-04-25,21.524999618530273,20.47233009338379
2022-04-26,19.104999542236328,18.170682907104492
2022-04-27,19.020000457763672,18.089839935302734
2022-04-28,21.030000686645508,20.001544952392578
2022-04-29,18.264999389648438,17.371763229370117
2022-05-02,19.125,18.1897029876709
2022-05-03,19.170000076293945,18.232505798339844
2022-05-04,21.06999969482422,20.039587020874023
2022-05-05,17.93000030517578,17.053146362304688
2022-05-06,17.30500030517578,16.458711624145508
2022-05-09,15.260000228881836,14.513723373413086
2022-05-10,15.78499984741211,15.013049125671387
2022-05-11,14.380000114440918,13.6767578125
2022-05-12,14.265000343322754,13.5673828125
2022-05-13,15.8149995803833,15.041579246520996
2022-05-16,15.324999809265137,14.575542449951172
2022-05-17,16.479999542236328,15.674057006835938
2022-05-18,14.074999809265137,13.386672019958496
2022-05-19,13.789999961853027,13.115609169006348
2022-05-20,13.670000076293945,13.00147819519043
2022-05-23,14.345000267028809,13.64346981048584
2022-05-24,13.449999809265137,12.792237281799316
2022-05-25,13.989999771118164,13.305830955505371
2022-05-26,15.15999984741211,14.418614387512207
2022-05-27,16.645000457763672,15.830988883972168
2022-05-31,16.524999618530273,15.716854095458984
2022-06-01,16.139999389648438,15.350685119628906
2022-06-02,17.450000762939453,16.596620559692383
2022-06-03,16.06999969482422,15.284109115600586
2022-06-06,16.270000457763672,15.47433090209961
2022-06-07,16.665000915527344,15.850011825561523
2022-06-08,16.325000762939453,15.52663803100586
2022-06-09,14.994999885559082,14.261680603027344
2022-06-10,13.395000457763672,12.73992919921875
2022-06-13,11.539999961853027,10.975643157958984
2022-06-14,11.614999771118164,11.046977996826172
2022-06-15,12.449999809265137,11.841140747070312
2022-06-16,10.930000305175781,10.395475387573242
2022-06-17,11.335000038146973,10.780672073364258
2022-06-21,12.1899995803833,11.593854904174805
2022-06-22,12.145000457763672,11.551056861877441
2022-06-23,12.664999961853027,12.045626640319824
2022-06-24,13.989999771118164,13.305830955505371
2022-06-27,13.65999984741211,12.991968154907227
2022-06-28,12.414999961853027,11.807855606079102
2022-06-29,12.4399995803833,11.831631660461426
2022-06-30,12.0,11.413147926330566
2022-07-01,12.194999694824219,11.598610877990723
2022-07-05,12.824999809265137,12.19780445098877
2022-07-06,13.069999694824219,12.430821418762207
2022-07-07,13.880000114440918,13.201208114624023
2022-07-08,13.944999694824219,13.263029098510742
2022-07-11,13.055000305175781,12.416553497314453
2022-07-12,12.675000190734863,12.055137634277344
2022-07-13,12.595000267028809,11.97905158996582
2022-07-14,12.725000381469727,12.102693557739258
2022-07-15,13.395000457763672,12.73992919921875
2022-07-18,13.085000038146973,12.445087432861328
2022-07-19,14.229999542236328,13.534093856811523
2022-07-20,14.944999694824219,14.214125633239746
2022-07-21,15.579999923706055,14.818072319030762
2022-07-22,14.765000343322754,14.042927742004395
2022-07-25,14.545000076293945,13.833687782287598
2022-07-26,13.664999961853027,12.996724128723145
2022-07-27,15.369999885559082,14.618341445922852
2022-07-28,15.8100004196167,15.036825180053711
2022-07-29,16.68000030517578,15.864275932312012
2022-08-01,16.655000686645508,15.840498924255371
2022-08-02,16.5,15.693077087402344
2022-08-03,17.81999969482422,16.948528289794922
2022-08-04,18.075000762939453,17.191055297851562
2022-08-05,17.645000457763672,16.78208351135254
2022-08-08,17.46500015258789,16.61088752746582
2022-08-09,16.864999771118164,16.04022789001465
2022-08-10,18.25,17.357492446899414
2022-08-11,17.975000381469727,17.095945358276367
2022-08-12,18.989999771118164,18.061309814453125
2022-08-15,19.44499969482422,18.494060516357422
2022-08-16,19.31999969482422,18.375167846679688
2022-08-17,18.649999618530273,17.73793601989746
2022-08-18,18.774999618530273,17.85681915283203
2022-08-19,17.674999237060547,16.81061553955078
2022-08-22,16.28499984741211,15.488593101501465
2022-08-23,16.229999542236328,15.436285018920898
2022-08-24,16.354999542236328,15.555170059204102
2022-08-25,17.21500015258789,16.37311553955078
2022-08-26,15.119999885559082,14.380568504333496
2022-08-29,14.654999732971191,13.938309669494629
2022-08-30,14.164999961853027,13.472272872924805
2022-08-31,13.904999732971191,13.224985122680664
2022-09-01,13.920000076293945,13.239253044128418
2022-09-02,13.34000015258789,12.687616348266602
2022-09-06,13.03499984741211,12.397534370422363
2022-09-07,13.805000305175781,13.129876136779785
2022-09-08,14.029999732971191,13.3438720703125
2022-09-09,14.920000076293945,14.190347671508789
2022-09-12,15.46500015258789,14.708695411682129
2022-09-13,12.920000076293945,12.288158416748047
2022-09-14,13.210000038146973,12.563976287841797
2022-09-15,12.545000076293945,11.93149471282959
2022-09-16,12.300000190734863,11.698478698730469
2022-09-19,12.595000267028809,11.97905158996582
2022-09-20,12.295000076293945,11.693721771240234
2022-09-21,11.619999885559082,11.051732063293457
2022-09-22,11.1899995803833,10.64276123046875
2022-09-23,10.654999732971191,10.13392448425293
2022-09-26,10.510000228881836,9.996016502380371
2022-09-27,10.520000457763672,10.005528450012207
2022-09-28,11.135000228881836,10.590450286865234
2022-09-29,10.194999694824219,9.696419715881348
2022-09-30,9.65999984741211,9.187583923339844
2022-10-03,10.329999923706055,9.824819564819336
2022-10-04,11.289999961853027,10.737871170043945
2022-10-05,11.289999961853027,10.737871170043945
2022-10-06,11.005000114440918,10.46681022644043
2022-10-07,9.75,9.273183822631836
2022-10-10,9.444999694824219,8.983099937438965
2022-10-11,9.069999694824219,8.626440048217773
2022-10-12,9.050000190734863,8.607417106628418
2022-10-13,9.654999732971191,9.182829856872559
2022-10-14,8.78499984741211,8.355376243591309
2022-10-17,9.649999618530273,9.17807388305664
2022-10-18,9.890000343322754,9.406336784362793
2022-10-19,9.770000457763672,9.292205810546875
2022-10-20,9.604999542236328,9.135273933410645
2022-10-21,10.28499984741211,9.78201961517334
2022-10-24,10.635000228881836,10.11490535736084
2022-10-25,11.274999618530273,10.723602294921875
2022-10-26,10.529999732971191,10.015040397644043
2022-10-27,9.949999809265137,9.46340274810791
2022-10-28,10.850000381469727,10.319389343261719
2022-10-31,10.475000381469727,9.962729454040527
2022-11-01,10.149999618530273,9.653620719909668
2022-11-02,9.100000381469727,8.654972076416016
2022-11-03,8.574999809265137,8.155644416809082
2022-11-04,8.975000381469727,8.536083221435547
2022-11-07,9.260000228881836,8.807147026062012
2022-11-08,9.460000038146973,8.997364044189453
2022-11-09,8.800000190734863,8.36964225769043
2022-11-10,10.725000381469727,10.200501441955566
2022-11-11,11.335000038146973,10.780672073364258
2022-11-14,11.03499984741211,10.495341300964355
2022-11-15,11.479999542236328,10.918577194213867
2022-11-16,11.015000343322754,10.476320266723633
2022-11-17,10.930000305175781,10.395475387573242
2022-11-18,10.920000076293945,10.385966300964355
2022-11-21,10.59000015258789,10.072104454040527
2022-11-22,11.03499984741211,10.495341300964355
2022-11-23,11.364999771118164,10.809202194213867
2022-11-25,11.130000114440918,10.585695266723633
2022-11-28,10.640000343322754,10.119661331176758
2022-11-29,10.385000228881836,9.877129554748535
2022-11-30,11.779999732971191,11.203906059265137
2022-12-01,11.845000267028809,11.265728950500488
2022-12-02,11.704999923706055,11.132575988769531
2022-12-05,11.114999771118164,10.571427345275879
2022-12-06,10.40999984741211,9.900906562805176
2022-12-07,10.28499984741211,9.78201961517334
2022-12-08,10.649999618530273,10.129168510437012
2022-12-09,10.444999694824219,9.93419361114502
2022-12-12,10.824999809265137,10.295608520507812
2022-12-13,11.164999961853027,10.618985176086426
2022-12-14,10.899999618530273,10.366944313049316
2022-12-15,9.819999694824219,9.339761734008789
2022-12-16,9.529999732971191,9.06394100189209
2022-12-19,9.135000228881836,8.688260078430176
2022-12-20,9.095000267028809,8.650217056274414
2022-12-21,9.489999771118164,9.025898933410645
2022-12-22,8.770000457763672,8.38440227508545
2022-12-23,8.795000076293945,8.408300399780273
2022-12-27,8.420000076293945,8.049789428710938
2022-12-28,8.079999923706055,7.724738597869873
2022-12-29,8.649999618530273,8.26967716217041
2022-12-30,8.649999618530273,8.26967716217041
2023-01-03,8.454999923706055,8.083250999450684
2023-01-04,8.585000038146973,8.207535743713379
2023-01-05,8.180000305175781,7.820342540740967
2023-01-06,8.819999694824219,8.432202339172363
2023-01-09,9.005000114440918,8.6090669631958
2023-01-10,9.244999885559082,8.838513374328613
2023-01-11,9.704999923706055,9.278292655944824
2023-01-12,9.854999542236328,9.4216947555542
2023-01-13,10.050000190734863,9.608122825622559
2023-01-17,10.104999542236328,9.660703659057617
2023-01-18,9.729999542236328,9.302191734313965
2023-01-19,9.425000190734863,9.010601997375488
2023-01-20,10.194999694824219,9.746746063232422
2023-01-23,10.864999771118164,10.387287139892578
2023-01-24,10.800000190734863,10.325145721435547
2023-01-25,10.720000267028809,10.248663902282715
2023-01-26,11.34000015258789,10.841403007507324
2023-01-27,11.664999961853027,11.152115821838379
2023-01-30,10.96500015258789,10.482891082763672
2023-01-31,11.454999923706055,10.951346397399902
2023-02-01,12.194999694824219,11.658809661865234
2023-02-02,13.454999923706055,12.863409996032715
2023-02-03,12.760000228881836,12.198970794677734
2023-02-06,12.4350004196167,11.888258934020996
2023-02-07,13.204999923706055,12.624403953552246
2023-02-08,12.494999885559082,11.945618629455566
2023-02-09,12.15999984741211,11.625350952148438
2023-02-10,11.90999984741211,11.386341094970703
2023-02-13,12.475000381469727,11.926499366760254
2023-02-14,12.744999885559082,12.1846284866333
2023-02-15,13.029999732971191,12.457098960876465
2023-02-16,12.28499984741211,11.744851112365723
2023-02-17,12.020000457763672,11.491504669189453
2023-02-21,11.175000190734863,10.6836576461792
2023-02-22,11.1850004196167,10.693219184875488
2023-02-23,11.46500015258789,10.960907936096191
2023-02-24,10.885000228881836,10.406408309936523
2023-02-27,11.119999885559082,10.631075859069824
2023-02-28,11.0649995803833,10.578493118286133
2023-03-01,10.795000076293945,10.320366859436035
2023-03-02,11.055000305175781,10.56893539428711
2023-03-03,11.729999542236328,11.214255332946777
2023-03-06,11.779999732971191,11.262056350708008
2023-03-07,11.34000015258789,10.841403007507324
2023-03-08,11.494999885559082,10.989588737487793
2023-03-09,10.890000343322754,10.411189079284668
2023-03-10,10.4399995803833,9.980974197387695
2023-03-13,10.664999961853027,10.19608211517334
2023-03-14,11.390000343322754,10.889204025268555
2023-03-15,11.555000305175781,11.04694938659668
2023-03-16,12.470000267028809,11.92171859741211
2023-03-17,12.28499984741211,11.744851112365723
2023-03-20,12.414999961853027,11.869138717651367
2023-03-21,12.9399995803833,12.371053695678711
2023-03-22,12.34000015258789,11.86621379852295
2023-03-23,12.779999732971191,12.289318084716797
2023-03-24,12.90999984741211,12.414327621459961
2023-03-27,12.645000457763672,12.159503936767578
2023-03-28,12.4350004196167,11.957565307617188
2023-03-29,13.114999771118164,12.61145305633545
2023-03-30,13.470000267028809,12.952824592590332
2023-03-31,14.130000114440918,13.587485313415527
2023-04-03,14.029999732971191,13.491324424743652
2023-04-04,13.890000343322754,13.356698989868164
2023-04-05,13.444999694824219,12.928783416748047
2023-04-06,13.71500015258789,13.188417434692383
2023-04-10,13.6850004196167,13.159570693969727
2023-04-11,13.420000076293945,12.904745101928711
2023-04-12,13.0649995803833,12.563375473022461
2023-04-13,13.8149995803833,13.284578323364258
2023-04-14,13.734999656677246,13.207651138305664
2023-04-17,13.75,13.222074508666992
2023-04-18,13.760000228881836,13.231690406799316
2023-04-19,13.729999542236328,13.202840805053711
2023-04-20,13.40999984741211,12.895129203796387
2023-04-21,13.4350004196167,12.919170379638672
2023-04-24,13.354999542236328,12.842239379882812
2023-04-25,12.600000381469727,12.116230010986328
2023-04-26,12.8100004196167,12.318166732788086
2023-04-27,13.845000267028809,13.313427925109863
2023-04-28,14.125,13.58267879486084
2023-05-01,14.085000038146973,13.54421329498291
2023-05-02,13.710000038146973,13.183609962463379
2023-05-03,13.4399995803833,12.923975944519043
2023-05-04,13.289999961853027,12.779736518859863
2023-05-05,14.104999542236328,13.563444137573242
2023-05-08,14.220000267028809,13.674029350280762
2023-05-09,13.944999694824219,13.409585952758789
2023-05-10,14.395000457763672,13.842309951782227
2023-05-11,14.515000343322754,13.957703590393066
2023-05-12,14.364999771118164,13.81346321105957
2023-05-15,14.585000038146973,14.025012969970703
2023-05-16,14.640000343322754,14.07790470123291
2023-05-17,15.164999961853027,14.582747459411621
2023-05-18,15.979999542236328,15.366454124450684
2023-05-19,15.869999885559082,15.260679244995117
2023-05-22,16.03499984741211,15.419342041015625
2023-05-23,15.414999961853027,14.82314682006836
2023-05-24,15.164999961853027,14.582747459411621
2023-05-25,16.260000228881836,15.635704040527344
2023-05-26,17.489999771118164,16.818477630615234
2023-05-30,17.735000610351562,17.054073333740234
2023-05-31,17.375,16.70789909362793
2023-06-01,18.0049991607666,17.313701629638672
2023-06-02,18.40999984741211,17.703155517578125
2023-06-05,18.450000762939453,17.741622924804688
2023-06-06,18.43000030517578,17.722389221191406
2023-06-07,17.489999771118164,16.818477630615234
2023-06-08,18.09000015258789,17.395448684692383
2023-06-09,18.309999465942383,17.606992721557617
2023-06-12,19.2450008392334,18.5060977935791
2023-06-13,19.674999237060547,18.919584274291992
2023-06-14,20.094999313354492,19.323463439941406
2023-06-15,20.799999237060547,20.00139617919922
2023-06-16,20.399999618530273,19.616750717163086
2023-06-20,20.299999237060547,19.52058982849121
2023-06-21,19.424999237060547,18.73826026916504
2023-06-22,20.06999969482422,19.360462188720703
2023-06-23,19.475000381469727,18.7864933013916
2023-06-26,18.704999923706055,18.04371452331543
2023-06-27,19.6299991607666,18.936012268066406
2023-06-28,19.75,19.05177116394043
2023-06-29,19.614999771118164,18.92154884338379
2023-06-30,20.5,19.775259017944336
2023-07-03,20.639999389648438,19.910306930541992
2023-07-05,20.625,19.895835876464844
2023-07-06,20.139999389648438,19.4279842376709
2023-07-07,19.934999465942383,19.23023223876953
2023-07-10,19.950000762939453,19.244705200195312
2023-07-11,20.235000610351562,19.519628524780273
2023-07-12,20.985000610351562,20.243112564086914
2023-07-13,22.030000686645508,21.25116729736328
2023-07-14,22.010000228881836,21.231874465942383
2023-07-17,22.6200008392334,21.820308685302734
2023-07-18,23.15999984741211,22.341217041015625
2023-07-19,23.15999984741211,22.341217041015625
2023-07-20,21.53499984741211,20.773670196533203
2023-07-21,21.344999313354492,20.590381622314453
2023-07-24,21.43000030517578,20.672380447387695
2023-07-25,21.860000610351562,21.08717918395996
2023-07-26,21.635000228881836,20.870132446289062
2023-07-27,21.450000762939453,20.691675186157227
2023-07-28,22.610000610351562,21.810665130615234
2023-07-31,22.655000686645508,21.85407066345215
2023-08-01,22.479999542236328,21.685258865356445
2023-08-02,21.010000228881836,20.267227172851562
2023-08-03,20.860000610351562,20.122529983520508
2023-08-04,20.56999969482422,19.8427791595459
2023-08-07,21.079999923706055,20.334753036499023
2023-08-08,20.540000915527344,19.813846588134766
2023-08-09,19.854999542236328,19.153060913085938
2023-08-10,19.94499969482422,19.239879608154297
2023-08-11,19.545000076293945,18.85401725769043
2023-08-14,20.19499969482422,19.48103904724121
2023-08-15,19.575000762939453,18.882959365844727
2023-08-16,18.924999237060547,18.255937576293945
2023-08-17,18.28499984741211,17.638561248779297
2023-08-18,18.200000762939453,17.55657386779785
2023-08-21,19.079999923706055,18.405458450317383
2023-08-22,18.9950008392334,18.323463439941406
2023-08-23,19.889999389648438,19.186824798583984
2023-08-24,18.579999923706055,17.923139572143555
2023-08-25,19.020000457763672,18.34758186340332
2023-08-28,19.44499969482422,18.75755500793457
2023-08-29,20.684999465942383,19.953716278076172
2023-08-30,21.030000686645508,20.286521911621094
2023-08-31,21.219999313354492,20.46980094909668
2023-09-01,21.145000457763672,20.3974552154541
2023-09-05,21.200000762939453,20.45051383972168
2023-09-06,20.639999389648438,19.910306930541992
2023-09-07,20.190000534057617,19.47621726989746
2023-09-08,20.25,19.534095764160156
2023-09-11,20.940000534057617,20.1997013092041
2023-09-12,20.270000457763672,19.553388595581055
2023-09-13,20.469999313354492,19.74631690979004
2023-09-14,20.950000762939453,20.209348678588867
2023-09-15,19.875,19.172353744506836
2023-09-18,19.920000076293945,19.215757369995117
2023-09-19,19.799999237060547,19.100006103515625
2023-09-20,18.875,18.2718448638916
2023-09-21,17.799999237060547,17.2311954498291
2023-09-22,17.815000534057617,17.245718002319336
2023-09-25,18.049999237060547,17.47320556640625
2023-09-26,17.2450008392334,16.693931579589844
2023-09-27,17.350000381469727,16.795574188232422
2023-09-28,17.770000457763672,17.20215606689453
2023-09-29,17.809999465942383,17.240873336791992
2023-10-02,18.235000610351562,17.652297973632812
2023-10-03,17.270000457763672,16.718130111694336
2023-10-04,17.969999313354492,17.395763397216797
2023-10-05,17.780000686645508,17.211835861206055
2023-10-06,18.674999237060547,18.07823371887207
2023-10-09,18.950000762939453,18.344449996948242
2023-10-10,19.260000228881836,18.644540786743164
2023-10-11,19.670000076293945,19.041440963745117
2023-10-12,19.440000534057617,18.818788528442383
2023-10-13,18.704999923706055,18.10727310180664
2023-10-16,19.334999084472656,18.717144012451172
2023-10-17,19.149999618530273,18.538057327270508
2023-10-18,18.34000015258789,17.753942489624023
2023-10-19,17.850000381469727,17.27960205078125
2023-10-20,17.045000076293945,16.500322341918945
2023-10-23,17.19499969482422,16.645524978637695
2023-10-24,17.68000030517578,17.115032196044922
2023-10-25,16.385000228881836,15.861413955688477
2023-10-26,15.430000305175781,14.936929702758789
2023-10-27,15.649999618530273,15.149898529052734
2023-10-30,16.155000686645508,15.638761520385742
2023-10-31,16.389999389648438,15.866250991821289
2023-11-01,17.235000610351562,16.68425178527832
2023-11-02,18.149999618530273,17.57001304626465
2023-11-03,18.790000915527344,18.189556121826172
2023-11-06,19.0049991607666,18.397687911987305
2023-11-07,19.540000915527344,18.91559410095215
2023-11-08,19.575000762939453,18.949474334716797
2023-11-09,19.110000610351562,18.499330520629883
2023-11-10,20.385000228881836,19.73358917236328
2023-11-13,20.200000762939453,19.55450439453125
2023-11-14,21.469999313354492,20.783916473388672
2023-11-15,21.530000686645508,20.842002868652344
2023-11-16,21.565000534057617,20.875883102416992
2023-11-17,21.579999923706055,20.890403747558594
2023-11-20,22.350000381469727,21.635799407958984
2023-11-21,21.94499969482422,21.243738174438477
2023-11-22,22.200000762939453,21.49059295654297
2023-11-24,22.09000015258789,21.38410758972168
2023-11-27,22.024999618530273,21.321182250976562
2023-11-28,22.200000762939453,21.49059295654297
2023-11-29,22.1200008392334,21.413145065307617
2023-11-30,21.934999465942383,21.23405647277832
2023-12-01,22.1200008392334,21.413145065307617
2023-12-04,21.489999771118164,20.80327606201172
2023-12-05,21.645000457763672,20.953325271606445
2023-12-06,21.260000228881836,20.580631256103516
2023-12-07,22.149999618530273,21.442190170288086
2023-12-08,22.415000915527344,21.698720932006836
2023-12-11,22.985000610351562,22.250507354736328
2023-12-12,23.540000915527344,22.78777503967285
2023-12-13,24.3700008392334,23.591249465942383
2023-12-14,24.329999923706055,23.552528381347656
2023-12-15,24.6200008392334,23.833261489868164
2023-12-18,25.135000228881836,24.331804275512695
2023-12-19,25.510000228881836,24.6948184967041
2023-12-20,24.270000457763672,23.59758186340332
2023-12-21,25.075000762939453,24.380285263061523
2023-12-22,25.174999237060547,24.47751235961914
2023-12-26,25.635000228881836,24.924766540527344
2023-12-27,25.770000457763672,25.0560245513916
2023-12-28,25.704999923706055,24.992826461791992
2023-12-29,25.350000381469727,24.647663116455078
2024-01-02,24.065000534057617,23.398265838623047
2024-01-03,23.295000076293945,22.649599075317383
2024-01-04,22.905000686645508,22.270401000976562
2024-01-05,22.989999771118164,22.353052139282227
2024-01-08,24.375,23.699674606323242
2024-01-09,24.53499984741211,23.855243682861328
2024-01-10,25.020000457763672,24.326805114746094
2024-01-11,25.139999389648438,24.4434814453125
2024-01-12,25.170000076293945,24.47264862060547
2024-01-16,25.155000686645508,24.458066940307617
2024-01-17,24.719999313354492,24.03511619567871
2024-01-18,25.780000686645508,25.065750122070312
2024-01-19,27.270000457763672,26.514469146728516
2024-01-22,27.3799991607666,26.62141990661621
2024-01-23,27.704999923706055,26.937416076660156
2024-01-24,28.15999984741211,27.379806518554688
2024-01-25,28.239999771118164,27.457592010498047
2024-01-26,27.719999313354492,26.95199966430664
2024-01-29,28.53499984741211,27.744417190551758
2024-01-30,27.96500015258789,27.190214157104492
2024-01-31,26.31999969482422,25.590789794921875
2024-02-01,27.25,26.49502182006836
2024-02-02,28.6200008392334,27.827068328857422
2024-02-05,28.475000381469727,27.686084747314453
2024-02-06,28.309999465942383,27.525651931762695
2024-02-07,29.155000686645508,28.347244262695312
2024-02-08,29.274999618530273,28.46392059326172
2024-02-09,30.135000228881836,29.30008888244629
2024-02-12,29.780000686645508,28.954927444458008
2024-02-13,28.3700008392334,27.58399772644043
2024-02-14,29.270000457763672,28.459056854248047
2024-02-15,29.514999389648438,28.697265625
2024-02-16,28.704999923706055,27.909711837768555
2024-02-20,28.040000915527344,27.263132095336914
2024-02-21,27.690000534057617,26.922834396362305
2024-02-22,30.084999084472656,29.25147247314453
2024-02-23,29.809999465942383,28.984094619750977
2024-02-26,29.770000457763672,28.945201873779297
2024-02-27,29.954999923706055,29.12508201599121
2024-02-28,29.469999313354492,28.653512954711914
2024-02-29,30.18000030517578,29.34384536743164
2024-03-01,31.565000534057617,30.69047737121582
2024-03-04,31.190000534057617,30.32586097717285
2024-03-05,29.520000457763672,28.702131271362305
2024-03-06,30.065000534057617,29.23202896118164
2024-03-07,31.405000686645508,30.5349063873291
2024-03-08,30.030000686645508,29.1980037689209
2024-03-11,29.68000030517578,28.857696533203125
2024-03-12,30.940000534057617,30.08279037475586
2024-03-13,30.219999313354492,29.38273811340332
2024-03-14,29.975000381469727,29.14452362060547
2024-03-15,28.8799991607666,28.07986068725586
2024-03-18,29.69499969482422,28.872278213500977
2024-03-19,29.899999618530273,29.07160186767578
2024-03-20,30.850000381469727,30.103513717651367
2024-03-21,31.25,30.493833541870117
2024-03-22,31.315000534057617,30.55726432800293
2024-03-25,30.9950008392334,30.245004653930664
2024-03-26,30.704999923706055,29.962024688720703
2024-03-27,30.975000381469727,30.225488662719727
2024-03-28,30.780000686645508,30.035207748413086
2024-04-01,30.969999313354492,30.22060775756836
2024-04-02,30.139999389648438,29.410690307617188
2024-04-03,30.34000015258789,29.605854034423828
2024-04-04,28.90999984741211,28.2104549407959
2024-04-05,29.93000030517578,29.205778121948242
2024-04-08,29.950000762939453,29.225292205810547
2024-04-09,30.260000228881836,29.527793884277344
2024-04-10,29.46500015258789,28.752025604248047
2024-04-11,30.850000381469727,30.103513717651367
2024-04-12,29.360000610351562,28.649568557739258
2024-04-15,27.885000228881836,27.21026039123535
2024-04-16,27.889999389648438,27.215131759643555
2024-04-17,26.854999542236328,26.205181121826172
2024-04-18,26.375,25.73679542541504
2024-04-19,24.739999771118164,24.141359329223633
2024-04-22,25.459999084472656,24.843935012817383
2024-04-23,26.594999313354492,25.951473236083984
2024-04-24,26.854999542236328,26.205181121826172
2024-04-25,26.424999237060547,25.785585403442383
2024-04-26,27.639999389648438,26.9711856842041
2024-04-29,27.969999313354492,27.293201446533203
2024-04-30,26.3700008392334,25.731918334960938
2024-05-01,25.799999237060547,25.175708770751953
2024-05-02,26.7549991607666,26.10759735107422
2024-05-03,28.350000381469727,27.66400718688965
2024-05-06,29.280000686645508,28.571502685546875
2024-05-07,29.280000686645508,28.571502685546875
2024-05-08,29.225000381469727,28.517833709716797
2024-05-09,29.385000228881836,28.673961639404297
2024-05-10,29.584999084472656,28.869123458862305
2024-05-13,29.780000686645508,29.059404373168945
2024-05-14,30.334999084472656,29.600975036621094
2024-05-15,31.735000610351562,30.967100143432617
2024-05-16,31.540000915527344,30.77681541442871
2024-05-17,31.469999313354492,30.70850944519043
2024-05-20,32.119998931884766,31.34278106689453
2024-05-21,32.28499984741211,31.503786087036133
2024-05-22,32.26499938964844,31.484272003173828
2024-05-23,31.78499984741211,31.01589012145996
2024-05-24,32.67499923706055,31.884355545043945
2024-05-28,33.029998779296875,32.23075866699219
2024-05-29,32.34000015258789,31.557456970214844
2024-05-30,31.299999237060547,30.54262351989746
2024-05-31,31.264999389648438,30.508468627929688
2024-06-03,31.56999969482422,30.806093215942383
2024-06-04,31.80500030517578,31.035404205322266
2024-06-05,33.724998474121094,32.908939361572266
2024-06-06,33.685001373291016,32.869911193847656
2024-06-07,33.560001373291016,32.74794006347656
2024-06-10,33.915000915527344,33.09434127807617
2024-06-11,34.6150016784668,33.77741241455078
2024-06-12,35.97999954223633,35.109375
2024-06-13,36.55500030517578,35.670467376708984
2024-06-14,37.084999084472656,36.18763732910156
2024-06-17,38.43000030517578,37.50009536743164
2024-06-18,38.45000076293945,37.519615173339844
2024-06-20,37.54499816894531,36.63650894165039
2024-06-21,37.20000076293945,36.29985809326172
2024-06-24,35.939998626708984,35.07034683227539
2024-06-25,37.13999938964844,36.241310119628906
2024-06-26,37.22999954223633,36.46807098388672
2024-06-27,37.5,36.732547760009766
2024-06-28,36.90999984741211,36.154624938964844
2024-07-01,37.51499938964844,36.74724578857422
2024-07-02,38.665000915527344,37.87371063232422
2024-07-03,39.6150016784668,38.804264068603516
2024-07-05,40.814998626708984,39.979705810546875
2024-07-08,41.084999084472656,40.244178771972656
2024-07-09,41.17499923706055,40.332332611083984
2024-07-10,42.46500015258789,41.5959358215332
2024-07-11,39.67499923706055,38.863037109375
2024-07-12,40.31999969482422,39.494834899902344
2024-07-15,40.619998931884766,39.7886962890625
2024-07-16,40.650001525878906,39.81808090209961
2024-07-17,37.07500076293945,36.316246032714844
2024-07-18,36.52000045776367,35.77260208129883
2024-07-19,35.529998779296875,34.80286407470703
2024-07-22,37.08000183105469,36.32114791870117
2024-07-23,36.68000030517578,35.9293327331543
2024-07-24,32.724998474121094,32.05527877807617
2024-07-25,31.635000228881836,30.987579345703125
2024-07-26,32.540000915527344,31.87405776977539
2024-07-29,32.72999954223633,32.0601692199707
2024-07-30,31.395000457763672,30.752492904663086
2024-07-31,34.13999938964844,33.441314697265625
2024-08-01,31.68000030517578,31.031660079956055
2024-08-02,29.3700008392334,28.76893424987793
2024-08-05,26.809999465942383,26.261322021484375
2024-08-06,27.479999542236328,26.9176082611084
2024-08-07,26.594999313354492,26.050724029541016
2024-08-08,29.030000686645508,28.435890197753906
2024-08-09,29.424999237060547,28.822805404663086
2024-08-12,29.625,29.018714904785156
2024-08-13,31.780000686645508,31.129610061645508
2024-08-14,31.834999084472656,31.183486938476562
2024-08-15,34.22999954223633,33.52947235107422
2024-08-16,34.31999969482422,33.61763381958008
2024-08-19,35.650001525878906,34.920406341552734
2024-08-20,35.43000030517578,34.70491409301758
2024-08-21,35.915000915527344,35.17998504638672
2024-08-22,34.189998626708984,33.490291595458984
2024-08-23,35.26499938964844,34.54328536987305
2024-08-26,34.22999954223633,33.52947235107422
2024-08-27,34.52000045776367,33.813533782958984
2024-08-28,33.349998474121094,32.667476654052734
2024-08-29,33.17499923706055,32.496063232421875
2024-08-30,34.30500030517578,33.602935791015625
2024-09-03,31.174999237060547,30.5369930267334
2024-09-04,30.90999984741211,30.277416229248047
2024-09-05,31.010000228881836,30.3753719329834
2024-09-06,28.4950008392334,27.911840438842773
2024-09-09,29.55500030517578,28.950149536132812
2024-09-10,30.350000381469727,29.728878021240234
2024-09-11,32.28499984741211,31.6242733001709
2024-09-12,33.2400016784668,32.55973434448242
2024-09-13,33.67499923706055,32.9858283996582
2024-09-16,33.224998474121094,32.5450325012207
2024-09-17,33.244998931884766,32.56462860107422
2024-09-18,32.810001373291016,32.13853073120117
2024-09-19,35.290000915527344,34.56777572631836
2024-09-20,35.064998626708984,34.34738540649414
2024-09-23,35.32500076293945,34.60206604003906
2024-09-24,35.82500076293945,35.091827392578125
2024-09-25,35.834999084472656,35.21466064453125
2024-09-26,36.595001220703125,35.96151351928711
2024-09-27,35.96500015258789,35.3424072265625
2024-09-30,36.244998931884766,35.61756896972656
2024-10-01,34.709999084472656,34.1091423034668
2024-10-02,34.84000015258789,34.23689651489258
2024-10-03,34.7599983215332,34.15827560424805
2024-10-04,35.98500061035156,35.36206817626953
2024-10-07,34.79999923706055,34.19758224487305
2024-10-08,36.310001373291016,35.68144607543945
2024-10-09,37.185001373291016,36.54130172729492
2024-10-10,37.05500030517578,36.41354751586914
2024-10-11,37.150001525878906,36.50689697265625
2024-10-14,38.099998474121094,37.44045639038086
2024-10-15,36.58000183105469,35.94676971435547
2024-10-16,36.560001373291016,35.9271125793457
2024-10-17,36.66999816894531,36.035213470458984
2024-10-18,37.31999969482422,36.673954010009766
2024-10-21,37.525001525878906,36.87541580200195
2024-10-22,37.6349983215332,36.983497619628906
2024-10-23,35.89500045776367,35.27362823486328
2024-10-24,36.75,36.113826751708984
2024-10-25,37.369998931884766,36.723087310791016
2024-10-28,37.404998779296875,36.75748825073242
2024-10-29,38.439998626708984,37.77457046508789
2024-10-30,37.584999084472656,36.93437194824219
2024-10-31,34.724998474121094,34.123878479003906
2024-11-01,35.46500015258789,34.85107421875
2024-11-04,35.1349983215332,34.52678298950195
2024-11-05,36.470001220703125,35.83867645263672
2024-11-06,39.43000030517578,38.7474365234375
2024-11-07,41.275001525878906,40.56049728393555
2024-11-08,41.375,40.65876388549805
2024-11-11,41.29999923706055,40.58506393432617
2024-11-12,41.07500076293945,40.363956451416016
2024-11-13,40.89500045776367,40.187068939208984
2024-11-14,40.029998779296875,39.33704376220703
2024-11-15,37.1349983215332,36.49216079711914
2024-11-18,37.8849983215332,37.22917938232422
2024-11-19,38.64500045776367,37.97602462768555
2024-11-20,38.599998474121094,37.931800842285156
2024-11-21,38.97999954223633,38.30522155761719
2024-11-22,39.125,38.44771194458008
2024-11-25,39.30500030517578,38.62459945678711
2024-11-26,39.915000915527344,39.224037170410156
2024-11-27,38.95000076293945,38.27574157714844
2024-11-29,39.94499969482422,39.253517150878906
2024-12-02,41.2400016784668,40.52609634399414
2024-12-03,41.60499954223633,40.88478088378906
2024-12-04,43.125,42.37846755981445
2024-12-05,42.77000045776367,42.02961349487305
2024-12-06,43.869998931884766,43.11056900024414
2024-12-09,42.845001220703125,42.10331726074219
2024-12-10,42.380001068115234,41.6463623046875
2024-12-11,44.64500045776367,43.87215805053711
2024-12-12,43.7599983215332,43.002479553222656
2024-12-13,44.70000076293945,43.92620086669922
2024-12-16,46.64500045776367,45.8375358581543
2024-12-17,46.02000045776367,45.22335433959961
2024-12-18,41.04499816894531,40.33447265625
2024-12-19,40.46500015258789,39.76451873779297
2024-12-20,41.51499938964844,40.79633712768555
2024-12-23,42.529998779296875,41.932655334472656
2024-12-24,44.220001220703125,43.59891891479492
2024-12-26,44.125,43.5052490234375
2024-12-27,42.33000183105469,41.73546600341797
2024-12-30,40.630001068115234,40.05934143066406
2024-12-31,39.564998626708984,39.00929641723633
2025-01-02,39.314998626708984,38.7628059387207
2025-01-03,41.20000076293945,40.621334075927734
2025-01-06,42.60499954223633,42.00659942626953
2025-01-07,40.310001373291016,39.74383544921875
2025-01-08,40.34000015258789,39.77341079711914
2025-01-10,38.415000915527344,37.875450134277344
2025-01-13,38.01499938964844,37.48106384277344
2025-01-14,37.880001068115234,37.347965240478516
2025-01-15,40.439998626708984,39.872005462646484
2025-01-16,39.6150016784668,39.05859375
2025-01-17,41.56999969482422,40.986141204833984
2025-01-21,42.2599983215332,41.66644287109375
2025-01-22,43.900001525878906,43.28340530395508
2025-01-23,44.16999816894531,43.549617767333984
2025-01-24,43.375,42.765785217285156
2025-01-27,39.56999969482422,39.01422882080078
2025-01-28,41.32500076293945,40.74458312988281
2025-01-29,41.06999969482422,40.4931640625
2025-01-30,41.584999084472656,41.00092315673828
2025-01-31,41.36000061035156,40.779083251953125
2025-02-03,40.36000061035156,39.79313278198242
2025-02-04,41.82500076293945,41.23755645751953
2025-02-05,42.369998931884766,41.77490234375
2025-02-06,43.005001068115234,42.40098190307617
2025-02-07,41.3650016784668,40.78401184082031
2025-02-10,42.81999969482422,42.21857833862305
2025-02-11,42.51499938964844,41.91786575317383
2025-02-12,42.599998474121094,42.00166702270508
2025-02-13,44.39500045776367,43.77145767211914
2025-02-14,44.915000915527344,44.28415298461914
2025-02-18,45.19499969482422,44.56022262573242
2025-02-19,45.20000076293945,44.565147399902344
2025-02-20,44.650001525878906,44.02287673950195
2025-02-21,41.85499954223633,41.26713180541992
2025-02-24,40.349998474121094,39.783267974853516
2025-02-25,38.810001373291016,38.2649040222168
2025-02-26,39.060001373291016,38.511390686035156
2025-02-27,35.81999969482422,35.31689453125
2025-02-28,37.459999084472656,36.93386459350586
2025-03-03,35.040000915527344,34.5478515625
2025-03-04,34.654998779296875,34.16825866699219
2025-03-05,36.005001068115234,35.49930191040039
2025-03-06,33.02000045776367,32.55622863769531
2025-03-07,33.70500183105469,33.231605529785156
2025-03-10,29.905000686645508,29.484975814819336
2025-03-11,29.55500030517578,29.139890670776367
2025-03-12,30.565000534057617,30.135705947875977
2025-03-13,28.895000457763672,28.489160537719727
2025-03-14,30.94499969482422,30.51036834716797
2025-03-17,31.545000076293945,31.101940155029297
2025-03-18,29.954999923706055,29.534273147583008
2025-03-19,31.1200008392334,30.68290901184082
2025-03-20,30.799999237060547,30.367401123046875
2025-03-21,31.09000015258789,30.653329849243164
2025-03-24,33.064998626708984,32.60059356689453
2025-03-25,33.654998779296875,33.18230438232422
2025-03-26,31.690000534057617,31.33708381652832
2025-03-27,31.149999618530273,30.8031005859375
2025-03-28,28.670000076293945,28.350719451904297
2025-03-31,28.649999618530273,28.33094024658203
2025-04-01,29.309999465942383,28.98358917236328
2025-04-02,29.96500015258789,29.63129425048828
2025-04-03,25.149999618530273,24.869916915893555
2025-04-04,20.545000076293945,20.31620216369629
2025-04-07,20.625,20.39531135559082
2025-04-08,19.450000762939453,19.233396530151367
2025-04-09,26.30500030517578,26.012056350708008
2025-04-10,23.06999969482422,22.813079833984375
2025-04-11,24.290000915527344,24.019495010375977
2025-04-14,24.799999237060547,24.523813247680664
2025-04-15,24.895000457763672,24.617759704589844
2025-04-16,22.645000457763672,22.3928165435791
2025-04-17,22.579999923706055,22.32853889465332
2025-04-21,20.93000030517578,20.69691276550293
2025-04-22,22.530000686645508,22.279094696044922
2025-04-23,24.024999618530273,23.7574462890625
2025-04-24,26.06999969482422,25.779672622680664
2025-04-25,26.93000030517578,26.630094528198242
2025-04-28,26.90999984741211,26.61031723022461
2025-04-29,27.434999465942383,27.12946891784668
2025-04-30,27.440000534057617,27.134414672851562
2025-05-01,28.385000228881836,28.068889617919922
2025-05-02,29.71500015258789,29.384078979492188
2025-05-05,29.200000762939453,28.87481689453125
2025-05-06,28.3700008392334,28.05405616760254
2025-05-07,28.700000762939453,28.38038444519043
2025-05-08,29.55500030517578,29.225860595703125
2025-05-09,29.485000610351562,29.156641006469727
2025-05-12,33.05500030517578,32.686885833740234
2025-05-13,34.56999969482422,34.18500900268555
2025-05-14,35.18000030517578,34.7882194519043
2025-05-15,35.290000915527344,34.89699172973633
2025-05-16,35.724998474121094,35.3271484375
2025-05-19,35.81999969482422,35.42109298706055
2025-05-20,35.44499969482422,35.050270080566406
2025-05-21,33.970001220703125,33.59169387817383
2025-05-22,34.14500045776367,33.764747619628906
2025-05-23,33.15999984741211,32.790714263916016
2025-05-27,35.470001220703125,35.074989318847656
2025-05-28,35.01499938964844,34.625057220458984
2025-05-29,35.185001373291016,34.79316329956055
2025-05-30,35.0,34.610225677490234
2025-06-02,35.80500030517578,35.4062614440918
2025-06-03,36.63999938964844,36.231964111328125
2025-06-04,36.935001373291016,36.52367401123047
2025-06-05,36.07500076293945,35.673248291015625
2025-06-06,37.10499954223633,36.69178009033203
2025-06-09,37.27000045776367,36.854942321777344
2025-06-10,37.9900016784668,37.56692886352539
2025-06-11,37.599998474121094,37.18126678466797
2025-06-12,37.845001220703125,37.42354202270508
2025-06-13,36.415000915527344,36.009464263916016
2025-06-16,37.900001525878906,37.477928161621094
2025-06-17,36.779998779296875,36.37039566040039
2025-06-18,36.72999954223633,36.32095718383789
2025-06-20,36.224998474121094,35.82157897949219
2025-06-23,37.349998474121094,36.934051513671875
2025-06-24,39.04999923706055,38.6151237487793
2025-06-25,39.2400016784668,38.91162109375
2025-06-26,40.314998626708984,39.97761917114258
2025-06-27,40.709999084472656,40.369319915771484
2025-06-30,41.5,41.15270233154297
2025-07-01,40.44499969482422,40.10653305053711
2025-07-02,41.25,40.9047966003418
2025-07-03,42.404998779296875,42.050132751464844
2025-07-07,41.459999084472656,41.113037109375
2025-07-08,41.51499938964844,41.16757583618164
2025-07-09,42.375,42.0203857421875
2025-07-10,42.18000030517578,41.8270149230957
2025-07-11,41.86000061035156,41.50969314575195
2025-07-14,42.30500030517578,41.950965881347656
2025-07-15,42.415000915527344,42.060054779052734
2025-07-16,42.53499984741211,42.179046630859375
2025-07-17,43.525001525878906,43.160762786865234
2025-07-18,43.375,43.01201629638672
2025-07-21,44.03499984741211,43.6664924621582
2025-07-22,43.349998474121094,42.987220764160156
2025-07-23,43.91999816894531,43.552452087402344
2025-07-24,44.209999084472656,43.84002685546875
2025-07-25,44.459999084472656,44.087928771972656
2025-07-28,44.89500045776367,44.51929473876953
2025-07-29,44.689998626708984,44.31600570678711
2025-07-30,44.845001220703125,44.46971130371094
2025-07-31,44.10499954223633,43.73590850830078
2025-08-01,41.459999084472656,41.113037109375
2025-08-04,43.72999954223633,43.364044189453125
2025-08-05,42.81999969482422,42.4616584777832
2025-08-06,44.41999816894531,44.04826354980469
2025-08-07,44.869998931884766,44.494503021240234
2025-08-08,46.08000183105469,45.69437789916992
2025-08-11,45.67499923706055,45.29276657104492
2025-08-12,47.36000061035156,46.96366882324219
2025-08-13,47.43000030517578,47.0330810546875
2025-08-14,47.29999923706055,46.90416717529297
2025-08-15,46.630001068115234,46.239776611328125
2025-08-18,46.56999969482422,46.180274963378906
2025-08-19,44.66999816894531,44.296173095703125
2025-08-20,43.85499954223633,43.487998962402344
2025-08-21,43.244998931884766,42.88310241699219
2025-08-22,45.189998626708984,44.811824798583984
2025-08-25,44.79499816894531,44.420127868652344
2025-08-26,45.314998626708984,44.9357795715332
2025-08-27,45.52000045776367,45.139060974121094
2025-08-28,46.349998474121094,45.96211624145508
2025-08-29,44.68000030517578,44.30609130859375
2025-09-02,43.540000915527344,43.17563247680664
2025-09-03,44.55500030517578,44.1821403503418
2025-09-04,45.7599983215332,45.37705612182617
2025-09-05,45.90999984741211,45.52580261230469
2025-09-08,46.564998626708984,46.17531204223633
2025-09-09,46.94499969482422,46.55213928222656
2025-09-10,46.994998931884766,46.60171890258789
2025-09-11,47.78499984741211,47.38510513305664
2025-09-12,48.380001068115234,47.975135803222656
2025-09-15,49.6150016784668,49.19979476928711
2025-09-16,49.47999954223633,49.06592559814453
2025-09-17,49.165000915527344,48.75355911254883
2025-09-18,50.4900016784668,50.067474365234375
2025-09-19,51.4900016784668,51.059104919433594
2025-09-22,52.36000061035156,51.92182922363281
2025-09-23,51.30500030517578,50.87565231323242
2025-09-24,50.70500183105469,50.32874298095703
2025-09-25,50.025001525878906,49.653785705566406
2025-09-26,50.625,50.249332427978516
2025-09-29,51.29999923706055,50.9193229675293
2025-09-30,51.70000076293945,51.31635284423828
2025-10-01,52.43000030517578,52.04093551635742
2025-10-02,53.06999969482422,52.67618942260742
2025-10-03,52.349998474121094,51.96153259277344
2025-10-06,53.52000045776367,53.12285232543945
2025-10-07,52.654998779296875,52.26426696777344
2025-10-08,54.439998626708984,54.0360221862793
2025-10-09,54.224998474121094,53.82261657714844
2025-10-10,48.53499984741211,48.174842834472656
2025-10-13,51.6150016784668,51.23198699951172
2025-10-14,50.564998626708984,50.18977737426758
2025-10-15,51.599998474121094,51.217098236083984
2025-10-16,51.025001525878906,50.6463623046875
2025-10-17,51.994998931884766,51.609169006347656
2025-10-20,53.94499969482422,53.544700622558594
2025-10-21,53.8849983215332,53.48514175415039
2025-10-22,52.29999923706055,51.91190719604492
2025-10-23,53.61000061035156,53.21218490600586
2025-10-24,55.279998779296875,54.869789123535156
2025-10-27,58.21500015258789,57.78301239013672
2025-10-28,59.54499816894531,59.10314178466797
2025-10-29,60.30500030517578,59.85750198364258
2025-10-30,57.54499816894531,57.11798095703125
2025-10-31,58.36000061035156,57.92693328857422
2025-11-03,59.15999984741211,58.72099685668945
2025-11-04,55.540000915527344,55.127864837646484
2025-11-05,56.619998931884766,56.19984436035156
2025-11-06,53.44499969482422,53.048404693603516
2025-11-07,52.88999938964844,52.49752426147461
2025-11-10,56.35499954223633,55.93681335449219
2025-11-11,55.88999938964844,55.47526168823242
2025-11-12,55.775001525878906,55.36111831665039
2025-11-13,52.33000183105469,51.941688537597656
2025-11-14,52.369998931884766,51.981380462646484
2025-11-17,51.025001525878906,50.6463623046875
2025-11-18,49.18000030517578,48.81505584716797
2025-11-19,50.025001525878906,49.653785705566406
2025-11-20,46.45000076293945,46.105316162109375
2025-11-21,47.47999954223633,47.12767028808594
2025-11-24,51.08000183105469,50.70096206665039
2025-11-25,52.0099983215332,51.624053955078125
2025-11-26,53.369998931884766,52.97396469116211
2025-11-28,54.540000915527344,54.13528060913086
2025-12-01,54.04999923706055,53.6489143371582
2025-12-02,55.29999923706055,54.88964080810547
2025-12-03,55.689998626708984,55.27674865722656
2025-12-04,55.5099983215332,55.09808349609375
2025-12-05,56.150001525878906,55.73333740234375
2025-12-08,55.79999923706055,55.385929107666016
2025-12-09,56.0099983215332,55.59436798095703
2025-12-10,56.650001525878906,56.22962188720703
2025-12-11,56.11000061035156,55.69363021850586
2025-12-12,52.81999969482422,52.42804718017578
2025-12-15,52.02000045776367,51.63398361206055
2025-12-16,52.33000183105469,51.941688537597656
2025-12-17,49.400001525878906,49.03342056274414
2025-12-18,51.5099983215332,51.12776565551758
2025-12-19,53.52000045776367,53.12285232543945
2025-12-22,54.25,53.84743118286133
2025-12-23,55.0099983215332,54.60179138183594
2025-12-24,55.36000061035156,55.035240173339844
2025-12-26,55.310001373291016,54.985530853271484
2025-12-29,54.4900016784668,54.17034149169922
2025-12-30,54.099998474121094,53.78262710571289
2025-12-31,52.720001220703125,52.41072463989258
2026-01-02,52.349998474121094,52.04289627075195
2026-01-05,53.599998474121094,53.285560607910156
2026-01-06,55.0099983215332,54.687286376953125
2026-01-07,55.16999816894531,54.846351623535156
2026-01-08,54.189998626708984,53.87209701538086
2026-01-09,55.7599983215332,55.432884216308594
2026-01-12,55.88999938964844,55.56212615966797
2026-01-13,55.599998474121094,55.27383041381836
2026-01-14,53.83000183105469,53.514217376708984
2026-01-15,54.380001068115234,54.06098937988281
2026-01-16,54.13999938964844,53.822391510009766
2026-01-20,50.72999954223633,50.432395935058594
2026-01-21,52.72999954223633,52.4206657409668
2026-01-22,53.900001525878906,53.583805084228516
2026-01-23,54.380001068115234,54.06098937988281
2026-01-26,55.08000183105469,54.75688171386719
2026-01-27,56.540000915527344,56.208316802978516
2026-01-28,57.060001373291016,56.72526550292969
2026-01-29,56.040000915527344,55.711246490478516
2026-01-30,54.0,53.6832160949707
2026-02-02,55.099998474121094,54.77676010131836
2026-02-03,52.52000045776367,52.21189498901367
2026-02-04,49.7599983215332,49.46809005737305
2026-02-05,47.63999938964844,47.36052322387695
2026-02-06,50.59000015258789,50.2932243347168
2026-02-09,51.7400016784668,51.43647384643555
2026-02-10,51.02000045776367,50.72069549560547
2026-02-11,51.400001525878906,51.09846878051758
2026-02-12,48.2599983215332,47.97688674926758
2026-02-13,48.470001220703125,48.1856575012207
2026-02-17,48.349998474121094,48.06635665893555
2026-02-18,49.38999938964844,49.100257873535156
2026-02-19,48.83000183105469,48.543548583984375
2026-02-20,50.060001373291016,49.76633071899414
2026-02-23,48.2400016784668,47.95700454711914
2026-02-24,49.779998779296875,49.487972259521484
2026-02-25,51.869998931884766,51.565711975097656
2026-02-26,50.04999923706055,49.756385803222656
2026-02-27,49.52000045776367,49.22949981689453
2026-03-02,49.70000076293945,49.408443450927734
2026-03-03,48.099998474121094,47.81782531738281
2026-03-04,50.2599983215332,49.965152740478516
2026-03-05,49.79999923706055,49.50785446166992
2026-03-06,47.540000915527344,47.261112213134766
2026-03-09,49.38999938964844,49.100257873535156
2026-03-10,49.400001525878906,49.110198974609375
2026-03-11,49.349998474121094,49.060489654541016
2026-03-12,46.83000183105469,46.55527877807617
2026-03-13,45.93000030517578,45.66055679321289
2026-03-16,47.459999084472656,47.18157958984375
2026-03-17,48.15999984741211,47.87747573852539
2026-03-18,46.099998474121094,45.82955551147461
2026-03-19,45.689998626708984,45.42196273803711
2026-03-20,43.08000183105469,42.82727813720703
2026-03-23,44.56999969482422,44.30853271484375
2026-03-24,43.619998931884766,43.364105224609375
2026-03-25,44.38999938964844,44.202552795410156
2026-03-26,41.22999954223633,41.0558967590332
2026-03-27,38.779998779296875,38.616241455078125
2026-03-30,37.88999938964844,37.72999954223633
2026-03-31,41.68000030517578,41.503997802734375
2026-04-01,43.22999954223633,43.04745101928711
2026-04-02,43.33000183105469,43.147029876708984
2026-04-06,44.099998474121094,43.91377639770508
2026-04-07,44.150001525878906,43.963565826416016
2026-04-08,48.0,47.79730987548828
2026-04-09,48.959999084472656,48.75325393676758
2026-04-10,49.16999816894531,48.962364196777344
2026-04-13,50.65999984741211,50.446075439453125
2026-04-14,53.40999984741211,53.18446350097656
2026-04-15,55.650001525878906,55.41500473022461
2026-04-16,56.43000030517578,56.191715240478516
2026-04-17,58.59000015258789,58.34259033203125
2026-04-20,58.08000183105469,57.834747314453125
2026-04-21,57.400001525878906,57.157615661621094
2026-04-22,60.209999084472656,59.955745697021484
2026-04-23,59.220001220703125,58.96992874145508
2026-04-24,62.560001373291016,62.29582595825195
2026-04-27,62.63999938964844,62.37548828125
2026-04-28,60.7400016784668,60.48351287841797
2026-04-29,61.86000061035156,61.598785400390625
2026-04-30,63.540000915527344,63.271690368652344
2026-05-01,65.30000305175781,65.02426147460938
2026-05-04,64.91000366210938,64.63591003417969
2026-05-05,67.38999938964844,67.10543060302734
2026-05-06,71.56999969482422,71.26778411865234
2026-05-07,71.33999633789062,71.03874969482422
2026-05-08,76.27999877929688,75.95789337158203
2026-05-11,76.95999908447266,76.63501739501953
2026-05-12,74.95999908447266,74.64346313476562
2026-05-13,77.23999786376953,76.9138412475586
2026-05-14,78.94999694824219,78.61661529541016
2026-05-15,75.33999633789062,75.02185821533203
2026-05-18,74.31999969482422,74.00617218017578
2026-05-19,72.93000030517578,72.62203216552734
2026-05-20,76.51000213623047,76.18692016601562
2026-05-21,76.94999694824219,76.62506103515625
2026-05-22,77.83999633789062,77.51129913330078
2026-05-26,81.94999694824219,81.60394287109375
2026-05-27,81.66999816894531,81.32513427734375
2026-05-28,83.68000030517578,83.3266372680664
2026-05-29,84.55999755859375,84.20292663574219
2026-06-01,86.04000091552734,85.67668151855469
2026-06-02,87.22000122070312,86.85169982910156
2026-06-03,86.55999755859375,86.19447326660156
2026-06-04,85.22000122070312,84.86014556884766
2026-06-05,73.05000305175781,72.74153137207031
2026-06-08,76.2699966430664,75.94792938232422
2026-06-09,73.72000122070312,73.40869903564453
2026-06-10,69.2699966430664,68.97748565673828
2026-06-11,76.01000213623047,75.68903350830078
2026-06-12,77.5199966430664,77.1926498413086
2026-06-15,84.58999633789062,84.23279571533203
2026-06-16,79.93000030517578,79.59248352050781
2026-06-17,77.54000091552734,77.21257019042969
2026-06-18,82.87000274658203,82.52006530761719
2026-06-22,82.58000183105469,82.23129272460938
2026-06-23,74.44000244140625,74.12566375732422
2026-06-24,73.30000305175781,73.15853118896484
2026-06-25,74.94999694824219,74.80534362792969
2026-06-26,71.83000183105469,71.69136810302734
2026-06-29,77.19000244140625,77.04102325439453
2026-06-30,81.0,80.84367370605469
2026-07-01,77.45999908447266,77.31050109863281
2026-07-02,73.3499984741211,73.20843505859375
2026-07-06,76.41999816894531,76.27250671386719
2026-07-07,72.2300033569336,72.0905990600586
2026-07-08,72.72000122070312,72.57965087890625
2026-07-09,76.33999633789062,76.19265747070312
2026-07-10,77.02999877929688,76.88133239746094
2026-07-13,72.63999938964844,72.49980163574219
2026-07-14,75.0199966430664,74.87520599365234
2026-07-15,74.44000244140625,74.29633331298828
2026-07-16,70.73999786376953,70.60346984863281
2026-07-17,67.52999877929688,67.39966583251953
2026-07-20,67.6500015258789,67.51943969726562
2026-07-21,71.37000274658203,71.23226165771484
2026-07-22,70.27999877929688,70.14435577392578
2026-07-23,66.30000305175781,66.17204284667969
2026-07-24,64.0,63.87648010253906
2026-07-27,63.400001525878906,63.27764129638672
2026-07-28,61.560001373291016,61.44118881225586
2026-07-29,57.75,57.63854217529297
2026-07-30,63.29999923706055,63.17782974243164
2026-07-31,64.62000274658203,64.49528503417969
2026-08-03,67.95999908447266,67.8288345336914
2026-08-04,74.81999969482422,74.67559814453125
2026-08-05,72.83999633789062,72.69941711425781
2026-08-06,72.02999877929688,71.89098358154297
2026-08-07,74.47000122070312,74.3262710571289
2026-08-10,73.80000305175781,73.6575698852539
2026-08-11,73.05999755859375,72.91899108886719
2026-08-12,74.5999984741211,74.45602416992188
2026-08-13,77.1500015258789,77.0010986328125
2026-08-14,76.79000091552734,76.64179992675781
2026-08-17,76.4000015258789,76.25254821777344
2026-08-18,72.52999877929688,72.3900146484375
2026-08-19,72.05999755859375,71.9209213256836
2026-08-20,70.4800033569336,70.34397888183594
2026-08-21,71.16999816894531,71.03263854980469
2026-08-24,69.01000213623047,68.87681579589844
2026-08-25,70.2699966430664,70.1343765258789
2026-08-26,70.47000122070312,70.33399200439453
2026-08-27,73.30000305175781,73.15853118896484
2026-08-28,71.8499984741211,71.7113265991211
2026-08-31,71.91999816894531,71.78118896484375
2026-09-01,69.1500015258789,69.01654052734375
2026-09-02,69.5999984741211,69.46566772460938
2026-09-03,72.02999877929688,71.89098358154297
2026-09-04,72.37000274658203,72.23033142089844
2026-09-08,72.16000366210938,72.02073669433594
2026-09-09,71.55000305175781,71.41191101074219
2026-09-10,69.20999908447266,69.07642364501953
2026-09-11,70.9800033569336,70.84300994873047
2026-09-14,69.2699966430664,69.13630676269531
2026-09-15,67.9000015258789,67.76895141601562
2026-09-16,67.93000030517578,67.79889678955078
2026-09-17,71.37999725341797,71.24223327636719
2026-09-18,72.63999938964844,72.49980163574219
2026-09-21,78.91000366210938,78.75770568847656
2026-09-22,80.83000183105469,80.67400360107422
2026-09-23,78.66000366210938,78.66000366210938
2026-09-24,78.58000183105469,78.58000183105469
2026-09-25,79.5999984741211,79.5999984741211
2026-09-28,77.04000091552734,77.04000091552734
2026-09-29,77.45999908447266,77.45999908447266
2026-09-30,78.02999877929688,78.02999877929688
2026-10-01,78.7300033569336,78.7300033569336
2026-10-02,81.01000213623047,81.01000213623047
2026-10-05,83.12000274658203,83.12000274658203
2026-10-06,84.25,84.25
