Date,Close
1971-02-05,100.0
1971-02-08,100.839996
1971-02-09,100.760002
1971-02-10,100.690002
1971-02-11,101.449997
1971-02-12,102.050003
1971-02-16,102.190002
1971-02-17,101.739998
1971-02-18,101.419998
1971-02-19,100.699997
1971-02-22,99.68
1971-02-23,99.720001
1971-02-24,100.639999
1971-02-25,101.230003
1971-02-26,101.339996
1971-03-01,101.779999
1971-03-02,101.839996
1971-03-03,102.07
1971-03-04,102.779999
1971-03-05,103.0
1971-03-08,104.230003
1971-03-09,104.410004
1971-03-10,104.139999
1971-03-11,104.260002
1971-03-12,104.5
1971-03-15,105.129997
1971-03-16,105.559998
1971-03-17,105.5
1971-03-18,105.879997
1971-03-19,105.769997
1971-03-22,105.370003
1971-03-23,105.110001
1971-03-24,104.699997
1971-03-25,104.599998
1971-03-26,105.07
1971-03-29,105.199997
1971-03-30,105.440002
1971-03-31,105.970001
1971-04-01,106.339996
1971-04-02,106.860001
1971-04-05,107.169998
1971-04-06,107.559998
1971-04-07,108.059998
1971-04-08,108.379997
1971-04-12,108.870003
1971-04-13,108.849998
1971-04-14,109.080002
1971-04-15,109.690002
1971-04-16,109.959999
1971-04-19,110.160004
1971-04-20,109.529999
1971-04-21,109.519997
1971-04-22,109.989998
1971-04-23,110.690002
1971-04-26,111.129997
1971-04-27,111.690002
1971-04-28,112.370003
1971-04-29,112.459999
1971-04-30,112.300003
1971-05-03,111.349998
1971-05-04,111.769997
1971-05-05,111.68
1971-05-06,111.059998
1971-05-07,110.660004
1971-05-10,110.150002
1971-05-11,110.330002
1971-05-12,110.370003
1971-05-13,110.550003
1971-05-14,110.739998
1971-05-17,109.150002
1971-05-18,108.400002
1971-05-19,108.330002
1971-05-20,108.720001
1971-05-21,108.849998
1971-05-24,108.419998
1971-05-25,107.5
1971-05-26,107.529999
1971-05-27,107.599998
1971-05-28,108.25
1971-06-01,108.870003
1971-06-02,109.559998
1971-06-03,110.220001
1971-06-04,110.660004
1971-06-07,110.760002
1971-06-08,110.019997
1971-06-09,109.790001
1971-06-10,110.059998
1971-06-11,110.199997
1971-06-14,109.57
1971-06-15,109.360001
1971-06-16,109.440002
1971-06-17,109.440002
1971-06-18,108.160004
1971-06-21,106.5
1971-06-22,105.489998
1971-06-23,105.989998
1971-06-24,106.370003
1971-06-25,106.559998
1971-06-28,106.449997
1971-06-29,107.220001
1971-06-30,107.800003
1971-07-01,108.470001
1971-07-02,108.769997
1971-07-06,109.230003
1971-07-07,110.010002
1971-07-08,110.419998
1971-07-09,110.910004
1971-07-12,111.239998
1971-07-13,110.760002
1971-07-14,110.339996
1971-07-15,110.720001
1971-07-16,109.980003
1971-07-19,109.370003
1971-07-20,109.790001
1971-07-21,109.739998
1971-07-22,109.540001
1971-07-23,109.629997
1971-07-26,109.349998
1971-07-27,108.57
1971-07-28,107.449997
1971-07-29,105.809998
1971-07-30,105.269997
1971-08-02,105.589996
1971-08-03,104.410004
1971-08-04,103.260002
1971-08-05,103.110001
1971-08-06,103.779999
1971-08-09,103.18
1971-08-10,103.040001
1971-08-11,104.080002
1971-08-12,105.209999
1971-08-13,105.440002
1971-08-16,107.860001
1971-08-17,108.93
1971-08-18,108.389999
1971-08-19,108.010002
1971-08-20,107.889999
1971-08-23,108.260002
1971-08-24,108.599998
1971-08-25,108.849998
1971-08-26,108.970001
1971-08-27,109.300003
1971-08-30,108.709999
1971-08-31,108.419998
1971-09-01,108.650002
1971-09-02,108.959999
1971-09-03,109.980003
1971-09-07,110.529999
1971-09-08,110.580002
1971-09-09,110.550003
1971-09-10,110.419998
1971-09-13,110.220001
1971-09-14,109.769997
1971-09-15,109.790001
1971-09-16,109.779999
1971-09-17,110.099998
1971-09-20,109.989998
1971-09-21,109.82
1971-09-22,108.989998
1971-09-23,108.800003
1971-09-24,108.879997
1971-09-27,108.18
1971-09-28,108.379997
1971-09-29,108.599998
1971-09-30,109.029999
1971-10-01,109.580002
1971-10-04,109.959999
1971-10-05,109.989998
1971-10-06,110.68
1971-10-07,110.980003
1971-10-08,110.739998
1971-10-11,110.709999
1971-10-12,110.910004
1971-10-13,110.690002
1971-10-14,109.870003
1971-10-15,109.599998
1971-10-18,109.059998
1971-10-19,107.989998
1971-10-20,106.580002
1971-10-21,106.610001
1971-10-22,106.800003
1971-10-25,106.290001
1971-10-26,105.690002
1971-10-27,104.279999
1971-10-28,104.5
1971-10-29,105.099998
1971-11-01,103.690002
1971-11-02,103.540001
1971-11-03,105.010002
1971-11-04,105.559998
1971-11-05,105.459999
1971-11-08,105.43
1971-11-09,105.720001
1971-11-10,104.860001
1971-11-11,103.739998
1971-11-12,103.910004
1971-11-15,103.440002
1971-11-16,103.709999
1971-11-17,103.639999
1971-11-18,103.440002
1971-11-19,102.949997
1971-11-22,101.790001
1971-11-23,100.309998
1971-11-24,100.400002
1971-11-26,101.639999
1971-11-29,103.080002
1971-11-30,103.970001
1971-12-01,105.0
1971-12-02,106.150002
1971-12-03,107.260002
1971-12-06,106.919998
1971-12-07,107.260002
1971-12-08,107.709999
1971-12-09,107.970001
1971-12-10,108.809998
1971-12-13,109.160004
1971-12-14,109.07
1971-12-15,109.449997
1971-12-16,110.010002
1971-12-17,110.519997
1971-12-20,111.5
1971-12-21,111.730003
1971-12-22,111.970001
1971-12-23,111.940002
1971-12-27,111.699997
1971-12-28,111.93
1971-12-29,112.57
1971-12-30,112.970001
1971-12-31,114.120003
1972-01-03,113.650002
1972-01-04,113.93
1972-01-05,114.830002
1972-01-06,115.720001
1972-01-07,116.050003
1972-01-10,116.099998
1972-01-11,116.639999
1972-01-12,116.900002
1972-01-13,116.419998
1972-01-14,116.739998
1972-01-17,116.93
1972-01-18,117.660004
1972-01-19,117.449997
1972-01-20,117.32
1972-01-21,117.209999
1972-01-24,116.489998
1972-01-25,116.300003
1972-01-26,116.389999
1972-01-27,117.370003
1972-01-28,118.440002
1972-01-31,118.870003
1972-02-01,119.580002
1972-02-02,120.470001
1972-02-03,120.660004
1972-02-04,121.239998
1972-02-07,121.139999
1972-02-08,121.349998
1972-02-09,122.160004
1972-02-10,122.709999
1972-02-11,122.860001
1972-02-14,122.260002
1972-02-15,122.610001
1972-02-16,123.349998
1972-02-17,123.440002
1972-02-18,123.400002
1972-02-22,123.300003
1972-02-23,123.610001
1972-02-24,124.0
1972-02-25,124.830002
1972-02-28,124.940002
1972-02-29,125.379997
1972-03-01,126.290001
1972-03-02,126.580002
1972-03-03,127.190002
1972-03-06,127.879997
1972-03-07,127.830002
1972-03-08,128.399994
1972-03-09,128.850006
1972-03-10,128.550003
1972-03-13,127.339996
1972-03-14,127.730003
1972-03-15,128.139999
1972-03-16,127.769997
1972-03-17,128.009995
1972-03-20,127.529999
1972-03-21,125.730003
1972-03-22,126.360001
1972-03-23,127.379997
1972-03-24,127.550003
1972-03-27,127.559998
1972-03-28,127.720001
1972-03-29,127.529999
1972-03-30,128.139999
1972-04-03,128.059998
1972-04-04,128.779999
1972-04-05,130.0
1972-04-06,130.919998
1972-04-07,131.800003
1972-04-10,131.759995
1972-04-11,132.470001
1972-04-12,133.169998
1972-04-13,133.059998
1972-04-14,133.880005
1972-04-17,133.740005
1972-04-18,134.100006
1972-04-19,132.679993
1972-04-20,132.860001
1972-04-21,133.009995
1972-04-24,131.899994
1972-04-25,130.839996
1972-04-26,130.919998
1972-04-27,131.009995
1972-04-28,131.330002
1972-05-01,130.160004
1972-05-02,129.339996
1972-05-03,128.770004
1972-05-04,128.919998
1972-05-05,129.429993
1972-05-08,128.619995
1972-05-09,125.779999
1972-05-10,126.769997
1972-05-11,127.949997
1972-05-12,129.440002
1972-05-15,130.339996
1972-05-16,130.360001
1972-05-17,129.759995
1972-05-18,130.820007
1972-05-19,132.160004
1972-05-22,132.380005
1972-05-23,132.720001
1972-05-24,133.470001
1972-05-25,133.800003
1972-05-26,133.949997
1972-05-30,133.449997
1972-05-31,132.529999
1972-06-01,133.130005
1972-06-02,133.520004
1972-06-05,132.740005
1972-06-06,132.0
1972-06-07,131.0
1972-06-08,131.070007
1972-06-09,130.570007
1972-06-12,130.380005
1972-06-13,130.779999
1972-06-14,131.449997
1972-06-15,131.289993
1972-06-16,131.279999
1972-06-19,130.759995
1972-06-20,131.070007
1972-06-21,131.380005
1972-06-22,130.789993
1972-06-23,130.220001
1972-06-26,129.309998
1972-06-27,129.789993
1972-06-28,129.580002
1972-06-29,129.350006
1972-06-30,130.080002
1972-07-03,130.589996
1972-07-05,131.279999
1972-07-06,131.860001
1972-07-07,131.5
1972-07-10,130.850006
1972-07-11,130.470001
1972-07-12,130.110001
1972-07-13,129.029999
1972-07-14,129.380005
1972-07-17,128.399994
1972-07-18,127.540001
1972-07-19,127.769997
1972-07-20,127.089996
1972-07-21,127.629997
1972-07-24,128.770004
1972-07-25,128.470001
1972-07-26,128.649994
1972-07-27,128.360001
1972-07-28,128.149994
1972-07-31,127.75
1972-08-01,128.449997
1972-08-02,129.389999
1972-08-03,130.309998
1972-08-04,130.940002
1972-08-07,130.970001
1972-08-08,130.610001
1972-08-09,130.75
1972-08-10,130.839996
1972-08-11,131.679993
1972-08-14,131.699997
1972-08-15,131.479996
1972-08-16,131.460007
1972-08-17,130.889999
1972-08-18,131.429993
1972-08-21,131.289993
1972-08-22,131.289993
1972-08-23,131.100006
1972-08-24,130.399994
1972-08-25,130.309998
1972-08-28,129.770004
1972-08-29,129.440002
1972-08-30,129.779999
1972-08-31,129.949997
1972-09-01,130.699997
1972-09-05,130.330002
1972-09-06,129.630005
1972-09-07,129.210007
1972-09-08,129.130005
1972-09-11,128.259995
1972-09-12,127.18
1972-09-13,127.510002
1972-09-14,127.580002
1972-09-15,127.669998
1972-09-18,127.610001
1972-09-19,127.419998
1972-09-20,127.510002
1972-09-21,127.300003
1972-09-22,127.459999
1972-09-25,126.82
1972-09-26,127.07
1972-09-27,128.550003
1972-09-28,129.130005
1972-09-29,129.610001
1972-10-02,129.300003
1972-10-03,129.479996
1972-10-04,129.289993
1972-10-05,128.009995
1972-10-06,128.130005
1972-10-09,128.509995
1972-10-10,129.020004
1972-10-11,128.570007
1972-10-12,127.870003
1972-10-13,127.190002
1972-10-16,125.870003
1972-10-17,126.43
1972-10-18,127.050003
1972-10-19,126.910004
1972-10-20,128.0
1972-10-23,128.660004
1972-10-24,128.910004
1972-10-25,128.889999
1972-10-26,129.369995
1972-10-27,129.529999
1972-10-30,129.460007
1972-10-31,130.240005
1972-11-01,131.589996
1972-11-02,132.119995
1972-11-03,133.339996
1972-11-06,133.580002
1972-11-08,133.059998
1972-11-09,132.820007
1972-11-10,133.119995
1972-11-13,132.770004
1972-11-14,132.899994
1972-11-15,132.449997
1972-11-16,132.619995
1972-11-17,132.330002
1972-11-20,132.119995
1972-11-21,132.190002
1972-11-22,132.490005
1972-11-24,133.020004
1972-11-27,132.570007
1972-11-28,132.710007
1972-11-29,132.729996
1972-11-30,132.960007
1972-12-01,133.940002
1972-12-04,134.139999
1972-12-05,134.279999
1972-12-06,134.679993
1972-12-07,135.059998
1972-12-08,135.149994
1972-12-11,134.830002
1972-12-12,134.270004
1972-12-13,133.660004
1972-12-14,133.330002
1972-12-15,133.529999
1972-12-18,132.539993
1972-12-19,132.389999
1972-12-20,131.929993
1972-12-21,131.080002
1972-12-22,131.279999
1972-12-26,131.179993
1972-12-27,131.929993
1972-12-29,133.729996
1973-01-02,134.630005
1973-01-03,135.380005
1973-01-04,135.440002
1973-01-05,135.910004
1973-01-08,136.020004
1973-01-09,135.990005
1973-01-10,136.059998
1973-01-11,136.839996
1973-01-12,136.009995
1973-01-15,134.600006
1973-01-16,134.029999
1973-01-17,134.070007
1973-01-18,134.339996
1973-01-19,133.869995
1973-01-22,133.149994
1973-01-23,132.440002
1973-01-24,130.490005
1973-01-26,129.759995
1973-01-29,128.460007
1973-01-30,128.220001
1973-01-31,128.399994
1973-02-01,126.940002
1973-02-02,126.480003
1973-02-05,126.0
1973-02-06,126.269997
1973-02-07,124.989998
1973-02-08,123.970001
1973-02-09,125.860001
1973-02-12,126.879997
1973-02-13,127.190002
1973-02-14,125.419998
1973-02-15,124.43
1973-02-16,124.550003
1973-02-20,125.010002
1973-02-21,123.949997
1973-02-22,123.68
1973-02-23,122.339996
1973-02-26,121.269997
1973-02-27,119.800003
1973-02-28,120.410004
1973-03-01,119.529999
1973-03-02,120.110001
1973-03-05,120.550003
1973-03-06,121.910004
1973-03-07,122.279999
1973-03-08,122.110001
1973-03-09,121.989998
1973-03-12,121.860001
1973-03-13,122.089996
1973-03-14,122.099998
1973-03-15,121.599998
1973-03-16,121.220001
1973-03-19,119.940002
1973-03-20,119.260002
1973-03-21,117.889999
1973-03-22,115.690002
1973-03-23,115.470001
1973-03-26,115.540001
1973-03-27,116.889999
1973-03-28,117.139999
1973-03-29,118.190002
1973-03-30,117.459999
1973-04-02,115.790001
1973-04-03,114.470001
1973-04-04,112.889999
1973-04-05,112.019997
1973-04-06,113.269997
1973-04-09,114.010002
1973-04-10,114.809998
1973-04-11,115.290001
1973-04-12,115.589996
1973-04-13,115.220001
1973-04-16,114.550003
1973-04-17,113.639999
1973-04-18,113.709999
1973-04-19,114.150002
1973-04-23,113.019997
1973-04-24,111.230003
1973-04-25,109.370003
1973-04-26,109.720001
1973-04-27,108.400002
1973-04-30,107.849998
1973-05-01,107.959999
1973-05-02,109.050003
1973-05-03,109.809998
1973-05-04,110.889999
1973-05-07,110.480003
1973-05-08,110.669998
1973-05-09,110.540001
1973-05-10,110.32
1973-05-11,109.099998
1973-05-14,106.459999
1973-05-15,106.139999
1973-05-16,106.099998
1973-05-17,105.190002
1973-05-18,102.889999
1973-05-21,100.760002
1973-05-22,101.589996
1973-05-23,102.089996
1973-05-24,104.269997
1973-05-25,105.169998
1973-05-29,104.849998
1973-05-30,103.190002
1973-05-31,102.639999
1973-06-01,102.300003
1973-06-04,100.769997
1973-06-05,101.709999
1973-06-06,101.699997
1973-06-07,102.57
1973-06-08,103.720001
1973-06-11,103.040001
1973-06-12,104.790001
1973-06-13,104.330002
1973-06-14,103.559998
1973-06-15,102.260002
1973-06-18,100.769997
1973-06-19,100.959999
1973-06-20,101.190002
1973-06-21,100.400002
1973-06-22,100.989998
1973-06-25,99.43
1973-06-26,99.959999
1973-06-27,100.220001
1973-06-28,101.160004
1973-06-29,100.980003
1973-07-02,100.150002
1973-07-03,99.449997
1973-07-05,99.389999
1973-07-06,99.480003
1973-07-09,100.010002
1973-07-10,101.18
1973-07-11,102.690002
1973-07-12,103.169998
1973-07-13,103.029999
1973-07-16,103.970001
1973-07-17,104.639999
1973-07-18,105.769997
1973-07-19,106.519997
1973-07-20,107.68
1973-07-23,107.75
1973-07-24,108.290001
1973-07-25,109.190002
1973-07-26,109.169998
1973-07-27,109.360001
1973-07-30,108.879997
1973-07-31,108.639999
1973-08-01,107.129997
1973-08-02,106.980003
1973-08-03,106.82
1973-08-06,107.209999
1973-08-07,107.300003
1973-08-08,106.129997
1973-08-09,106.150002
1973-08-10,105.32
1973-08-13,104.349998
1973-08-14,103.589996
1973-08-15,103.349998
1973-08-16,103.309998
1973-08-17,103.709999
1973-08-20,102.669998
1973-08-21,102.120003
1973-08-22,101.339996
1973-08-23,102.529999
1973-08-24,102.400002
1973-08-27,102.910004
1973-08-28,102.989998
1973-08-29,103.790001
1973-08-30,103.989998
1973-08-31,104.870003
1973-09-04,105.5
1973-09-05,106.029999
1973-09-06,106.360001
1973-09-07,107.019997
1973-09-10,106.25
1973-09-11,105.769997
1973-09-12,105.330002
1973-09-13,105.599998
1973-09-14,106.07
1973-09-17,106.269997
1973-09-18,106.300003
1973-09-19,107.910004
1973-09-20,108.760002
1973-09-21,109.459999
1973-09-24,109.690002
1973-09-25,109.800003
1973-09-26,110.620003
1973-09-27,111.269997
1973-09-28,111.199997
1973-10-01,110.970001
1973-10-02,111.760002
1973-10-03,112.129997
1973-10-04,111.510002
1973-10-05,112.559998
1973-10-08,113.169998
1973-10-09,113.07
1973-10-10,112.169998
1973-10-11,113.559998
1973-10-12,114.099998
1973-10-15,113.129997
1973-10-16,113.139999
1973-10-17,112.660004
1973-10-18,112.82
1973-10-19,113.25
1973-10-22,112.290001
1973-10-23,111.809998
1973-10-24,112.129997
1973-10-25,112.309998
1973-10-26,112.790001
1973-10-29,112.089996
1973-10-30,110.629997
1973-10-31,110.169998
1973-11-01,109.620003
1973-11-02,108.93
1973-11-05,107.209999
1973-11-06,106.290001
1973-11-07,106.720001
1973-11-08,107.309998
1973-11-09,105.769997
1973-11-12,105.080002
1973-11-13,104.739998
1973-11-14,101.980003
1973-11-15,101.629997
1973-11-16,101.379997
1973-11-19,99.0
1973-11-20,96.580002
1973-11-21,97.32
1973-11-23,97.300003
1973-11-26,94.129997
1973-11-27,93.07
1973-11-28,94.940002
1973-11-29,94.620003
1973-11-30,93.510002
1973-12-03,91.970001
1973-12-04,91.559998
1973-12-05,89.730003
1973-12-06,91.269997
1973-12-07,92.32
1973-12-10,93.540001
1973-12-11,92.199997
1973-12-12,90.809998
1973-12-13,89.120003
1973-12-14,89.629997
1973-12-17,89.129997
1973-12-18,90.559998
1973-12-19,90.239998
1973-12-20,90.269997
1973-12-21,89.519997
1973-12-24,88.669998
1973-12-26,90.190002
1973-12-27,91.25
1973-12-28,91.68
1973-12-31,92.190002
1974-01-02,92.529999
1974-01-03,94.18
1974-01-04,94.099998
1974-01-07,94.470001
1974-01-08,94.019997
1974-01-09,92.199997
1974-01-10,91.419998
1974-01-11,92.230003
1974-01-14,92.400002
1974-01-15,93.07
1974-01-16,94.489998
1974-01-17,95.949997
1974-01-18,95.32
1974-01-21,94.480003
1974-01-22,95.290001
1974-01-23,95.760002
1974-01-24,95.610001
1974-01-25,95.400002
1974-01-28,95.019997
1974-01-29,94.559998
1974-01-30,95.169998
1974-01-31,94.93
1974-02-01,94.150002
1974-02-04,92.889999
1974-02-05,92.459999
1974-02-06,92.739998
1974-02-07,92.809998
1974-02-08,92.199997
1974-02-11,91.129997
1974-02-12,90.5
1974-02-13,90.080002
1974-02-14,90.209999
1974-02-15,90.980003
1974-02-19,90.82
1974-02-20,91.559998
1974-02-21,92.169998
1974-02-22,92.93
1974-02-25,92.720001
1974-02-26,93.110001
1974-02-27,94.059998
1974-02-28,94.349998
1974-03-01,94.050003
1974-03-04,93.800003
1974-03-05,94.709999
1974-03-06,95.120003
1974-03-07,94.529999
1974-03-08,95.169998
1974-03-11,95.870003
1974-03-12,95.800003
1974-03-13,96.330002
1974-03-14,96.510002
1974-03-15,96.529999
1974-03-18,95.370003
1974-03-19,94.75
1974-03-20,94.949997
1974-03-21,95.360001
1974-03-22,95.449997
1974-03-25,95.349998
1974-03-26,95.269997
1974-03-27,94.209999
1974-03-28,92.870003
1974-03-29,92.269997
1974-04-01,91.900002
1974-04-02,92.029999
1974-04-03,92.129997
1974-04-04,91.879997
1974-04-05,90.699997
1974-04-08,89.919998
1974-04-09,90.18
1974-04-10,89.870003
1974-04-11,89.790001
1974-04-15,89.419998
1974-04-16,90.330002
1974-04-17,90.720001
1974-04-18,90.900002
1974-04-19,90.309998
1974-04-22,90.269997
1974-04-23,88.470001
1974-04-24,86.949997
1974-04-25,86.040001
1974-04-26,86.239998
1974-04-29,86.459999
1974-04-30,86.860001
1974-05-01,87.629997
1974-05-02,87.970001
1974-05-03,87.470001
1974-05-06,87.309998
1974-05-07,86.660004
1974-05-08,85.739998
1974-05-09,85.809998
1974-05-10,84.300003
1974-05-13,83.18
1974-05-14,83.160004
1974-05-15,83.510002
1974-05-16,83.5
1974-05-17,81.93
1974-05-20,81.43
1974-05-21,81.290001
1974-05-22,80.720001
1974-05-23,80.550003
1974-05-24,81.449997
1974-05-28,81.059998
1974-05-29,79.779999
1974-05-30,80.089996
1974-05-31,80.199997
1974-06-03,81.080002
1974-06-04,81.769997
1974-06-05,82.209999
1974-06-06,83.199997
1974-06-07,83.709999
1974-06-10,83.919998
1974-06-11,83.339996
1974-06-12,83.099998
1974-06-13,83.239998
1974-06-14,82.760002
1974-06-17,81.540001
1974-06-18,81.25
1974-06-19,80.660004
1974-06-20,79.849998
1974-06-21,79.110001
1974-06-24,78.879997
1974-06-25,79.349998
1974-06-26,78.269997
1974-06-27,76.830002
1974-06-28,75.959999
1974-07-01,75.389999
1974-07-02,73.809998
1974-07-03,73.660004
1974-07-05,73.57
1974-07-08,70.959999
1974-07-09,70.589996
1974-07-10,69.82
1974-07-11,69.949997
1974-07-12,71.68
1974-07-15,71.980003
1974-07-16,71.629997
1974-07-17,72.709999
1974-07-18,72.809998
1974-07-19,73.400002
1974-07-22,73.419998
1974-07-23,74.440002
1974-07-24,74.629997
1974-07-25,73.510002
1974-07-26,72.830002
1974-07-29,71.489998
1974-07-30,71.300003
1974-07-31,69.989998
1974-08-01,69.629997
1974-08-02,69.400002
1974-08-05,69.669998
1974-08-06,70.529999
1974-08-07,71.68
1974-08-08,70.660004
1974-08-09,70.690002
1974-08-12,70.360001
1974-08-13,68.82
1974-08-14,67.25
1974-08-15,66.879997
1974-08-16,65.860001
1974-08-19,65.129997
1974-08-20,65.720001
1974-08-21,64.919998
1974-08-22,63.59
1974-08-23,62.57
1974-08-26,62.939999
1974-08-27,62.34
1974-08-28,62.43
1974-08-29,61.369999
1974-08-30,62.369999
1974-09-03,60.880001
1974-09-04,58.950001
1974-09-05,60.220001
1974-09-06,60.700001
1974-09-09,59.369999
1974-09-10,58.970001
1974-09-11,58.959999
1974-09-12,57.709999
1974-09-13,56.66
1974-09-16,57.240002
1974-09-17,57.720001
1974-09-18,58.119999
1974-09-19,59.52
1974-09-20,59.900002
1974-09-23,59.66
1974-09-24,58.84
1974-09-25,58.759998
1974-09-26,57.869999
1974-09-27,57.119999
1974-09-30,55.669998
1974-10-01,55.48
1974-10-02,55.669998
1974-10-03,54.869999
1974-10-04,55.16
1974-10-07,56.57
1974-10-08,56.130001
1974-10-09,57.57
1974-10-10,59.130001
1974-10-11,60.419998
1974-10-14,61.73
1974-10-15,61.400002
1974-10-16,61.189999
1974-10-17,62.040001
1974-10-18,62.75
1974-10-21,63.82
1974-10-22,64.139999
1974-10-23,63.400002
1974-10-24,62.599998
1974-10-25,62.880001
1974-10-28,62.5
1974-10-29,63.669998
1974-10-30,64.879997
1974-10-31,65.230003
1974-11-01,65.059998
1974-11-04,64.620003
1974-11-05,65.989998
1974-11-06,66.110001
1974-11-07,66.639999
1974-11-08,66.510002
1974-11-11,66.720001
1974-11-12,65.360001
1974-11-13,64.980003
1974-11-14,65.040001
1974-11-15,64.410004
1974-11-18,62.09
1974-11-19,60.93
1974-11-20,60.75
1974-11-21,61.490002
1974-11-22,62.07
1974-11-25,61.68
1974-11-26,62.650002
1974-11-27,62.799999
1974-11-29,62.950001
1974-12-02,61.66
1974-12-03,60.5
1974-12-04,60.41
1974-12-05,58.919998
1974-12-06,58.209999
1974-12-09,57.91
1974-12-10,58.759998
1974-12-11,59.27
1974-12-12,59.360001
1974-12-13,59.220001
1974-12-16,58.849998
1974-12-17,59.18
1974-12-18,59.630001
1974-12-19,59.459999
1974-12-20,58.669998
1974-12-23,57.860001
1974-12-24,58.310001
1974-12-26,58.880001
1974-12-27,58.740002
1974-12-30,58.779999
1974-12-31,59.82
1975-01-02,60.700001
1975-01-03,61.23
1975-01-06,61.740002
1975-01-07,61.889999
1975-01-08,61.5
1975-01-09,62.369999
1975-01-10,63.689999
1975-01-13,63.34
1975-01-14,63.110001
1975-01-15,63.869999
1975-01-16,64.800003
1975-01-17,64.400002
1975-01-20,64.440002
1975-01-21,64.18
1975-01-22,64.120003
1975-01-23,64.489998
1975-01-24,65.379997
1975-01-27,67.040001
1975-01-28,67.919998
1975-01-29,69.080002
1975-01-30,68.989998
1975-01-31,69.779999
1975-02-03,70.730003
1975-02-04,70.129997
1975-02-05,71.07
1975-02-06,71.459999
1975-02-07,71.120003
1975-02-10,70.82
1975-02-11,70.830002
1975-02-12,71.589996
1975-02-13,72.879997
1975-02-14,73.260002
1975-02-18,72.470001
1975-02-19,72.870003
1975-02-20,73.580002
1975-02-21,73.790001
1975-02-24,73.139999
1975-02-25,72.07
1975-02-26,72.239998
1975-02-27,72.529999
1975-02-28,73.0
1975-03-03,73.830002
1975-03-04,74.209999
1975-03-05,73.900002
1975-03-06,74.029999
1975-03-07,74.400002
1975-03-10,74.879997
1975-03-11,75.040001
1975-03-12,74.129997
1975-03-13,74.68
1975-03-14,76.07
1975-03-17,76.269997
1975-03-18,76.18
1975-03-19,75.669998
1975-03-20,75.779999
1975-03-21,75.919998
1975-03-24,74.419998
1975-03-25,74.330002
1975-03-26,75.559998
1975-03-27,76.18
1975-03-31,75.660004
1975-04-01,75.419998
1975-04-02,75.620003
1975-04-03,74.949997
1975-04-04,74.730003
1975-04-07,74.339996
1975-04-08,74.529999
1975-04-09,75.400002
1975-04-10,75.760002
1975-04-11,76.309998
1975-04-14,77.330002
1975-04-15,77.510002
1975-04-16,78.0
1975-04-17,78.260002
1975-04-18,78.080002
1975-04-21,79.080002
1975-04-22,78.540001
1975-04-23,78.239998
1975-04-24,78.07
1975-04-25,78.639999
1975-04-28,78.279999
1975-04-29,77.82
1975-04-30,78.540001
1975-05-01,79.269997
1975-05-02,80.25
1975-05-05,81.139999
1975-05-06,80.809998
1975-05-07,81.309998
1975-05-08,82.120003
1975-05-09,82.82
1975-05-12,82.300003
1975-05-13,82.349998
1975-05-14,82.910004
1975-05-15,82.790001
1975-05-16,82.440002
1975-05-19,81.989998
1975-05-20,81.82
1975-05-21,80.949997
1975-05-22,81.559998
1975-05-23,82.620003
1975-05-27,82.489998
1975-05-28,81.980003
1975-05-29,81.779999
1975-05-30,83.099998
1975-06-02,83.879997
1975-06-03,84.139999
1975-06-04,84.040001
1975-06-05,84.239998
1975-06-06,84.769997
1975-06-09,84.010002
1975-06-10,83.400002
1975-06-11,83.599998
1975-06-12,82.989998
1975-06-13,83.43
1975-06-16,84.010002
1975-06-17,83.43
1975-06-18,83.470001
1975-06-19,84.550003
1975-06-20,85.239998
1975-06-23,85.769997
1975-06-24,86.230003
1975-06-25,86.300003
1975-06-26,86.449997
1975-06-27,86.5
1975-06-30,87.019997
1975-07-01,86.330002
1975-07-02,85.639999
1975-07-03,86.199997
1975-07-07,85.599998
1975-07-08,85.389999
1975-07-09,86.5
1975-07-10,86.830002
1975-07-11,87.199997
1975-07-14,87.580002
1975-07-15,88.0
1975-07-16,87.389999
1975-07-17,87.129997
1975-07-18,87.019997
1975-07-21,86.769997
1975-07-22,85.720001
1975-07-23,84.620003
1975-07-24,84.139999
1975-07-25,83.599998
1975-07-28,83.089996
1975-07-29,82.669998
1975-07-30,83.029999
1975-07-31,83.190002
1975-08-01,81.620003
1975-08-04,80.980003
1975-08-05,80.169998
1975-08-06,80.239998
1975-08-07,79.589996
1975-08-08,79.550003
1975-08-11,79.449997
1975-08-12,79.599998
1975-08-13,79.089996
1975-08-14,78.449997
1975-08-15,78.580002
1975-08-18,78.029999
1975-08-19,76.650002
1975-08-20,75.519997
1975-08-21,75.900002
1975-08-22,76.449997
1975-08-25,76.839996
1975-08-26,76.209999
1975-08-27,76.57
1975-08-28,78.059998
1975-08-29,79.010002
1975-09-02,77.889999
1975-09-03,78.080002
1975-09-04,78.129997
1975-09-05,77.779999
1975-09-08,77.459999
1975-09-09,76.599998
1975-09-10,75.239998
1975-09-11,74.849998
1975-09-12,74.720001
1975-09-15,74.470001
1975-09-16,73.779999
1975-09-17,73.870003
1975-09-18,74.779999
1975-09-19,76.389999
1975-09-22,75.860001
1975-09-23,75.940002
1975-09-24,76.43
1975-09-25,76.099998
1975-09-26,76.139999
1975-09-29,75.370003
1975-09-30,74.330002
1975-10-01,73.800003
1975-10-02,74.160004
1975-10-03,75.5
1975-10-06,76.029999
1975-10-07,75.879997
1975-10-08,76.610001
1975-10-09,76.870003
1975-10-10,76.959999
1975-10-13,77.699997
1975-10-14,78.190002
1975-10-15,78.199997
1975-10-16,78.220001
1975-10-17,77.629997
1975-10-20,78.129997
1975-10-21,78.43
1975-10-22,78.910004
1975-10-23,78.059998
1975-10-24,78.620003
1975-10-27,78.290001
1975-10-28,78.730003
1975-10-29,77.580002
1975-10-30,77.449997
1975-10-31,76.989998
1975-11-03,76.620003
1975-11-04,76.860001
1975-11-05,77.300003
1975-11-06,77.389999
1975-11-07,77.209999
1975-11-10,77.459999
1975-11-11,78.0
1975-11-12,79.269997
1975-11-13,79.220001
1975-11-14,78.980003
1975-11-17,79.099998
1975-11-18,78.620003
1975-11-19,77.870003
1975-11-20,77.669998
1975-11-21,77.739998
1975-11-24,77.919998
1975-11-25,78.18
1975-11-26,78.559998
1975-11-28,78.800003
1975-12-01,78.660004
1975-12-02,77.330002
1975-12-03,75.669998
1975-12-04,75.199997
1975-12-05,74.720001
1975-12-08,74.919998
1975-12-09,74.519997
1975-12-10,75.25
1975-12-11,75.080002
1975-12-12,74.910004
1975-12-15,74.540001
1975-12-16,75.190002
1975-12-17,75.800003
1975-12-18,76.07
1975-12-19,75.919998
1975-12-22,75.589996
1975-12-23,75.879997
1975-12-24,76.370003
1975-12-26,77.129997
1975-12-29,76.940002
1975-12-30,76.669998
1975-12-31,77.620003
1976-01-02,78.059998
1976-01-05,78.760002
1976-01-06,80.269997
1976-01-07,80.989998
1976-01-08,81.650002
1976-01-09,82.309998
1976-01-12,82.709999
1976-01-13,82.419998
1976-01-14,83.620003
1976-01-15,83.730003
1976-01-16,84.300003
1976-01-19,84.730003
1976-01-20,84.900002
1976-01-21,84.949997
1976-01-22,84.620003
1976-01-23,85.260002
1976-01-26,85.050003
1976-01-27,84.760002
1976-01-28,84.629997
1976-01-29,86.150002
1976-01-30,87.050003
1976-02-02,87.279999
1976-02-03,87.379997
1976-02-04,88.449997
1976-02-05,88.019997
1976-02-06,87.25
1976-02-09,87.830002
1976-02-10,87.949997
1976-02-11,88.690002
1976-02-12,88.879997
1976-02-13,88.959999
1976-02-17,88.82
1976-02-18,89.230003
1976-02-19,90.139999
1976-02-20,91.019997
1976-02-23,91.309998
1976-02-24,91.730003
1976-02-25,92.089996
1976-02-26,91.449997
1976-02-27,90.260002
1976-03-01,90.25
1976-03-02,90.540001
1976-03-03,90.169998
1976-03-04,89.650002
1976-03-05,89.470001
1976-03-08,89.970001
1976-03-09,89.980003
1976-03-10,90.199997
1976-03-11,91.209999
1976-03-12,90.989998
1976-03-15,89.720001
1976-03-16,89.860001
1976-03-17,90.110001
1976-03-18,89.550003
1976-03-19,89.540001
1976-03-22,89.690002
1976-03-23,90.360001
1976-03-24,90.93
1976-03-25,90.669998
1976-03-26,90.889999
1976-03-29,90.690002
1976-03-30,90.489998
1976-03-31,90.620003
1976-04-01,90.440002
1976-04-02,90.629997
1976-04-05,91.43
1976-04-06,91.550003
1976-04-07,90.800003
1976-04-08,90.040001
1976-04-09,88.889999
1976-04-12,88.599998
1976-04-13,88.660004
1976-04-14,88.75
1976-04-15,89.169998
1976-04-19,89.589996
1976-04-20,90.610001
1976-04-21,90.769997
1976-04-22,90.959999
1976-04-23,90.599998
1976-04-26,90.57
1976-04-27,89.980003
1976-04-28,90.300003
1976-04-29,90.550003
1976-04-30,90.080002
1976-05-03,89.050003
1976-05-04,89.239998
1976-05-05,89.239998
1976-05-06,89.419998
1976-05-07,90.019997
1976-05-10,90.550003
1976-05-11,90.589996
1976-05-12,90.639999
1976-05-13,90.220001
1976-05-14,89.779999
1976-05-17,89.489998
1976-05-18,89.529999
1976-05-19,89.25
1976-05-20,89.529999
1976-05-21,89.389999
1976-05-24,88.150002
1976-05-25,87.809998
1976-05-26,88.099998
1976-05-27,87.779999
1976-05-28,88.040001
1976-06-01,87.809998
1976-06-02,88.160004
1976-06-03,88.260002
1976-06-04,87.75
1976-06-07,87.220001
1976-06-08,87.120003
1976-06-09,86.949997
1976-06-10,87.309998
1976-06-11,87.709999
1976-06-14,88.400002
1976-06-15,88.449997
1976-06-16,88.93
1976-06-17,89.720001
1976-06-18,90.050003
1976-06-21,90.150002
1976-06-22,89.540001
1976-06-23,89.190002
1976-06-24,89.800003
1976-06-25,90.050003
1976-06-28,89.870003
1976-06-29,90.110001
1976-06-30,90.32
1976-07-01,90.279999
1976-07-02,90.879997
1976-07-06,90.620003
1976-07-07,90.599998
1976-07-08,90.790001
1976-07-09,91.480003
1976-07-12,91.940002
1976-07-13,91.970001
1976-07-14,92.440002
1976-07-15,92.519997
1976-07-16,92.400002
1976-07-19,92.080002
1976-07-20,91.68
1976-07-21,91.529999
1976-07-22,91.660004
1976-07-23,91.599998
1976-07-26,91.480003
1976-07-27,91.300003
1976-07-28,91.010002
1976-07-29,90.849998
1976-07-30,91.290001
1976-08-02,91.269997
1976-08-03,92.010002
1976-08-04,91.870003
1976-08-05,91.480003
1976-08-06,91.639999
1976-08-09,91.330002
1976-08-10,91.889999
1976-08-11,91.809998
1976-08-12,91.889999
1976-08-13,91.809998
1976-08-16,91.769997
1976-08-17,92.010002
1976-08-18,91.849998
1976-08-19,90.739998
1976-08-20,90.190002
1976-08-23,89.599998
1976-08-24,89.129997
1976-08-25,89.550003
1976-08-26,89.199997
1976-08-27,89.139999
1976-08-30,89.279999
1976-08-31,89.699997
1976-09-01,90.589996
1976-09-02,90.68
1976-09-03,91.019997
1976-09-07,91.209999
1976-09-08,91.260002
1976-09-09,90.860001
1976-09-10,91.190002
1976-09-13,90.959999
1976-09-14,90.529999
1976-09-15,90.629997
1976-09-16,91.040001
1976-09-17,91.610001
1976-09-20,91.889999
1976-09-21,92.419998
1976-09-22,92.440002
1976-09-23,92.269997
1976-09-24,92.309998
1976-09-27,92.440002
1976-09-28,91.639999
1976-09-29,91.269997
1976-09-30,91.260002
1976-10-01,90.440002
1976-10-04,90.459999
1976-10-05,89.75
1976-10-06,89.07
1976-10-07,89.629997
1976-10-08,89.379997
1976-10-11,89.019997
1976-10-12,88.760002
1976-10-13,89.300003
1976-10-14,88.730003
1976-10-15,89.059998
1976-10-18,89.459999
1976-10-19,89.449997
1976-10-20,89.629997
1976-10-21,89.489998
1976-10-22,89.260002
1976-10-25,89.370003
1976-10-26,89.419998
1976-10-27,89.620003
1976-10-28,89.849998
1976-10-29,90.349998
1976-11-01,90.389999
1976-11-03,89.379997
1976-11-04,90.059998
1976-11-05,89.470001
1976-11-08,88.739998
1976-11-09,88.080002
1976-11-10,87.82
1976-11-11,88.150002
1976-11-12,88.099998
1976-11-15,88.129997
1976-11-16,88.519997
1976-11-17,89.010002
1976-11-18,89.809998
1976-11-19,89.970001
1976-11-22,90.470001
1976-11-23,90.220001
1976-11-24,90.690002
1976-11-26,91.419998
1976-11-29,91.080002
1976-11-30,91.120003
1976-12-01,91.830002
1976-12-02,91.839996
1976-12-03,92.309998
1976-12-06,92.629997
1976-12-07,93.010002
1976-12-08,93.370003
1976-12-09,94.099998
1976-12-10,94.620003
1976-12-13,94.620003
1976-12-14,94.650002
1976-12-15,94.919998
1976-12-16,94.93
1976-12-17,94.639999
1976-12-20,94.470001
1976-12-21,94.68
1976-12-22,95.18
1976-12-23,95.220001
1976-12-27,95.68
1976-12-28,96.220001
1976-12-29,96.290001
1976-12-30,97.050003
1976-12-31,97.879997
1977-01-03,97.690002
1977-01-04,97.220001
1977-01-05,96.889999
1977-01-06,97.290001
1977-01-07,97.529999
1977-01-10,97.309998
1977-01-11,96.410004
1977-01-12,96.019997
1977-01-13,96.839996
1977-01-14,97.199997
1977-01-17,97.139999
1977-01-18,97.129997
1977-01-19,97.550003
1977-01-20,97.080002
1977-01-21,97.32
1977-01-24,97.370003
1977-01-25,97.059998
1977-01-26,96.510002
1977-01-27,96.040001
1977-01-28,95.720001
1977-01-31,95.540001
1977-02-01,96.300003
1977-02-02,96.459999
1977-02-03,96.330002
1977-02-04,96.739998
1977-02-07,96.610001
1977-02-08,96.589996
1977-02-09,95.989998
1977-02-10,96.290001
1977-02-11,96.089996
1977-02-14,96.129997
1977-02-15,96.410004
1977-02-16,96.620003
1977-02-17,96.559998
1977-02-18,96.379997
1977-02-22,96.139999
1977-02-23,95.760002
1977-02-24,94.839996
1977-02-25,94.900002
1977-02-28,94.57
1977-03-01,95.139999
1977-03-02,95.190002
1977-03-03,95.529999
1977-03-04,96.07
1977-03-07,96.169998
1977-03-08,96.230003
1977-03-09,95.75
1977-03-10,95.940002
1977-03-11,96.07
1977-03-14,96.190002
1977-03-15,96.389999
1977-03-16,96.580002
1977-03-17,96.419998
1977-03-18,96.440002
1977-03-21,96.260002
1977-03-22,96.050003
1977-03-23,95.760002
1977-03-24,95.540001
1977-03-25,95.279999
1977-03-28,94.849998
1977-03-29,94.919998
1977-03-30,94.230003
1977-03-31,94.129997
1977-04-01,94.540001
1977-04-04,93.900002
1977-04-05,93.660004
1977-04-06,93.889999
1977-04-07,94.029999
1977-04-11,94.370003
1977-04-12,95.059998
1977-04-13,95.099998
1977-04-14,96.0
1977-04-15,96.260002
1977-04-18,96.169998
1977-04-19,96.099998
1977-04-20,96.360001
1977-04-21,95.82
1977-04-22,95.120003
1977-04-25,94.260002
1977-04-26,94.120003
1977-04-27,94.790001
1977-04-28,95.059998
1977-04-29,95.480003
1977-05-02,95.830002
1977-05-03,96.209999
1977-05-04,96.629997
1977-05-05,96.889999
1977-05-06,96.900002
1977-05-09,96.760002
1977-05-10,97.160004
1977-05-11,96.919998
1977-05-12,96.959999
1977-05-13,97.410004
1977-05-16,97.790001
1977-05-17,97.900002
1977-05-18,98.470001
1977-05-19,98.360001
1977-05-20,98.0
1977-05-23,97.150002
1977-05-24,96.660004
1977-05-25,96.18
1977-05-26,96.169998
1977-05-27,95.900002
1977-05-31,95.589996
1977-06-01,95.860001
1977-06-02,95.800003
1977-06-03,96.190002
1977-06-06,96.110001
1977-06-07,96.169998
1977-06-08,96.589996
1977-06-09,96.629997
1977-06-10,97.07
1977-06-13,97.279999
1977-06-14,97.699997
1977-06-15,97.669998
1977-06-16,98.220001
1977-06-17,98.610001
1977-06-20,98.720001
1977-06-21,98.830002
1977-06-22,98.779999
1977-06-23,99.169998
1977-06-24,99.660004
1977-06-27,99.629997
1977-06-28,99.279999
1977-06-29,99.339996
1977-06-30,99.730003
1977-07-01,99.900002
1977-07-05,100.120003
1977-07-06,99.959999
1977-07-07,100.279999
1977-07-08,100.809998
1977-07-11,100.849998
1977-07-12,100.75
1977-07-13,100.93
1977-07-15,101.410004
1977-07-18,102.010002
1977-07-19,102.379997
1977-07-20,102.43
1977-07-21,102.699997
1977-07-22,103.110001
1977-07-25,103.010002
1977-07-26,102.400002
1977-07-27,101.25
1977-07-28,100.68
1977-07-29,100.650002
1977-08-01,100.760002
1977-08-02,100.400002
1977-08-03,100.019997
1977-08-04,100.389999
1977-08-05,100.860001
1977-08-08,100.550003
1977-08-09,100.519997
1977-08-10,100.809998
1977-08-11,100.940002
1977-08-12,100.760002
1977-08-15,100.889999
1977-08-16,100.650002
1977-08-17,100.720001
1977-08-18,100.860001
1977-08-19,100.849998
1977-08-22,101.050003
1977-08-23,100.940002
1977-08-24,100.75
1977-08-25,100.139999
1977-08-26,99.889999
1977-08-29,100.370003
1977-08-30,100.110001
1977-08-31,100.099998
1977-09-01,100.400002
1977-09-02,100.830002
1977-09-06,100.779999
1977-09-07,101.160004
1977-09-08,101.279999
1977-09-09,100.910004
1977-09-12,100.599998
1977-09-13,100.459999
1977-09-14,100.610001
1977-09-15,100.970001
1977-09-16,100.739998
1977-09-19,100.349998
1977-09-20,100.230003
1977-09-21,99.760002
1977-09-22,99.470001
1977-09-23,99.57
1977-09-26,99.739998
1977-09-27,99.739998
1977-09-28,99.959999
1977-09-29,100.269997
1977-09-30,100.849998
1977-10-03,101.160004
1977-10-04,100.809998
1977-10-05,100.82
1977-10-06,101.309998
1977-10-07,101.620003
1977-10-10,101.690002
1977-10-11,101.230003
1977-10-12,99.830002
1977-10-13,99.029999
1977-10-14,99.050003
1977-10-17,99.139999
1977-10-18,99.25
1977-10-19,98.449997
1977-10-20,98.599998
1977-10-21,98.540001
1977-10-24,97.889999
1977-10-25,96.830002
1977-10-26,96.860001
1977-10-27,97.07
1977-10-28,97.489998
1977-10-31,97.519997
1977-11-01,96.739998
1977-11-02,96.510002
1977-11-03,96.489998
1977-11-04,97.209999
1977-11-07,97.849998
1977-11-08,98.209999
1977-11-09,98.699997
1977-11-10,99.980003
1977-11-11,100.940002
1977-11-14,100.980003
1977-11-15,101.519997
1977-11-16,101.559998
1977-11-17,101.860001
1977-11-18,102.220001
1977-11-21,102.349998
1977-11-22,102.93
1977-11-23,103.739998
1977-11-25,104.330002
1977-11-28,104.059998
1977-11-29,103.199997
1977-11-30,103.150002
1977-12-01,103.68
1977-12-02,104.099998
1977-12-05,104.150002
1977-12-06,102.970001
1977-12-07,102.849998
1977-12-08,103.059998
1977-12-09,103.57
1977-12-12,103.889999
1977-12-13,104.099998
1977-12-14,103.959999
1977-12-15,103.889999
1977-12-16,104.050003
1977-12-19,103.300003
1977-12-20,102.5
1977-12-21,103.029999
1977-12-22,103.410004
1977-12-23,103.940002
1977-12-27,103.959999
1977-12-28,104.040001
1977-12-29,104.419998
1977-12-30,105.050003
1978-01-03,104.0
1978-01-04,103.660004
1978-01-05,103.209999
1978-01-06,101.660004
1978-01-09,100.199997
1978-01-10,99.580002
1978-01-11,99.089996
1978-01-12,99.540001
1978-01-13,99.769997
1978-01-16,99.360001
1978-01-17,99.980003
1978-01-18,100.419998
1978-01-19,100.580002
1978-01-20,100.629997
1978-01-23,100.339996
1978-01-24,100.540001
1978-01-25,100.870003
1978-01-26,100.529999
1978-01-27,100.620003
1978-01-30,100.970001
1978-01-31,100.839996
1978-02-01,101.540001
1978-02-02,101.940002
1978-02-03,102.220001
1978-02-06,102.269997
1978-02-07,102.75
1978-02-08,103.18
1978-02-09,103.199997
1978-02-10,103.580002
1978-02-13,103.339996
1978-02-14,102.779999
1978-02-15,102.559998
1978-02-16,102.169998
1978-02-17,102.25
1978-02-21,101.989998
1978-02-22,102.129997
1978-02-23,102.160004
1978-02-24,102.699997
1978-02-27,102.220001
1978-02-28,101.470001
1978-03-01,101.470001
1978-03-02,101.709999
1978-03-03,101.949997
1978-03-06,101.739998
1978-03-07,102.019997
1978-03-08,102.410004
1978-03-09,102.82
1978-03-10,103.419998
1978-03-13,103.529999
1978-03-14,103.660004
1978-03-15,103.800003
1978-03-16,104.379997
1978-03-17,104.940002
1978-03-20,105.360001
1978-03-21,105.019997
1978-03-22,105.160004
1978-03-23,105.389999
1978-03-27,105.300003
1978-03-28,105.68
1978-03-29,106.080002
1978-03-30,106.18
1978-03-31,106.199997
1978-04-03,105.889999
1978-04-04,106.199997
1978-04-05,106.949997
1978-04-06,107.470001
1978-04-07,108.230003
1978-04-10,108.529999
1978-04-11,108.440002
1978-04-12,108.870003
1978-04-13,109.989998
1978-04-14,111.290001
1978-04-17,111.910004
1978-04-18,111.43
1978-04-19,111.639999
1978-04-20,112.860001
1978-04-21,113.32
1978-04-24,113.599998
1978-04-25,114.279999
1978-04-26,114.699997
1978-04-27,114.589996
1978-04-28,115.18
1978-05-01,115.959999
1978-05-02,116.120003
1978-05-03,116.209999
1978-05-04,116.480003
1978-05-05,117.269997
1978-05-08,117.139999
1978-05-09,117.050003
1978-05-10,117.550003
1978-05-11,118.25
1978-05-12,119.400002
1978-05-15,119.800003
1978-05-16,120.779999
1978-05-17,121.839996
1978-05-18,121.660004
1978-05-19,121.57
1978-05-22,121.93
1978-05-23,120.970001
1978-05-24,119.800003
1978-05-25,119.82
1978-05-26,119.860001
1978-05-30,120.0
1978-05-31,120.239998
1978-06-01,120.339996
1978-06-02,121.029999
1978-06-05,122.099998
1978-06-06,122.849998
1978-06-07,123.099998
1978-06-08,123.989998
1978-06-09,124.410004
1978-06-12,124.290001
1978-06-13,124.239998
1978-06-14,124.510002
1978-06-15,124.190002
1978-06-16,123.690002
1978-06-19,122.919998
1978-06-20,122.029999
1978-06-21,120.629997
1978-06-22,120.68
1978-06-23,120.739998
1978-06-26,119.540001
1978-06-27,119.18
1978-06-28,119.519997
1978-06-29,119.980003
1978-06-30,120.300003
1978-07-03,120.150002
1978-07-05,119.220001
1978-07-06,118.82
1978-07-07,119.160004
1978-07-10,119.379997
1978-07-11,119.830002
1978-07-12,120.279999
1978-07-13,120.43
1978-07-14,121.580002
1978-07-17,122.360001
1978-07-18,122.089996
1978-07-19,122.800003
1978-07-20,123.75
1978-07-21,123.599998
1978-07-24,123.589996
1978-07-25,123.790001
1978-07-26,124.480003
1978-07-27,125.129997
1978-07-28,125.620003
1978-07-31,126.32
1978-08-01,126.809998
1978-08-02,128.160004
1978-08-03,129.020004
1978-08-04,129.710007
1978-08-07,130.210007
1978-08-08,130.490005
1978-08-09,131.639999
1978-08-10,131.580002
1978-08-11,132.0
1978-08-14,132.110001
1978-08-15,131.949997
1978-08-16,132.770004
1978-08-17,134.139999
1978-08-18,134.710007
1978-08-21,133.770004
1978-08-22,133.869995
1978-08-23,134.729996
1978-08-24,135.279999
1978-08-25,135.839996
1978-08-28,135.240005
1978-08-29,134.630005
1978-08-30,134.75
1978-08-31,135.009995
1978-09-01,135.350006
1978-09-05,135.460007
1978-09-06,136.479996
1978-09-07,137.089996
1978-09-08,138.360001
1978-09-11,138.949997
1978-09-12,139.240005
1978-09-13,139.25
1978-09-14,138.339996
1978-09-15,137.360001
1978-09-18,135.649994
1978-09-19,134.059998
1978-09-20,132.660004
1978-09-21,132.100006
1978-09-22,132.300003
1978-09-25,132.110001
1978-09-26,132.919998
1978-09-27,132.009995
1978-09-28,132.110001
1978-09-29,132.889999
1978-10-02,133.300003
1978-10-03,133.110001
1978-10-04,133.100006
1978-10-05,133.539993
1978-10-06,134.0
1978-10-09,134.639999
1978-10-10,134.929993
1978-10-11,135.270004
1978-10-12,135.570007
1978-10-13,135.580002
1978-10-16,133.940002
1978-10-17,130.960007
1978-10-18,128.919998
1978-10-19,127.220001
1978-10-20,123.82
1978-10-23,121.940002
1978-10-24,121.139999
1978-10-25,121.160004
1978-10-26,118.0
1978-10-27,115.25
1978-10-30,112.400002
1978-10-31,111.120003
1978-11-01,114.650002
1978-11-02,114.629997
1978-11-03,115.489998
1978-11-06,115.080002
1978-11-07,112.830002
1978-11-08,112.989998
1978-11-09,113.879997
1978-11-10,114.839996
1978-11-13,113.0
1978-11-14,110.879997
1978-11-15,111.440002
1978-11-16,112.209999
1978-11-17,113.690002
1978-11-20,114.510002
1978-11-21,114.559998
1978-11-22,115.370003
1978-11-24,116.169998
1978-11-27,115.970001
1978-11-28,115.599998
1978-11-29,114.089996
1978-11-30,114.690002
1978-12-01,116.190002
1978-12-04,116.57
1978-12-05,117.669998
1978-12-06,118.449997
1978-12-07,118.550003
1978-12-08,118.769997
1978-12-11,119.150002
1978-12-12,118.5
1978-12-13,118.129997
1978-12-14,118.150002
1978-12-15,117.410004
1978-12-18,114.330002
1978-12-19,114.730003
1978-12-20,115.300003
1978-12-21,115.849998
1978-12-22,116.93
1978-12-26,117.68
1978-12-27,117.330002
1978-12-28,117.300003
1978-12-29,117.980003
1979-01-02,117.839996
1979-01-03,119.110001
1979-01-04,120.660004
1979-01-05,122.050003
1979-01-08,121.919998
1979-01-09,122.660004
1979-01-10,122.279999
1979-01-11,122.760002
1979-01-12,123.739998
1979-01-15,124.470001
1979-01-16,123.739998
1979-01-17,123.589996
1979-01-18,124.309998
1979-01-19,124.650002
1979-01-22,124.660004
1979-01-23,125.459999
1979-01-24,125.339996
1979-01-25,126.419998
1979-01-26,127.040001
1979-01-29,126.769997
1979-01-30,126.510002
1979-01-31,125.82
1979-02-01,125.760002
1979-02-02,125.82
1979-02-05,124.339996
1979-02-06,124.309998
1979-02-07,122.800003
1979-02-08,123.410004
1979-02-09,123.760002
1979-02-12,124.050003
1979-02-13,124.889999
1979-02-14,124.610001
1979-02-15,124.93
1979-02-16,125.57
1979-02-20,125.830002
1979-02-21,125.760002
1979-02-22,125.449997
1979-02-23,125.040001
1979-02-26,124.900002
1979-02-27,122.639999
1979-02-28,122.559998
1979-03-01,123.330002
1979-03-02,123.669998
1979-03-05,124.720001
1979-03-06,124.43
1979-03-07,125.610001
1979-03-08,127.050003
1979-03-09,127.25
1979-03-12,127.190002
1979-03-13,127.690002
1979-03-14,127.589996
1979-03-15,127.849998
1979-03-16,128.550003
1979-03-19,129.139999
1979-03-20,128.789993
1979-03-21,129.440002
1979-03-22,130.080002
1979-03-23,130.580002
1979-03-26,130.110001
1979-03-27,130.779999
1979-03-28,130.869995
1979-03-29,131.289993
1979-03-30,131.759995
1979-04-02,131.360001
1979-04-03,132.330002
1979-04-04,132.75
1979-04-05,133.369995
1979-04-06,133.75
1979-04-09,133.740005
1979-04-10,134.220001
1979-04-11,133.570007
1979-04-12,133.539993
1979-04-16,132.479996
1979-04-17,132.259995
1979-04-18,132.910004
1979-04-19,133.179993
1979-04-20,133.669998
1979-04-23,133.869995
1979-04-24,134.289993
1979-04-25,134.779999
1979-04-26,134.649994
1979-04-27,134.369995
1979-04-30,133.820007
1979-05-01,133.789993
1979-05-02,133.990005
1979-05-03,134.199997
1979-05-04,133.720001
1979-05-07,130.600006
1979-05-08,129.600006
1979-05-09,130.339996
1979-05-10,129.710007
1979-05-11,129.690002
1979-05-14,128.990005
1979-05-15,129.009995
1979-05-16,129.350006
1979-05-17,130.440002
1979-05-18,131.009995
1979-05-21,131.160004
1979-05-22,131.899994
1979-05-23,132.119995
1979-05-24,132.100006
1979-05-25,132.679993
1979-05-29,132.460007
1979-05-30,131.389999
1979-05-31,131.419998
1979-06-01,131.759995
1979-06-04,131.949997
1979-06-05,133.020004
1979-06-06,133.619995
1979-06-07,134.550003
1979-06-08,134.960007
1979-06-11,135.039993
1979-06-12,135.919998
1979-06-13,136.009995
1979-06-14,136.020004
1979-06-15,136.25
1979-06-18,135.850006
1979-06-19,136.050003
1979-06-20,136.449997
1979-06-21,136.710007
1979-06-22,137.240005
1979-06-25,136.889999
1979-06-26,136.529999
1979-06-27,137.399994
1979-06-28,138.080002
1979-06-29,138.130005
1979-07-02,137.029999
1979-07-03,137.029999
1979-07-05,137.789993
1979-07-06,138.639999
1979-07-09,139.149994
1979-07-10,138.970001
1979-07-11,138.850006
1979-07-12,138.679993
1979-07-13,138.520004
1979-07-16,138.889999
1979-07-17,137.860001
1979-07-18,137.259995
1979-07-19,137.570007
1979-07-20,137.979996
1979-07-23,137.570007
1979-07-24,138.020004
1979-07-25,138.970001
1979-07-26,139.520004
1979-07-27,140.020004
1979-07-30,140.539993
1979-07-31,141.330002
1979-08-01,141.899994
1979-08-02,142.539993
1979-08-03,142.630005
1979-08-06,142.410004
1979-08-07,143.300003
1979-08-08,144.059998
1979-08-09,144.270004
1979-08-10,145.070007
1979-08-13,146.070007
1979-08-14,146.300003
1979-08-15,147.139999
1979-08-16,147.440002
1979-08-17,147.839996
1979-08-20,147.949997
1979-08-21,147.990005
1979-08-22,148.740005
1979-08-23,149.130005
1979-08-24,149.399994
1979-08-27,149.509995
1979-08-28,149.539993
1979-08-29,150.039993
1979-08-30,150.059998
1979-08-31,150.440002
1979-09-04,148.490005
1979-09-05,146.029999
1979-09-06,146.869995
1979-09-07,148.070007
1979-09-10,148.910004
1979-09-11,148.389999
1979-09-12,148.660004
1979-09-13,149.330002
1979-09-14,150.559998
1979-09-17,150.460007
1979-09-18,149.190002
1979-09-19,149.440002
1979-09-20,150.199997
1979-09-21,150.649994
1979-09-24,150.119995
1979-09-25,149.270004
1979-09-26,149.880005
1979-09-27,150.369995
1979-09-28,149.979996
1979-10-01,149.589996
1979-10-02,150.009995
1979-10-03,150.509995
1979-10-04,151.419998
1979-10-05,152.289993
1979-10-08,150.979996
1979-10-09,145.199997
1979-10-10,139.309998
1979-10-11,140.089996
1979-10-12,140.710007
1979-10-15,138.389999
1979-10-16,138.339996
1979-10-17,139.039993
1979-10-18,139.460007
1979-10-19,136.589996
1979-10-22,133.160004
1979-10-23,132.610001
1979-10-24,133.020004
1979-10-25,132.720001
1979-10-26,133.75
1979-10-29,133.910004
1979-10-30,135.479996
1979-10-31,135.529999
1979-11-01,136.419998
1979-11-02,136.880005
1979-11-05,136.110001
1979-11-06,135.660004
1979-11-07,134.139999
1979-11-08,134.770004
1979-11-09,135.860001
1979-11-12,137.050003
1979-11-13,137.139999
1979-11-14,137.759995
1979-11-15,138.919998
1979-11-16,139.070007
1979-11-19,139.979996
1979-11-20,139.5
1979-11-21,138.880005
1979-11-23,139.850006
1979-11-26,141.949997
1979-11-27,142.550003
1979-11-28,143.529999
1979-11-29,144.160004
1979-11-30,144.259995
1979-12-03,143.860001
1979-12-04,144.800003
1979-12-05,145.919998
1979-12-06,147.039993
1979-12-07,147.490005
1979-12-10,147.970001
1979-12-11,147.830002
1979-12-12,148.509995
1979-12-13,148.970001
1979-12-14,150.029999
1979-12-17,150.559998
1979-12-18,149.720001
1979-12-19,149.649994
1979-12-20,150.270004
1979-12-21,150.169998
1979-12-24,149.970001
1979-12-26,150.009995
1979-12-27,150.229996
1979-12-28,150.830002
1979-12-31,151.139999
1980-01-02,148.169998
1980-01-03,145.970001
1980-01-04,148.020004
1980-01-07,148.619995
1980-01-08,150.679993
1980-01-09,151.600006
1980-01-10,153.119995
1980-01-11,153.869995
1980-01-14,154.399994
1980-01-15,154.960007
1980-01-16,155.990005
1980-01-17,155.809998
1980-01-18,156.139999
1980-01-21,157.350006
1980-01-22,156.919998
1980-01-23,158.5
1980-01-24,159.240005
1980-01-25,159.699997
1980-01-28,160.699997
1980-01-29,160.289993
1980-01-30,161.300003
1980-01-31,161.75
1980-02-01,162.300003
1980-02-04,162.020004
1980-02-05,162.199997
1980-02-06,162.990005
1980-02-07,163.770004
1980-02-08,165.25
1980-02-11,164.460007
1980-02-12,164.570007
1980-02-13,164.979996
1980-02-14,163.539993
1980-02-15,162.559998
1980-02-19,161.059998
1980-02-20,162.100006
1980-02-21,161.309998
1980-02-22,160.080002
1980-02-25,157.970001
1980-02-26,158.5
1980-02-27,157.729996
1980-02-28,157.460007
1980-02-29,158.029999
1980-03-03,156.869995
1980-03-04,155.389999
1980-03-05,152.940002
1980-03-06,148.639999
1980-03-07,146.190002
1980-03-10,143.75
1980-03-11,144.559998
1980-03-12,144.630005
1980-03-13,144.979996
1980-03-14,144.440002
1980-03-17,139.699997
1980-03-18,138.919998
1980-03-19,139.970001
1980-03-20,139.639999
1980-03-21,138.800003
1980-03-24,134.610001
1980-03-25,132.520004
1980-03-26,132.220001
1980-03-27,124.089996
1980-03-28,129.25
1980-03-31,131.0
1980-04-01,133.139999
1980-04-02,135.800003
1980-04-03,136.009995
1980-04-07,133.399994
1980-04-08,134.369995
1980-04-09,136.039993
1980-04-10,137.279999
1980-04-11,137.75
1980-04-14,136.669998
1980-04-15,136.389999
1980-04-16,135.759995
1980-04-17,134.550003
1980-04-18,134.660004
1980-04-21,133.080002
1980-04-22,135.710007
1980-04-23,136.919998
1980-04-24,138.690002
1980-04-25,137.919998
1980-04-28,138.539993
1980-04-29,139.350006
1980-04-30,139.990005
1980-05-01,139.679993
1980-05-02,140.25
1980-05-05,141.039993
1980-05-06,142.229996
1980-05-07,143.580002
1980-05-08,143.259995
1980-05-09,143.059998
1980-05-12,142.960007
1980-05-13,144.100006
1980-05-14,145.660004
1980-05-15,146.619995
1980-05-16,147.240005
1980-05-19,147.240005
1980-05-20,146.929993
1980-05-21,146.75
1980-05-22,147.960007
1980-05-23,149.479996
1980-05-27,150.100006
1980-05-28,150.699997
1980-05-29,150.089996
1980-05-30,150.449997
1980-06-02,150.169998
1980-06-03,149.919998
1980-06-04,151.210007
1980-06-05,152.210007
1980-06-06,152.679993
1980-06-09,153.0
1980-06-10,154.149994
1980-06-11,155.220001
1980-06-12,155.309998
1980-06-13,156.589996
1980-06-16,156.789993
1980-06-17,156.979996
1980-06-18,157.190002
1980-06-19,156.729996
1980-06-20,156.509995
1980-06-23,156.990005
1980-06-24,157.660004
1980-06-25,158.740005
1980-06-26,159.0
1980-06-27,159.179993
1980-06-30,157.779999
1980-07-01,158.169998
1980-07-02,159.179993
1980-07-03,160.869995
1980-07-07,163.630005
1980-07-08,163.580002
1980-07-09,164.089996
1980-07-10,163.839996
1980-07-11,164.820007
1980-07-14,166.520004
1980-07-15,167.050003
1980-07-16,167.100006
1980-07-17,168.669998
1980-07-18,169.990005
1980-07-21,170.479996
1980-07-22,169.789993
1980-07-23,169.820007
1980-07-24,169.919998
1980-07-25,169.630005
1980-07-28,170.020004
1980-07-29,171.059998
1980-07-30,172.330002
1980-07-31,171.809998
1980-08-01,172.490005
1980-08-04,171.889999
1980-08-05,172.520004
1980-08-06,173.449997
1980-08-07,175.240005
1980-08-08,175.880005
1980-08-11,177.110001
1980-08-12,176.619995
1980-08-13,177.020004
1980-08-14,178.759995
1980-08-15,179.889999
1980-08-18,177.240005
1980-08-19,176.279999
1980-08-20,177.679993
1980-08-21,179.910004
1980-08-22,181.699997
1980-08-25,181.580002
1980-08-26,182.389999
1980-08-27,182.149994
1980-08-28,180.990005
1980-08-29,181.520004
1980-09-02,182.339996
1980-09-03,184.529999
1980-09-04,185.050003
1980-09-05,185.610001
1980-09-08,184.449997
1980-09-09,184.839996
1980-09-10,186.309998
1980-09-11,188.160004
1980-09-12,189.580002
1980-09-15,189.589996
1980-09-16,191.309998
1980-09-17,193.949997
1980-09-18,193.610001
1980-09-19,195.330002
1980-09-22,195.940002
1980-09-23,195.050003
1980-09-24,195.179993
1980-09-25,194.050003
1980-09-26,190.770004
1980-09-29,185.789993
1980-09-30,187.759995
1980-10-01,189.619995
1980-10-02,190.809998
1980-10-03,193.429993
1980-10-06,196.009995
1980-10-07,196.169998
1980-10-08,197.179993
1980-10-09,197.529999
1980-10-10,197.789993
1980-10-13,198.869995
1980-10-14,199.020004
1980-10-15,199.429993
1980-10-16,197.949997
1980-10-17,197.240005
1980-10-20,197.149994
1980-10-21,196.460007
1980-10-22,197.899994
1980-10-23,195.809998
1980-10-24,196.169998
1980-10-27,194.350006
1980-10-28,193.759995
1980-10-29,194.490005
1980-10-30,192.509995
1980-10-31,192.779999
1980-11-03,193.149994
1980-11-05,196.029999
1980-11-06,193.960007
1980-11-07,193.509995
1980-11-10,193.100006
1980-11-11,195.020004
1980-11-12,197.779999
1980-11-13,200.25
1980-11-14,201.759995
1980-11-17,201.589996
1980-11-18,203.759995
1980-11-19,205.020004
1980-11-20,206.5
1980-11-21,206.070007
1980-11-24,204.220001
1980-11-25,205.410004
1980-11-26,207.059998
1980-11-28,208.149994
1980-12-01,204.910004
1980-12-02,203.710007
1980-12-03,204.899994
1980-12-04,206.190002
1980-12-05,203.020004
1980-12-08,195.869995
1980-12-09,195.070007
1980-12-10,193.580002
1980-12-11,188.75
1980-12-12,191.220001
1980-12-15,194.020004
1980-12-16,191.880005
1980-12-17,194.020004
1980-12-18,196.009995
1980-12-19,197.910004
1980-12-22,199.789993
1980-12-23,199.860001
1980-12-24,200.139999
1980-12-26,201.279999
1980-12-29,199.839996
1980-12-30,200.460007
1980-12-31,202.339996
1981-01-02,203.550003
1981-01-05,204.169998
1981-01-06,204.070007
1981-01-07,197.350006
1981-01-08,195.889999
1981-01-09,197.660004
1981-01-12,198.440002
1981-01-13,198.050003
1981-01-14,199.080002
1981-01-15,199.850006
1981-01-16,201.130005
1981-01-19,201.580002
1981-01-20,198.720001
1981-01-21,198.089996
1981-01-22,197.119995
1981-01-23,197.520004
1981-01-26,196.130005
1981-01-27,197.179993
1981-01-28,197.369995
1981-01-29,197.880005
1981-01-30,197.809998
1981-02-02,193.089996
1981-02-03,193.559998
1981-02-04,194.570007
1981-02-05,196.289993
1981-02-06,197.869995
1981-02-09,196.929993
1981-02-10,196.699997
1981-02-11,195.809998
1981-02-12,194.610001
1981-02-13,193.889999
1981-02-17,193.979996
1981-02-18,194.729996
1981-02-19,192.740005
1981-02-20,192.289993
1981-02-23,193.059998
1981-02-24,193.940002
1981-02-25,193.990005
1981-02-26,196.130005
1981-02-27,198.009995
1981-03-02,199.059998
1981-03-03,198.350006
1981-03-04,198.75
1981-03-05,199.050003
1981-03-06,199.889999
1981-03-09,200.139999
1981-03-10,199.029999
1981-03-11,198.160004
1981-03-12,200.669998
1981-03-13,202.169998
1981-03-16,203.440002
1981-03-17,203.190002
1981-03-18,204.0
1981-03-19,204.449997
1981-03-20,206.289993
1981-03-23,207.619995
1981-03-24,207.699997
1981-03-25,209.309998
1981-03-26,209.529999
1981-03-27,208.820007
1981-03-30,208.960007
1981-03-31,210.179993
1981-04-01,211.339996
1981-04-02,211.960007
1981-04-03,212.649994
1981-04-06,211.270004
1981-04-07,211.759995
1981-04-08,212.800003
1981-04-09,213.910004
1981-04-10,215.149994
1981-04-13,214.330002
1981-04-14,213.389999
1981-04-15,214.979996
1981-04-16,216.639999
1981-04-20,217.550003
1981-04-21,216.729996
1981-04-22,217.190002
1981-04-23,218.020004
1981-04-24,219.559998
1981-04-27,219.880005
1981-04-28,217.630005
1981-04-29,216.220001
1981-04-30,216.740005
1981-05-01,216.679993
1981-05-04,213.320007
1981-05-05,211.550003
1981-05-06,211.979996
1981-05-07,213.660004
1981-05-08,214.839996
1981-05-11,212.789993
1981-05-12,213.119995
1981-05-13,213.779999
1981-05-14,215.179993
1981-05-15,216.509995
1981-05-18,216.940002
1981-05-19,216.119995
1981-05-20,217.630005
1981-05-21,218.350006
1981-05-22,219.229996
1981-05-26,220.240005
1981-05-27,222.169998
1981-05-28,223.309998
1981-05-29,223.470001
1981-06-01,223.020004
1981-06-02,219.589996
1981-06-03,218.889999
1981-06-04,219.679993
1981-06-05,221.300003
1981-06-08,220.839996
1981-06-09,220.009995
1981-06-10,220.399994
1981-06-11,222.339996
1981-06-12,222.759995
1981-06-15,222.960007
1981-06-16,220.580002
1981-06-17,220.610001
1981-06-18,218.710007
1981-06-19,219.559998
1981-06-22,218.600006
1981-06-23,219.229996
1981-06-24,218.770004
1981-06-25,219.309998
1981-06-26,219.759995
1981-06-29,218.220001
1981-06-30,215.75
1981-07-01,214.630005
1981-07-02,212.800003
1981-07-06,209.100006
1981-07-07,208.009995
1981-07-08,208.440002
1981-07-09,210.029999
1981-07-10,210.539993
1981-07-13,210.860001
1981-07-14,209.880005
1981-07-15,210.839996
1981-07-16,212.020004
1981-07-17,212.759995
1981-07-20,209.270004
1981-07-21,207.710007
1981-07-22,206.160004
1981-07-23,206.410004
1981-07-24,208.0
1981-07-27,209.419998
1981-07-28,208.910004
1981-07-29,208.949997
1981-07-30,210.029999
1981-07-31,211.630005
1981-08-03,210.399994
1981-08-04,210.089996
1981-08-05,211.029999
1981-08-06,211.669998
1981-08-07,211.360001
1981-08-10,210.839996
1981-08-11,211.669998
1981-08-12,211.949997
1981-08-13,212.360001
1981-08-14,212.119995
1981-08-17,209.649994
1981-08-18,207.009995
1981-08-19,207.220001
1981-08-20,207.970001
1981-08-21,206.759995
1981-08-24,200.759995
1981-08-25,197.779999
1981-08-26,197.809998
1981-08-27,196.820007
1981-08-28,197.550003
1981-08-31,195.75
1981-09-01,195.169998
1981-09-02,195.389999
1981-09-03,191.990005
1981-09-04,189.630005
1981-09-08,184.789993
1981-09-09,184.770004
1981-09-10,187.550003
1981-09-11,189.809998
1981-09-14,189.619995
1981-09-15,189.559998
1981-09-16,187.820007
1981-09-17,185.710007
1981-09-18,184.270004
1981-09-21,184.410004
1981-09-22,183.259995
1981-09-23,179.990005
1981-09-24,180.389999
1981-09-25,175.119995
1981-09-28,175.029999
1981-09-29,178.509995
1981-09-30,180.029999
1981-10-01,181.089996
1981-10-02,184.369995
1981-10-05,185.910004
1981-10-06,185.869995
1981-10-07,188.779999
1981-10-08,191.009995
1981-10-09,191.270004
1981-10-12,191.279999
1981-10-13,191.919998
1981-10-14,189.429993
1981-10-15,189.850006
1981-10-16,190.240005
1981-10-19,189.770004
1981-10-20,191.229996
1981-10-21,192.380005
1981-10-22,192.429993
1981-10-23,191.910004
1981-10-26,191.009995
1981-10-27,192.610001
1981-10-28,193.75
1981-10-29,193.080002
1981-10-30,195.240005
1981-11-02,197.25
1981-11-03,198.779999
1981-11-04,199.729996
1981-11-05,200.020004
1981-11-06,199.970001
1981-11-09,199.919998
1981-11-10,199.899994
1981-11-11,200.050003
1981-11-12,200.990005
1981-11-13,200.160004
1981-11-16,197.160004
1981-11-17,197.679993
1981-11-18,197.600006
1981-11-19,197.320007
1981-11-20,198.600006
1981-11-23,198.009995
1981-11-24,199.039993
1981-11-25,200.009995
1981-11-27,201.020004
1981-11-30,201.369995
1981-12-01,201.130005
1981-12-02,200.350006
1981-12-03,199.899994
1981-12-04,200.880005
1981-12-07,199.710007
1981-12-08,198.130005
1981-12-09,198.289993
1981-12-10,198.919998
1981-12-11,198.639999
1981-12-14,195.669998
1981-12-15,195.160004
1981-12-16,195.089996
1981-12-17,195.699997
1981-12-18,197.009995
1981-12-21,196.369995
1981-12-22,195.639999
1981-12-23,195.449997
1981-12-24,195.699997
1981-12-28,195.139999
1981-12-29,193.910004
1981-12-30,194.660004
1981-12-31,195.839996
1982-01-04,195.529999
1982-01-05,192.330002
1982-01-06,191.149994
1982-01-07,191.020004
1982-01-08,192.050003
1982-01-11,188.800003
1982-01-12,187.320007
1982-01-13,185.729996
1982-01-14,185.889999
1982-01-15,187.320007
1982-01-18,187.210007
1982-01-19,186.160004
1982-01-20,185.720001
1982-01-21,186.399994
1982-01-22,185.830002
1982-01-25,183.520004
1982-01-26,183.410004
1982-01-27,183.570007
1982-01-28,186.220001
1982-01-29,188.389999
1982-02-01,186.820007
1982-02-02,187.460007
1982-02-03,187.429993
1982-02-04,187.139999
1982-02-05,188.210007
1982-02-08,184.630005
1982-02-09,182.509995
1982-02-10,182.970001
1982-02-11,182.25
1982-02-12,182.520004
1982-02-16,180.710007
1982-02-17,181.25
1982-02-18,181.380005
1982-02-19,180.649994
1982-02-22,179.070007
1982-02-23,177.490005
1982-02-24,178.580002
1982-02-25,179.440002
1982-02-26,179.429993
1982-03-01,180.130005
1982-03-02,180.139999
1982-03-03,178.009995
1982-03-04,176.289993
1982-03-05,173.970001
1982-03-08,171.029999
1982-03-09,169.710007
1982-03-10,170.419998
1982-03-11,170.089996
1982-03-12,168.229996
1982-03-15,167.919998
1982-03-16,168.279999
1982-03-17,168.199997
1982-03-18,170.130005
1982-03-19,171.759995
1982-03-22,173.830002
1982-03-23,174.949997
1982-03-24,174.839996
1982-03-25,175.830002
1982-03-26,175.199997
1982-03-29,175.5
1982-03-30,175.419998
1982-03-31,175.649994
1982-04-01,177.309998
1982-04-02,178.559998
1982-04-05,178.210007
1982-04-06,178.679993
1982-04-07,179.910004
1982-04-08,181.149994
1982-04-12,180.889999
1982-04-13,180.759995
1982-04-14,180.410004
1982-04-15,181.119995
1982-04-16,182.25
1982-04-19,182.369995
1982-04-20,181.940002
1982-04-21,182.320007
1982-04-22,183.660004
1982-04-23,184.929993
1982-04-26,185.800003
1982-04-27,184.720001
1982-04-28,184.889999
1982-04-29,184.149994
1982-04-30,184.699997
1982-05-03,184.970001
1982-05-04,185.949997
1982-05-05,185.880005
1982-05-06,187.270004
1982-05-07,188.130005
1982-05-10,187.570007
1982-05-11,188.190002
1982-05-12,188.059998
1982-05-13,187.660004
1982-05-14,188.220001
1982-05-17,186.899994
1982-05-18,185.809998
1982-05-19,183.910004
1982-05-20,182.720001
1982-05-21,182.399994
1982-05-24,181.710007
1982-05-25,181.119995
1982-05-26,178.759995
1982-05-27,178.369995
1982-05-28,178.539993
1982-06-01,177.360001
1982-06-02,177.820007
1982-06-03,177.100006
1982-06-04,174.820007
1982-06-07,173.839996
1982-06-08,173.279999
1982-06-09,170.940002
1982-06-10,171.369995
1982-06-11,173.550003
1982-06-14,172.149994
1982-06-15,171.190002
1982-06-16,171.440002
1982-06-17,169.850006
1982-06-18,168.5
1982-06-21,168.0
1982-06-22,169.050003
1982-06-23,170.860001
1982-06-24,171.119995
1982-06-25,170.479996
1982-06-28,171.070007
1982-06-29,170.529999
1982-06-30,171.300003
1982-07-01,170.600006
1982-07-02,170.050003
1982-07-06,169.220001
1982-07-07,168.080002
1982-07-08,166.800003
1982-07-09,168.070007
1982-07-12,168.850006
1982-07-13,169.350006
1982-07-14,169.210007
1982-07-15,169.610001
1982-07-16,170.179993
1982-07-19,170.089996
1982-07-20,170.830002
1982-07-21,171.539993
1982-07-22,172.059998
1982-07-23,172.110001
1982-07-26,171.449997
1982-07-27,170.710007
1982-07-28,168.369995
1982-07-29,167.600006
1982-07-30,167.350006
1982-08-02,168.369995
1982-08-03,167.970001
1982-08-04,166.559998
1982-08-05,165.149994
1982-08-06,163.589996
1982-08-09,161.380005
1982-08-10,161.320007
1982-08-11,160.770004
1982-08-12,159.839996
1982-08-13,159.139999
1982-08-16,159.679993
1982-08-17,162.279999
1982-08-18,164.990005
1982-08-19,164.919998
1982-08-20,166.960007
1982-08-23,169.880005
1982-08-24,172.229996
1982-08-25,174.929993
1982-08-26,178.169998
1982-08-27,177.600006
1982-08-30,176.360001
1982-08-31,177.710007
1982-09-01,177.300003
1982-09-02,179.5
1982-09-03,182.050003
1982-09-07,180.880005
1982-09-08,181.789993
1982-09-09,182.770004
1982-09-10,182.470001
1982-09-13,182.899994
1982-09-14,184.600006
1982-09-15,186.309998
1982-09-16,186.800003
1982-09-17,186.610001
1982-09-20,186.0
1982-09-21,187.910004
1982-09-22,188.619995
1982-09-23,188.149994
1982-09-24,188.610001
1982-09-27,188.639999
1982-09-28,189.039993
1982-09-29,188.259995
1982-09-30,187.649994
1982-10-01,188.699997
1982-10-04,188.020004
1982-10-05,188.770004
1982-10-06,191.979996
1982-10-07,195.589996
1982-10-08,198.889999
1982-10-11,202.309998
1982-10-12,202.160004
1982-10-13,205.169998
1982-10-14,204.850006
1982-10-15,204.460007
1982-10-18,206.610001
1982-10-19,207.479996
1982-10-20,210.699997
1982-10-21,214.279999
1982-10-22,215.289993
1982-10-25,210.889999
1982-10-26,209.919998
1982-10-27,212.199997
1982-10-28,211.869995
1982-10-29,212.630005
1982-11-01,214.520004
1982-11-02,217.649994
1982-11-03,222.770004
1982-11-04,225.009995
1982-11-05,227.029999
1982-11-08,226.740005
1982-11-09,230.190002
1982-11-10,230.410004
1982-11-11,231.520004
1982-11-12,232.610001
1982-11-15,229.339996
1982-11-16,224.970001
1982-11-17,227.75
1982-11-18,229.279999
1982-11-19,229.410004
1982-11-22,225.789993
1982-11-23,225.169998
1982-11-24,226.880005
1982-11-26,228.639999
1982-11-29,228.389999
1982-11-30,232.309998
1982-12-01,235.589996
1982-12-02,236.179993
1982-12-03,237.160004
1982-12-06,239.289993
1982-12-07,240.649994
1982-12-08,240.699997
1982-12-09,237.240005
1982-12-10,233.850006
1982-12-13,233.330002
1982-12-14,231.330002
1982-12-15,225.690002
1982-12-16,225.600006
1982-12-17,228.929993
1982-12-20,227.880005
1982-12-21,228.520004
1982-12-22,231.039993
1982-12-23,232.330002
1982-12-27,233.199997
1982-12-28,232.199997
1982-12-29,232.270004
1982-12-30,231.279999
1982-12-31,232.410004
1983-01-03,230.589996
1983-01-04,231.639999
1983-01-05,232.729996
1983-01-06,236.610001
1983-01-07,238.600006
1983-01-10,240.940002
1983-01-11,240.850006
1983-01-12,242.910004
1983-01-13,243.479996
1983-01-14,245.630005
1983-01-17,247.139999
1983-01-18,246.649994
1983-01-19,245.199997
1983-01-20,245.990005
1983-01-21,243.970001
1983-01-24,236.729996
1983-01-25,239.190002
1983-01-26,241.429993
1983-01-27,245.440002
1983-01-28,246.929993
1983-01-31,248.350006
1983-02-01,248.149994
1983-02-02,248.279999
1983-02-03,249.440002
1983-02-04,251.649994
1983-02-07,252.020004
1983-02-08,251.100006
1983-02-09,251.380005
1983-02-10,254.770004
1983-02-11,256.640015
1983-02-14,258.670013
1983-02-15,259.059998
1983-02-16,259.070007
1983-02-17,259.0
1983-02-18,261.290009
1983-02-22,259.179993
1983-02-23,259.98999
1983-02-24,262.309998
1983-02-25,262.440002
1983-02-28,260.670013
1983-03-01,261.820007
1983-03-02,263.399994
1983-03-03,265.209991
1983-03-04,265.940002
1983-03-07,265.390015
1983-03-08,263.160004
1983-03-09,265.059998
1983-03-10,266.079987
1983-03-11,266.179993
1983-03-14,264.339996
1983-03-15,264.25
1983-03-16,264.660004
1983-03-17,264.01001
1983-03-18,265.01001
1983-03-21,266.329987
1983-03-22,267.519989
1983-03-23,269.26001
1983-03-24,270.369995
1983-03-25,270.890015
1983-03-28,269.149994
1983-03-29,268.769989
1983-03-30,270.779999
1983-03-31,270.799988
1983-04-04,268.730011
1983-04-05,268.829987
1983-04-06,266.470001
1983-04-07,266.73999
1983-04-08,268.100006
1983-04-11,270.809998
1983-04-12,272.730011
1983-04-13,275.929993
1983-04-14,278.809998
1983-04-15,281.600006
1983-04-18,282.829987
1983-04-19,281.859985
1983-04-20,284.809998
1983-04-21,286.839996
1983-04-22,288.549988
1983-04-25,286.579987
1983-04-26,288.109985
1983-04-27,288.929993
1983-04-28,290.839996
1983-04-29,293.059998
1983-05-02,290.540009
1983-05-03,289.649994
1983-05-04,293.209991
1983-05-05,297.320007
1983-05-06,301.640015
1983-05-09,302.649994
1983-05-10,304.339996
1983-05-11,302.890015
1983-05-12,302.149994
1983-05-13,303.940002
1983-05-16,299.600006
1983-05-17,301.019989
1983-05-18,303.51001
1983-05-19,302.820007
1983-05-20,303.559998
1983-05-23,303.859985
1983-05-24,307.359985
1983-05-25,309.160004
1983-05-26,311.390015
1983-05-27,312.049988
1983-05-31,308.730011
1983-06-01,307.950012
1983-06-02,310.450012
1983-06-03,313.850006
1983-06-06,315.480011
1983-06-07,314.170013
1983-06-08,312.48999
1983-06-09,312.73999
1983-06-10,315.23999
1983-06-13,318.049988
1983-06-14,320.040009
1983-06-15,322.040009
1983-06-16,326.5
1983-06-17,326.109985
1983-06-20,324.630005
1983-06-21,325.959991
1983-06-22,328.190002
1983-06-23,327.329987
1983-06-24,328.910004
1983-06-27,324.339996
1983-06-28,315.869995
1983-06-29,316.23999
1983-06-30,318.700012
1983-07-01,321.579987
1983-07-05,317.149994
1983-07-06,319.140015
1983-07-07,320.029999
1983-07-08,319.570007
1983-07-11,320.380005
1983-07-12,316.929993
1983-07-13,314.589996
1983-07-14,315.48999
1983-07-15,312.869995
1983-07-18,310.290009
1983-07-19,311.170013
1983-07-20,316.76001
1983-07-21,319.290009
1983-07-22,320.709991
1983-07-25,320.839996
1983-07-26,320.380005
1983-07-27,315.040009
1983-07-28,308.470001
1983-07-29,303.959991
1983-08-01,302.079987
1983-08-02,303.179993
1983-08-03,303.859985
1983-08-04,299.700012
1983-08-05,300.200012
1983-08-08,294.929993
1983-08-09,294.26001
1983-08-10,296.649994
1983-08-11,297.559998
1983-08-12,299.579987
1983-08-15,301.779999
1983-08-16,299.850006
1983-08-17,300.839996
1983-08-18,299.779999
1983-08-19,299.100006
1983-08-22,298.76001
1983-08-23,293.660004
1983-08-24,290.859985
1983-08-25,289.529999
1983-08-26,290.309998
1983-08-29,289.359985
1983-08-30,289.859985
1983-08-31,292.420013
1983-09-01,294.549988
1983-09-02,297.850006
1983-09-06,301.230011
1983-09-07,300.76001
1983-09-08,301.790009
1983-09-09,302.230011
1983-09-12,300.76001
1983-09-13,297.929993
1983-09-14,298.339996
1983-09-15,297.190002
1983-09-16,298.269989
1983-09-19,301.829987
1983-09-20,303.359985
1983-09-21,303.26001
1983-09-22,304.559998
1983-09-23,303.609985
1983-09-26,303.769989
1983-09-27,300.779999
1983-09-28,299.76001
1983-09-29,299.290009
1983-09-30,296.649994
1983-10-03,294.640015
1983-10-04,294.809998
1983-10-05,294.570007
1983-10-06,295.779999
1983-10-07,297.359985
1983-10-10,297.420013
1983-10-11,295.410004
1983-10-12,291.589996
1983-10-13,290.440002
1983-10-14,289.649994
1983-10-17,289.690002
1983-10-18,283.619995
1983-10-19,279.850006
1983-10-20,281.25
1983-10-21,279.48999
1983-10-24,276.809998
1983-10-25,278.600006
1983-10-26,277.850006
1983-10-27,277.5
1983-10-28,276.140015
1983-10-31,274.549988
1983-11-01,273.040009
1983-11-02,275.179993
1983-11-03,274.859985
1983-11-04,273.170013
1983-11-07,271.119995
1983-11-08,269.570007
1983-11-09,271.0
1983-11-10,273.079987
1983-11-11,277.130005
1983-11-14,279.51001
1983-11-15,278.920013
1983-11-16,279.940002
1983-11-17,281.26001
1983-11-18,281.279999
1983-11-21,283.049988
1983-11-22,284.549988
1983-11-23,284.690002
1983-11-25,285.48999
1983-11-28,284.470001
1983-11-29,284.619995
1983-11-30,285.670013
1983-12-01,286.070007
1983-12-02,283.910004
1983-12-05,282.48999
1983-12-06,282.049988
1983-12-07,282.149994
1983-12-08,280.570007
1983-12-09,280.51001
1983-12-12,279.940002
1983-12-13,278.920013
1983-12-14,276.420013
1983-12-15,275.350006
1983-12-16,276.01001
1983-12-19,275.579987
1983-12-20,274.51001
1983-12-21,275.630005
1983-12-22,276.209991
1983-12-23,276.540009
1983-12-27,276.679993
1983-12-28,276.570007
1983-12-29,277.059998
1983-12-30,278.600006
1984-01-03,277.630005
1984-01-04,280.970001
1984-01-05,284.450012
1984-01-06,287.899994
1984-01-09,287.269989
1984-01-10,287.630005
1984-01-11,287.679993
1984-01-12,287.630005
1984-01-13,286.850006
1984-01-16,286.290009
1984-01-17,286.859985
1984-01-18,287.209991
1984-01-19,286.48999
1984-01-20,284.410004
1984-01-23,280.200012
1984-01-24,278.820007
1984-01-25,277.350006
1984-01-26,275.609985
1984-01-27,273.179993
1984-01-30,269.230011
1984-01-31,268.429993
1984-02-01,266.429993
1984-02-02,266.160004
1984-02-03,264.01001
1984-02-06,258.640015
1984-02-07,257.809998
1984-02-08,253.960007
1984-02-09,251.690002
1984-02-10,254.039993
1984-02-13,250.570007
1984-02-14,252.429993
1984-02-15,252.729996
1984-02-16,251.839996
1984-02-17,251.330002
1984-02-21,249.960007
1984-02-22,249.160004
1984-02-23,247.089996
1984-02-24,251.440002
1984-02-27,254.320007
1984-02-28,251.550003
1984-02-29,252.570007
1984-03-01,253.5
1984-03-02,255.539993
1984-03-05,253.860001
1984-03-06,252.240005
1984-03-07,249.160004
1984-03-08,249.660004
1984-03-09,249.009995
1984-03-12,249.740005
1984-03-13,250.669998
1984-03-14,250.25
1984-03-15,251.050003
1984-03-16,253.369995
1984-03-19,251.649994
1984-03-20,252.740005
1984-03-21,252.490005
1984-03-22,250.770004
1984-03-23,249.979996
1984-03-26,249.300003
1984-03-27,249.100006
1984-03-28,251.009995
1984-03-29,251.630005
1984-03-30,250.779999
1984-04-02,249.800003
1984-04-03,248.880005
1984-04-04,248.509995
1984-04-05,245.740005
1984-04-06,243.940002
1984-04-09,242.839996
1984-04-10,243.449997
1984-04-11,241.789993
1984-04-12,242.559998
1984-04-13,244.009995
1984-04-16,243.880005
1984-04-17,245.589996
1984-04-18,245.479996
1984-04-19,245.350006
1984-04-23,243.929993
1984-04-24,244.059998
1984-04-25,243.899994
1984-04-26,245.929993
1984-04-27,246.899994
1984-04-30,247.440002
1984-05-01,250.259995
1984-05-02,253.009995
1984-05-03,252.550003
1984-05-04,250.889999
1984-05-07,251.350006
1984-05-08,252.419998
1984-05-09,252.600006
1984-05-10,252.910004
1984-05-11,250.570007
1984-05-14,248.869995
1984-05-15,249.0
1984-05-16,248.679993
1984-05-17,246.119995
1984-05-18,244.610001
1984-05-21,243.149994
1984-05-22,240.800003
1984-05-23,239.580002
1984-05-24,235.389999
1984-05-25,235.229996
1984-05-29,232.610001
1984-05-30,231.929993
1984-05-31,232.820007
1984-06-01,235.899994
1984-06-04,238.75
1984-06-05,238.429993
1984-06-06,239.490005
1984-06-07,239.889999
1984-06-08,240.350006
1984-06-11,238.119995
1984-06-12,237.039993
1984-06-13,237.779999
1984-06-14,235.619995
1984-06-15,235.639999
1984-06-18,236.820007
1984-06-19,237.869995
1984-06-20,238.350006
1984-06-21,239.75
1984-06-22,241.110001
1984-06-25,240.850006
1984-06-26,238.880005
1984-06-27,237.199997
1984-06-28,238.320007
1984-06-29,239.649994
1984-07-02,237.910004
1984-07-03,238.289993
1984-07-05,237.830002
1984-07-06,236.720001
1984-07-09,236.990005
1984-07-10,236.25
1984-07-11,234.820007
1984-07-12,234.220001
1984-07-13,234.669998
1984-07-16,233.690002
1984-07-17,233.5
1984-07-18,232.229996
1984-07-19,230.889999
1984-07-20,229.369995
1984-07-23,227.059998
1984-07-24,225.729996
1984-07-25,225.300003
1984-07-26,227.059998
1984-07-27,229.300003
1984-07-30,228.949997
1984-07-31,229.699997
1984-08-01,233.350006
1984-08-02,238.869995
1984-08-03,246.240005
1984-08-06,249.270004
1984-08-07,249.089996
1984-08-08,248.020004
1984-08-09,250.330002
1984-08-10,252.429993
1984-08-13,251.350006
1984-08-14,250.630005
1984-08-15,249.699997
1984-08-16,250.330002
1984-08-17,250.369995
1984-08-20,250.220001
1984-08-21,253.330002
1984-08-22,253.860001
1984-08-23,254.119995
1984-08-24,254.779999
1984-08-27,253.289993
1984-08-28,254.369995
1984-08-29,254.809998
1984-08-30,254.559998
1984-08-31,254.639999
1984-09-04,251.389999
1984-09-05,250.610001
1984-09-06,252.220001
1984-09-07,251.679993
1984-09-10,250.529999
1984-09-11,251.800003
1984-09-12,251.449997
1984-09-13,253.339996
1984-09-14,255.600006
1984-09-17,255.389999
1984-09-18,253.990005
1984-09-19,253.009995
1984-09-20,253.130005
1984-09-21,252.679993
1984-09-24,250.800003
1984-09-25,250.009995
1984-09-26,250.229996
1984-09-27,250.289993
1984-09-28,249.940002
1984-10-01,247.860001
1984-10-02,246.100006
1984-10-03,244.809998
1984-10-04,245.199997
1984-10-05,245.460007
1984-10-08,244.559998
1984-10-09,244.089996
1984-10-10,243.289993
1984-10-11,244.699997
1984-10-12,246.199997
1984-10-15,247.699997
1984-10-16,247.300003
1984-10-17,247.100006
1984-10-18,249.800003
1984-10-19,251.199997
1984-10-22,250.600006
1984-10-23,250.600006
1984-10-24,250.800003
1984-10-25,249.0
1984-10-26,247.399994
1984-10-29,246.5
1984-10-30,247.5
1984-10-31,247.0
1984-11-01,248.0
1984-11-02,248.0
1984-11-05,248.399994
1984-11-06,250.5
1984-11-07,249.800003
1984-11-08,249.5
1984-11-09,249.5
1984-11-12,249.300003
1984-11-13,247.800003
1984-11-14,247.0
1984-11-15,246.0
1984-11-16,245.100006
1984-11-19,242.899994
1984-11-20,243.199997
1984-11-21,243.0
1984-11-23,245.300003
1984-11-26,244.899994
1984-11-27,252.300003
1984-11-28,250.699997
1984-11-29,243.5
1984-11-30,242.399994
1984-12-03,240.899994
1984-12-04,240.800003
1984-12-05,238.699997
1984-12-06,238.899994
1984-12-07,239.300003
1984-12-10,250.199997
1984-12-11,238.800003
1984-12-12,238.5
1984-12-13,238.100006
1984-12-14,239.0
1984-12-17,238.5
1984-12-18,243.300003
1984-12-19,245.399994
1984-12-20,244.5
1984-12-21,244.800003
1984-12-24,245.800003
1984-12-26,246.600006
1984-12-27,245.399994
1984-12-28,245.899994
1984-12-31,247.100006
1985-01-02,245.899994
1985-01-03,246.399994
1985-01-04,246.100006
1985-01-07,245.899994
1985-01-08,246.0
1985-01-09,247.300003
1985-01-10,250.699997
1985-01-11,252.199997
1985-01-14,255.5
1985-01-15,257.799988
1985-01-16,260.200012
1985-01-17,261.200012
1985-01-18,263.100006
1985-01-21,266.399994
1985-01-22,268.399994
1985-01-23,270.700012
1985-01-24,272.299988
1985-01-25,274.0
1985-01-28,275.0
1985-01-29,276.200012
1985-01-30,278.600006
1985-01-31,278.700012
1985-02-01,278.399994
1985-02-04,280.799988
1985-02-05,282.600006
1985-02-06,284.5
1985-02-07,287.100006
1985-02-08,288.399994
1985-02-11,287.399994
1985-02-12,286.600006
1985-02-13,288.299988
1985-02-14,288.399994
1985-02-15,287.700012
1985-02-19,286.899994
1985-02-20,287.299988
1985-02-21,287.0
1985-02-22,286.200012
1985-02-25,284.0
1985-02-26,285.0
1985-02-27,284.100006
1985-02-28,284.200012
1985-03-01,287.200012
1985-03-04,287.100006
1985-03-05,287.100006
1985-03-06,285.5
1985-03-07,283.200012
1985-03-08,282.399994
1985-03-11,281.200012
1985-03-12,281.399994
1985-03-13,278.200012
1985-03-14,277.5
1985-03-15,278.0
1985-03-18,277.100006
1985-03-19,278.899994
1985-03-20,278.799988
1985-03-21,279.0
1985-03-22,278.899994
1985-03-25,276.299988
1985-03-26,276.200012
1985-03-27,277.600006
1985-03-28,278.200012
1985-03-29,279.200012
1985-04-01,280.299988
1985-04-02,279.700012
1985-04-03,277.899994
1985-04-04,277.399994
1985-04-08,276.5
1985-04-09,276.600006
1985-04-10,278.799988
1985-04-11,280.100006
1985-04-12,280.600006
1985-04-15,281.100006
1985-04-16,282.299988
1985-04-17,283.299988
1985-04-18,283.100006
1985-04-19,282.799988
1985-04-22,281.799988
1985-04-23,282.600006
1985-04-24,283.100006
1985-04-25,284.0
1985-04-26,284.100006
1985-04-29,282.100006
1985-04-30,280.600006
1985-05-01,279.600006
1985-05-02,279.0
1985-05-03,280.299988
1985-05-06,279.899994
1985-05-07,280.899994
1985-05-08,281.100006
1985-05-09,283.299988
1985-05-10,287.5
1985-05-13,288.100006
1985-05-14,287.700012
1985-05-15,288.5
1985-05-16,289.799988
1985-05-17,291.700012
1985-05-20,294.5
1985-05-21,293.899994
1985-05-22,293.0
1985-05-23,292.200012
1985-05-24,292.100006
1985-05-28,290.899994
1985-05-29,290.600006
1985-05-30,289.899994
1985-05-31,290.799988
1985-06-03,290.600006
1985-06-04,291.0
1985-06-05,291.799988
1985-06-06,291.899994
1985-06-07,291.0
1985-06-10,290.700012
1985-06-11,290.5
1985-06-12,289.700012
1985-06-13,286.899994
1985-06-14,288.0
1985-06-17,287.399994
1985-06-18,287.899994
1985-06-19,288.200012
1985-06-20,287.399994
1985-06-21,288.700012
1985-06-24,290.0
1985-06-25,292.299988
1985-06-26,293.399994
1985-06-27,295.299988
1985-06-28,296.200012
1985-07-01,296.5
1985-07-02,296.899994
1985-07-03,297.299988
1985-07-05,298.600006
1985-07-08,297.799988
1985-07-09,297.200012
1985-07-10,298.5
1985-07-11,300.5
1985-07-12,302.399994
1985-07-15,303.0
1985-07-16,305.200012
1985-07-17,307.799988
1985-07-18,306.899994
1985-07-19,307.799988
1985-07-22,306.799988
1985-07-23,306.200012
1985-07-24,303.700012
1985-07-25,304.399994
1985-07-26,304.600006
1985-07-29,300.899994
1985-07-30,300.600006
1985-07-31,301.299988
1985-08-01,304.0
1985-08-02,304.5
1985-08-05,302.100006
1985-08-06,300.200012
1985-08-07,298.200012
1985-08-08,298.700012
1985-08-09,299.100006
1985-08-12,298.299988
1985-08-13,297.0
1985-08-14,297.600006
1985-08-15,297.600006
1985-08-16,296.5
1985-08-19,295.600006
1985-08-20,296.399994
1985-08-21,297.700012
1985-08-22,296.899994
1985-08-23,296.700012
1985-08-26,296.299988
1985-08-27,296.0
1985-08-28,297.0
1985-08-29,297.299988
1985-08-30,297.700012
1985-09-03,296.600006
1985-09-04,295.600006
1985-09-05,295.299988
1985-09-06,296.200012
1985-09-09,296.100006
1985-09-10,294.5
1985-09-11,291.399994
1985-09-12,289.899994
1985-09-13,287.200012
1985-09-16,285.399994
1985-09-17,281.100006
1985-09-18,281.0
1985-09-19,283.600006
1985-09-20,284.399994
1985-09-23,286.100006
1985-09-24,284.100006
1985-09-25,281.799988
1985-09-26,280.200012
1985-09-30,280.299988
1985-10-01,112.139999
1985-10-02,110.824997
1985-10-03,110.870003
1985-10-04,110.074997
1985-10-07,108.199997
1985-10-08,107.160004
1985-10-09,108.629997
1985-10-10,109.434998
1985-10-11,111.050003
1985-10-14,113.184998
1985-10-15,113.379997
1985-10-16,114.315002
1985-10-17,114.739998
1985-10-18,114.32
1985-10-21,113.68
1985-10-22,114.440002
1985-10-23,115.065002
1985-10-24,115.485001
1985-10-25,113.910004
1985-10-28,113.82
1985-10-29,115.400002
1985-10-30,115.769997
1985-10-31,115.480003
1985-11-01,116.275002
1985-11-04,116.040001
1985-11-05,116.440002
1985-11-06,117.379997
1985-11-07,117.620003
1985-11-08,119.260002
1985-11-11,120.400002
1985-11-12,121.82
1985-11-13,121.165001
1985-11-14,121.834999
1985-11-15,122.175003
1985-11-18,121.955002
1985-11-19,122.57
1985-11-20,122.199997
1985-11-21,123.610001
1985-11-22,123.970001
1985-11-25,123.135002
1985-11-26,123.949997
1985-11-27,125.769997
1985-11-29,126.059998
1985-12-02,125.184998
1985-12-03,125.230003
1985-12-04,127.940002
1985-12-05,128.460007
1985-12-06,126.955002
1985-12-09,127.485001
1985-12-10,127.974998
1985-12-11,129.179993
1985-12-12,129.764999
1985-12-13,132.125
1985-12-16,132.610001
1985-12-17,131.535004
1985-12-18,131.139999
1985-12-19,131.925003
1985-12-20,132.259995
1985-12-23,130.725006
1985-12-24,130.029999
1985-12-26,130.345001
1985-12-27,131.485001
1985-12-30,131.945007
1985-12-31,132.294998
1986-01-02,131.255005
1986-01-03,130.550003
1986-01-06,130.354996
1986-01-07,132.789993
1986-01-08,131.160004
1986-01-09,128.800003
1986-01-10,129.565002
1986-01-13,129.095001
1986-01-14,129.179993
1986-01-15,131.535004
1986-01-16,133.059998
1986-01-17,132.770004
1986-01-20,131.604996
1986-01-21,131.089996
1986-01-22,129.615005
1986-01-23,129.270004
1986-01-24,130.199997
1986-01-27,130.794998
1986-01-28,131.990005
1986-01-29,133.059998
1986-01-30,132.190002
1986-01-31,132.925003
1986-02-03,134.240005
1986-02-04,134.600006
1986-02-05,135.714996
1986-02-06,136.639999
1986-02-07,137.419998
1986-02-10,138.125
1986-02-11,138.259995
1986-02-12,138.664993
1986-02-13,139.164993
1986-02-14,140.160004
1986-02-18,140.735001
1986-02-19,139.639999
1986-02-20,139.945007
1986-02-21,141.145004
1986-02-24,140.199997
1986-02-25,139.399994
1986-02-26,138.875
1986-02-27,140.524994
1986-02-28,140.425003
1986-03-03,139.740005
1986-03-04,140.544998
1986-03-05,140.244995
1986-03-06,140.800003
1986-03-07,140.710007
1986-03-10,142.434998
1986-03-11,145.345001
1986-03-12,146.619995
1986-03-13,147.009995
1986-03-14,147.0
1986-03-17,146.365005
1986-03-18,147.625
1986-03-19,147.475006
1986-03-20,147.800003
1986-03-21,148.005005
1986-03-24,147.089996
1986-03-25,147.485001
1986-03-26,147.255005
1986-03-27,148.375
1986-03-31,148.860001
1986-04-01,148.449997
1986-04-02,148.919998
1986-04-03,148.710007
1986-04-04,147.035004
1986-04-07,146.054993
1986-04-08,148.929993
1986-04-09,149.054993
1986-04-10,151.764999
1986-04-11,152.664993
1986-04-14,153.925003
1986-04-15,154.919998
1986-04-16,158.895004
1986-04-17,159.054993
1986-04-18,157.660004
1986-04-21,158.524994
1986-04-22,157.860001
1986-04-23,157.460007
1986-04-24,159.854996
1986-04-25,160.460007
1986-04-28,159.899994
1986-04-29,158.25
1986-04-30,154.910004
1986-05-01,154.205002
1986-05-02,155.009995
1986-05-05,157.139999
1986-05-06,157.125
1986-05-07,156.255005
1986-05-08,157.160004
1986-05-09,157.914993
1986-05-12,157.75
1986-05-13,157.050003
1986-05-14,157.005005
1986-05-15,155.764999
1986-05-16,154.994995
1986-05-19,155.309998
1986-05-20,157.009995
1986-05-21,157.440002
1986-05-22,159.630005
1986-05-23,160.164993
1986-05-27,161.175003
1986-05-28,161.304993
1986-05-29,161.619995
1986-05-30,163.160004
1986-06-02,162.029999
1986-06-03,162.110001
1986-06-04,161.824997
1986-06-05,162.360001
1986-06-06,161.884995
1986-06-09,158.610001
1986-06-10,158.104996
1986-06-11,160.035004
1986-06-12,160.365005
1986-06-13,162.354996
1986-06-16,160.800003
1986-06-17,158.574997
1986-06-18,158.479996
1986-06-19,159.279999
1986-06-20,159.585007
1986-06-23,159.554993
1986-06-24,160.800003
1986-06-25,162.0
1986-06-26,161.720001
1986-06-27,161.615005
1986-06-30,162.615005
1986-07-01,163.324997
1986-07-02,163.960007
1986-07-03,164.514999
1986-07-07,157.625
1986-07-08,153.259995
1986-07-09,155.410004
1986-07-10,154.289993
1986-07-11,152.854996
1986-07-14,149.285004
1986-07-15,146.255005
1986-07-16,147.395004
1986-07-17,148.464996
1986-07-18,147.759995
1986-07-21,147.074997
1986-07-22,147.404999
1986-07-23,147.175003
1986-07-24,147.279999
1986-07-25,148.259995
1986-07-28,145.505005
1986-07-29,144.205002
1986-07-30,144.520004
1986-07-31,144.705002
1986-08-01,144.190002
1986-08-04,142.524994
1986-08-05,141.860001
1986-08-06,140.544998
1986-08-07,140.695007
1986-08-08,142.294998
1986-08-11,145.440002
1986-08-12,147.059998
1986-08-13,148.835007
1986-08-14,149.994995
1986-08-15,149.574997
1986-08-18,149.070007
1986-08-19,148.595001
1986-08-20,149.755005
1986-08-21,150.009995
1986-08-22,150.945007
1986-08-25,149.910004
1986-08-26,151.154999
1986-08-27,152.020004
1986-08-28,152.044998
1986-08-29,151.699997
1986-09-02,149.339996
1986-09-03,149.820007
1986-09-04,151.395004
1986-09-05,149.669998
1986-09-08,146.550003
1986-09-09,145.759995
1986-09-10,144.740005
1986-09-11,138.460007
1986-09-12,135.035004
1986-09-15,134.940002
1986-09-16,135.210007
1986-09-17,136.389999
1986-09-18,138.134995
1986-09-19,138.455002
1986-09-22,140.119995
1986-09-23,139.565002
1986-09-24,139.235001
1986-09-25,137.615005
1986-09-26,137.585007
1986-09-29,135.535004
1986-09-30,137.494995
1986-10-01,138.264999
1986-10-02,138.220001
1986-10-03,138.554993
1986-10-06,139.115005
1986-10-07,138.255005
1986-10-08,139.264999
1986-10-09,139.164993
1986-10-10,139.869995
1986-10-13,140.675003
1986-10-14,140.964996
1986-10-15,142.100006
1986-10-16,141.899994
1986-10-17,141.195007
1986-10-20,140.100006
1986-10-21,139.925003
1986-10-22,140.300003
1986-10-23,142.149994
1986-10-24,141.964996
1986-10-27,141.759995
1986-10-28,142.494995
1986-10-29,143.130005
1986-10-30,144.779999
1986-10-31,144.479996
1986-11-03,144.809998
1986-11-04,145.964996
1986-11-05,146.179993
1986-11-06,145.410004
1986-11-07,144.910004
1986-11-10,144.294998
1986-11-11,145.350006
1986-11-12,145.580002
1986-11-13,143.414993
1986-11-14,143.505005
1986-11-17,143.195007
1986-11-18,140.660004
1986-11-19,139.544998
1986-11-20,141.309998
1986-11-21,142.899994
1986-11-24,144.494995
1986-11-25,145.770004
1986-11-26,146.869995
1986-11-28,147.940002
1986-12-01,146.854996
1986-12-02,148.865005
1986-12-03,150.080002
1986-12-04,149.979996
1986-12-05,149.044998
1986-12-08,147.845001
1986-12-09,146.865005
1986-12-10,146.955002
1986-12-11,146.080002
1986-12-12,144.979996
1986-12-15,144.074997
1986-12-16,144.490005
1986-12-17,143.044998
1986-12-18,142.854996
1986-12-19,143.770004
1986-12-22,144.085007
1986-12-23,142.804993
1986-12-24,142.794998
1986-12-26,142.934998
1986-12-29,141.514999
1986-12-30,141.524994
1986-12-31,141.404999
1987-01-02,142.860001
1987-01-05,147.404999
1987-01-06,149.059998
1987-01-07,152.975006
1987-01-08,155.690002
1987-01-09,156.990005
1987-01-12,159.304993
1987-01-13,159.619995
1987-01-14,162.660004
1987-01-15,164.145004
1987-01-16,162.514999
1987-01-19,166.455002
1987-01-20,166.520004
1987-01-21,164.259995
1987-01-22,167.945007
1987-01-23,166.764999
1987-01-26,164.139999
1987-01-27,166.654999
1987-01-28,167.625
1987-01-29,165.740005
1987-01-30,166.675003
1987-02-02,170.304993
1987-02-03,171.554993
1987-02-04,173.5
1987-02-05,174.634995
1987-02-06,174.630005
1987-02-09,173.625
1987-02-10,172.324997
1987-02-11,175.979996
1987-02-12,176.264999
1987-02-13,179.065002
1987-02-17,183.649994
1987-02-18,181.210007
1987-02-19,179.869995
1987-02-20,178.684998
1987-02-23,177.705002
1987-02-24,178.940002
1987-02-25,180.970001
1987-02-26,182.184998
1987-02-27,182.75
1987-03-02,181.065002
1987-03-03,180.565002
1987-03-04,183.274994
1987-03-05,184.669998
1987-03-06,184.285004
1987-03-09,182.475006
1987-03-10,184.464996
1987-03-11,185.309998
1987-03-12,184.770004
1987-03-13,183.164993
1987-03-16,182.729996
1987-03-17,185.899994
1987-03-18,186.044998
1987-03-19,187.960007
1987-03-20,189.824997
1987-03-23,189.399994
1987-03-24,190.179993
1987-03-25,190.195007
1987-03-26,190.705002
1987-03-27,189.050003
1987-03-30,183.835007
1987-03-31,186.039993
1987-04-01,186.074997
1987-04-02,187.660004
1987-04-03,191.360001
1987-04-06,190.914993
1987-04-07,187.434998
1987-04-08,189.279999
1987-04-09,188.729996
1987-04-10,188.285004
1987-04-13,183.945007
1987-04-14,179.725006
1987-04-15,182.460007
1987-04-16,183.744995
1987-04-20,182.125
1987-04-21,184.634995
1987-04-22,183.955002
1987-04-23,183.770004
1987-04-24,180.375
1987-04-27,179.550003
1987-04-28,181.264999
1987-04-29,182.220001
1987-04-30,184.830002
1987-05-01,185.830002
1987-05-04,186.449997
1987-05-05,189.735001
1987-05-06,189.294998
1987-05-07,190.014999
1987-05-08,190.360001
1987-05-11,189.240005
1987-05-12,188.975006
1987-05-13,190.294998
1987-05-14,190.740005
1987-05-15,187.910004
1987-05-18,185.455002
1987-05-19,181.464996
1987-05-20,181.699997
1987-05-21,182.660004
1987-05-22,181.639999
1987-05-26,185.169998
1987-05-27,185.955002
1987-05-28,188.110001
1987-05-29,188.770004
1987-06-01,185.860001
1987-06-02,184.5
1987-06-03,185.759995
1987-06-04,186.255005
1987-06-05,185.684998
1987-06-08,187.535004
1987-06-09,189.475006
1987-06-10,190.020004
1987-06-11,189.664993
1987-06-12,190.360001
1987-06-15,189.600006
1987-06-16,191.139999
1987-06-17,191.320007
1987-06-18,192.369995
1987-06-19,192.050003
1987-06-22,192.899994
1987-06-23,191.839996
1987-06-24,191.904999
1987-06-25,191.345001
1987-06-26,191.059998
1987-06-29,190.699997
1987-06-30,189.240005
1987-07-01,189.475006
1987-07-02,190.384995
1987-07-06,189.024994
1987-07-07,187.755005
1987-07-08,187.384995
1987-07-09,187.975006
1987-07-10,188.735001
1987-07-13,190.419998
1987-07-14,194.985001
1987-07-15,194.869995
1987-07-16,196.039993
1987-07-17,195.865005
1987-07-20,193.860001
1987-07-21,193.195007
1987-07-22,193.634995
1987-07-23,191.505005
1987-07-24,193.024994
1987-07-27,193.195007
1987-07-28,193.755005
1987-07-29,194.725006
1987-07-30,196.565002
1987-07-31,196.350006
1987-08-03,195.240005
1987-08-04,195.880005
1987-08-05,198.244995
1987-08-06,201.865005
1987-08-07,203.729996
1987-08-10,206.029999
1987-08-11,208.389999
1987-08-12,207.059998
1987-08-13,206.470001
1987-08-14,206.464996
1987-08-17,206.830002
1987-08-18,203.899994
1987-08-19,205.389999
1987-08-20,208.929993
1987-08-21,210.574997
1987-08-24,209.479996
1987-08-25,210.714996
1987-08-26,211.160004
1987-08-27,210.634995
1987-08-28,208.845001
1987-08-31,209.574997
1987-09-01,206.889999
1987-09-02,205.729996
1987-09-03,205.014999
1987-09-04,204.059998
1987-09-08,199.899994
1987-09-09,201.600006
1987-09-10,205.164993
1987-09-11,206.365005
1987-09-14,205.160004
1987-09-15,202.255005
1987-09-16,201.300003
1987-09-17,202.054993
1987-09-18,201.675003
1987-09-21,197.259995
1987-09-22,201.429993
1987-09-23,204.074997
1987-09-24,204.639999
1987-09-25,205.115005
1987-09-28,204.625
1987-09-29,204.149994
1987-09-30,205.505005
1987-10-01,209.705002
1987-10-02,212.145004
1987-10-05,213.809998
1987-10-06,208.070007
1987-10-07,206.889999
1987-10-08,203.625
1987-10-09,202.464996
1987-10-12,199.625
1987-10-13,201.229996
1987-10-14,197.494995
1987-10-15,193.065002
1987-10-16,183.285004
1987-10-19,155.649994
1987-10-20,143.960007
1987-10-21,158.779999
1987-10-22,149.985001
1987-10-23,145.419998
1987-10-26,128.425003
1987-10-27,129.865005
1987-10-28,131.210007
1987-10-29,143.639999
1987-10-30,150.070007
1987-11-02,152.195007
1987-11-03,147.134995
1987-11-04,147.945007
1987-11-05,153.029999
1987-11-06,150.679993
1987-11-09,146.485001
1987-11-10,143.445007
1987-11-11,145.479996
1987-11-12,149.845001
1987-11-13,147.949997
1987-11-16,147.460007
1987-11-17,143.574997
1987-11-18,144.835007
1987-11-19,141.059998
1987-11-20,140.835007
1987-11-23,141.839996
1987-11-24,144.660004
1987-11-25,144.994995
1987-11-27,143.354996
1987-11-30,137.125
1987-12-01,137.160004
1987-12-02,137.955002
1987-12-03,132.949997
1987-12-04,130.434998
1987-12-07,133.145004
1987-12-08,136.690002
1987-12-09,139.759995
1987-12-10,139.014999
1987-12-11,139.820007
1987-12-14,146.080002
1987-12-15,146.889999
1987-12-16,151.059998
1987-12-17,149.910004
1987-12-18,154.744995
1987-12-21,156.020004
1987-12-22,155.554993
1987-12-23,158.059998
1987-12-24,158.184998
1987-12-28,152.779999
1987-12-29,154.345001
1987-12-30,157.285004
1987-12-31,156.25
1988-01-04,161.809998
1988-01-05,164.279999
1988-01-06,166.175003
1988-01-07,168.699997
1988-01-08,158.195007
1988-01-11,158.875
1988-01-12,155.725006
1988-01-13,155.544998
1988-01-14,156.035004
1988-01-15,159.824997
1988-01-18,159.024994
1988-01-19,158.009995
1988-01-20,152.464996
1988-01-21,152.949997
1988-01-22,154.354996
1988-01-25,157.054993
1988-01-26,155.229996
1988-01-27,155.425003
1988-01-28,157.654999
1988-01-29,159.130005
1988-02-01,158.615005
1988-02-02,158.975006
1988-02-03,156.580002
1988-02-04,157.380005
1988-02-05,158.014999
1988-02-08,157.875
1988-02-09,158.929993
1988-02-10,162.240005
1988-02-11,162.955002
1988-02-12,163.934998
1988-02-16,165.539993
1988-02-17,165.804993
1988-02-18,165.75
1988-02-19,167.074997
1988-02-22,170.199997
1988-02-23,171.285004
1988-02-24,172.475006
1988-02-25,170.785004
1988-02-26,170.645004
1988-02-29,172.639999
1988-03-01,172.634995
1988-03-02,175.115005
1988-03-03,176.5
1988-03-04,177.389999
1988-03-07,178.464996
1988-03-08,179.625
1988-03-09,181.240005
1988-03-10,178.434998
1988-03-11,177.889999
1988-03-14,179.210007
1988-03-15,178.315002
1988-03-16,180.419998
1988-03-17,181.235001
1988-03-18,181.035004
1988-03-21,178.899994
1988-03-22,180.014999
1988-03-23,179.244995
1988-03-24,174.764999
1988-03-25,172.880005
1988-03-28,172.839996
1988-03-29,173.664993
1988-03-30,172.130005
1988-03-31,173.259995
1988-04-04,171.404999
1988-04-05,172.895004
1988-04-06,176.600006
1988-04-07,177.330002
1988-04-08,178.929993
1988-04-11,179.940002
1988-04-12,180.100006
1988-04-13,180.384995
1988-04-14,173.270004
1988-04-15,173.134995
1988-04-18,173.550003
1988-04-19,174.354996
1988-04-20,172.934998
1988-04-21,172.070007
1988-04-22,173.320007
1988-04-25,174.399994
1988-04-26,176.744995
1988-04-27,177.210007
1988-04-28,176.729996
1988-04-29,175.919998
1988-05-02,176.744995
1988-05-03,178.994995
1988-05-04,178.625
1988-05-05,177.679993
1988-05-06,177.179993
1988-05-09,174.929993
1988-05-10,174.320007
1988-05-11,170.800003
1988-05-12,171.705002
1988-05-13,173.845001
1988-05-16,174.985001
1988-05-17,174.070007
1988-05-18,170.285004
1988-05-19,170.345001
1988-05-20,169.884995
1988-05-23,167.649994
1988-05-24,169.210007
1988-05-25,169.009995
1988-05-26,169.854996
1988-05-27,169.585007
1988-05-31,173.345001
1988-06-01,176.675003
1988-06-02,176.449997
1988-06-03,178.005005
1988-06-06,179.744995
1988-06-07,179.764999
1988-06-08,183.014999
1988-06-09,182.774994
1988-06-10,184.285004
1988-06-13,184.735001
1988-06-14,185.774994
1988-06-15,186.104996
1988-06-16,184.505005
1988-06-17,183.940002
1988-06-20,183.195007
1988-06-21,184.789993
1988-06-22,186.979996
1988-06-23,187.070007
1988-06-24,187.350006
1988-06-27,185.115005
1988-06-28,188.190002
1988-06-29,187.785004
1988-06-30,189.024994
1988-07-01,189.955002
1988-07-05,191.904999
1988-07-06,190.429993
1988-07-07,189.384995
1988-07-08,188.145004
1988-07-11,187.684998
1988-07-12,187.235001
1988-07-13,188.119995
1988-07-14,188.679993
1988-07-15,188.509995
1988-07-18,188.794998
1988-07-19,185.779999
1988-07-20,185.255005
1988-07-21,182.404999
1988-07-22,181.860001
1988-07-25,181.589996
1988-07-26,179.705002
1988-07-27,177.369995
1988-07-28,178.220001
1988-07-29,181.160004
1988-08-01,181.440002
1988-08-02,180.535004
1988-08-03,181.070007
1988-08-04,181.175003
1988-08-05,179.895004
1988-08-08,179.815002
1988-08-09,177.270004
1988-08-10,172.679993
1988-08-11,174.634995
1988-08-12,173.744995
1988-08-15,170.085007
1988-08-16,172.645004
1988-08-17,172.904999
1988-08-18,173.550003
1988-08-19,172.815002
1988-08-22,169.895004
1988-08-23,169.604996
1988-08-24,171.955002
1988-08-25,170.529999
1988-08-26,170.979996
1988-08-29,172.764999
1988-08-30,172.365005
1988-08-31,170.994995
1988-09-01,168.220001
1988-09-02,171.464996
1988-09-06,171.934998
1988-09-07,172.095001
1988-09-08,172.964996
1988-09-09,175.479996
1988-09-12,175.595001
1988-09-13,175.869995
1988-09-14,176.979996
1988-09-15,175.414993
1988-09-16,176.645004
1988-09-19,176.110001
1988-09-20,176.804993
1988-09-21,177.804993
1988-09-22,178.274994
1988-09-23,177.475006
1988-09-26,175.869995
1988-09-27,175.800003
1988-09-28,177.054993
1988-09-29,178.824997
1988-09-30,179.365005
1988-10-03,176.789993
1988-10-04,176.289993
1988-10-05,175.860001
1988-10-06,176.235001
1988-10-07,176.0
1988-10-10,174.934998
1988-10-11,175.625
1988-10-12,173.289993
1988-10-13,174.835007
1988-10-14,175.369995
1988-10-17,175.785004
1988-10-18,176.990005
1988-10-19,176.990005
1988-10-20,180.365005
1988-10-21,179.740005
1988-10-24,178.410004
1988-10-25,177.399994
1988-10-26,176.350006
1988-10-27,174.279999
1988-10-28,174.884995
1988-10-31,174.779999
1988-11-01,174.595001
1988-11-02,174.014999
1988-11-03,174.25
1988-11-04,173.559998
1988-11-07,171.339996
1988-11-08,173.75
1988-11-09,173.494995
1988-11-10,173.274994
1988-11-11,169.240005
1988-11-14,168.955002
1988-11-15,168.104996
1988-11-16,165.524994
1988-11-17,166.205002
1988-11-18,166.524994
1988-11-21,163.815002
1988-11-22,164.350006
1988-11-23,167.190002
1988-11-25,165.720001
1988-11-28,165.994995
1988-11-29,167.169998
1988-11-30,169.184998
1988-12-01,171.330002
1988-12-02,171.615005
1988-12-05,172.854996
1988-12-06,174.014999
1988-12-07,172.839996
1988-12-08,171.884995
1988-12-09,171.794998
1988-12-12,171.110001
1988-12-13,170.255005
1988-12-14,170.869995
1988-12-15,171.619995
1988-12-16,174.014999
1988-12-19,175.389999
1988-12-20,175.074997
1988-12-21,174.660004
1988-12-22,174.759995
1988-12-23,175.610001
1988-12-27,175.220001
1988-12-28,175.130005
1988-12-29,176.679993
1988-12-30,177.410004
1989-01-03,174.625
1989-01-04,177.559998
1989-01-05,177.485001
1989-01-06,177.520004
1989-01-09,177.649994
1989-01-10,177.065002
1989-01-11,177.595001
1989-01-12,179.0
1989-01-13,179.100006
1989-01-16,179.199997
1989-01-17,177.089996
1989-01-18,178.645004
1989-01-19,180.570007
1989-01-20,180.320007
1989-01-23,178.205002
1989-01-24,180.175003
1989-01-25,181.559998
1989-01-26,183.994995
1989-01-27,183.544998
1989-01-30,184.785004
1989-01-31,186.470001
1989-02-01,188.369995
1989-02-02,189.865005
1989-02-03,189.975006
1989-02-06,189.464996
1989-02-07,192.054993
1989-02-08,190.050003
1989-02-09,188.690002
1989-02-10,185.705002
1989-02-13,185.404999
1989-02-14,185.630005
1989-02-15,187.414993
1989-02-16,187.824997
1989-02-17,188.509995
1989-02-21,188.169998
1989-02-22,185.759995
1989-02-23,186.470001
1989-02-24,184.589996
1989-02-27,183.815002
1989-02-28,183.789993
1989-03-01,183.600006
1989-03-02,185.460007
1989-03-03,185.815002
1989-03-06,187.505005
1989-03-07,186.699997
1989-03-08,186.255005
1989-03-09,185.350006
1989-03-10,184.994995
1989-03-13,185.880005
1989-03-14,185.354996
1989-03-15,185.365005
1989-03-16,187.134995
1989-03-17,182.009995
1989-03-20,179.875
1989-03-21,182.039993
1989-03-22,180.589996
1989-03-23,181.039993
1989-03-27,181.145004
1989-03-28,182.014999
1989-03-29,183.339996
1989-03-30,184.365005
1989-03-31,185.869995
1989-04-03,185.830002
1989-04-04,185.535004
1989-04-05,186.089996
1989-04-06,186.199997
1989-04-07,188.399994
1989-04-10,189.274994
1989-04-11,190.910004
1989-04-12,192.529999
1989-04-13,191.830002
1989-04-14,194.630005
1989-04-17,194.589996
1989-04-18,196.830002
1989-04-19,198.070007
1989-04-20,197.649994
1989-04-21,198.860001
1989-04-24,198.315002
1989-04-25,197.240005
1989-04-26,197.25
1989-04-27,199.570007
1989-04-28,200.470001
1989-05-01,200.75
1989-05-02,200.744995
1989-05-03,201.585007
1989-05-04,202.095001
1989-05-05,203.440002
1989-05-08,203.039993
1989-05-09,202.684998
1989-05-10,203.014999
1989-05-11,203.514999
1989-05-12,207.154999
1989-05-15,208.895004
1989-05-16,208.255005
1989-05-17,210.729996
1989-05-18,211.059998
1989-05-19,212.610001
1989-05-22,212.369995
1989-05-23,210.625
1989-05-24,211.985001
1989-05-25,212.839996
1989-05-26,214.434998
1989-05-30,213.589996
1989-05-31,214.544998
1989-06-01,215.589996
1989-06-02,217.789993
1989-06-05,213.399994
1989-06-06,214.395004
1989-06-07,219.880005
1989-06-08,219.389999
1989-06-09,218.794998
1989-06-12,218.600006
1989-06-13,216.544998
1989-06-14,216.664993
1989-06-15,213.089996
1989-06-16,212.815002
1989-06-19,212.285004
1989-06-20,211.039993
1989-06-21,210.910004
1989-06-22,212.220001
1989-06-23,214.259995
1989-06-26,213.615005
1989-06-27,213.934998
1989-06-28,211.070007
1989-06-29,206.770004
1989-06-30,204.585007
1989-07-03,205.464996
1989-07-05,206.365005
1989-07-06,207.669998
1989-07-07,209.580002
1989-07-10,209.330002
1989-07-11,209.940002
1989-07-12,210.869995
1989-07-13,211.479996
1989-07-14,212.865005
1989-07-17,213.735001
1989-07-18,211.384995
1989-07-19,213.610001
1989-07-20,211.095001
1989-07-21,210.865005
1989-07-24,208.115005
1989-07-25,208.014999
1989-07-26,209.895004
1989-07-27,212.755005
1989-07-28,213.145004
1989-07-31,214.274994
1989-08-01,212.835007
1989-08-02,212.839996
1989-08-03,214.559998
1989-08-04,215.139999
1989-08-07,218.759995
1989-08-08,219.729996
1989-08-09,217.850006
1989-08-10,217.419998
1989-08-11,216.304993
1989-08-14,214.809998
1989-08-15,215.869995
1989-08-16,214.869995
1989-08-17,216.149994
1989-08-18,216.720001
1989-08-21,214.184998
1989-08-22,215.384995
1989-08-23,217.490005
1989-08-24,220.395004
1989-08-25,220.820007
1989-08-28,221.460007
1989-08-29,220.300003
1989-08-30,221.399994
1989-08-31,222.005005
1989-09-01,223.514999
1989-09-05,223.580002
1989-09-06,221.669998
1989-09-07,221.199997
1989-09-08,222.654999
1989-09-11,222.960007
1989-09-12,224.324997
1989-09-13,224.615005
1989-09-14,222.410004
1989-09-15,221.960007
1989-09-18,221.75
1989-09-19,221.934998
1989-09-20,222.304993
1989-09-21,222.654999
1989-09-22,223.889999
1989-09-25,223.889999
1989-09-26,223.869995
1989-09-27,223.804993
1989-09-28,226.25
1989-09-29,226.389999
1989-10-02,228.110001
1989-10-03,228.735001
1989-10-04,230.899994
1989-10-05,231.740005
1989-10-06,234.404999
1989-10-09,236.785004
1989-10-10,236.085007
1989-10-11,235.085007
1989-10-12,234.544998
1989-10-13,224.664993
1989-10-16,224.945007
1989-10-17,224.244995
1989-10-18,226.524994
1989-10-19,231.529999
1989-10-20,231.050003
1989-10-23,228.759995
1989-10-24,226.175003
1989-10-25,226.115005
1989-10-26,222.054993
1989-10-27,218.839996
1989-10-30,219.074997
1989-10-31,222.615005
1989-11-01,223.309998
1989-11-02,219.449997
1989-11-03,219.054993
1989-11-06,215.184998
1989-11-07,217.649994
1989-11-08,220.369995
1989-11-09,220.649994
1989-11-10,222.529999
1989-11-13,222.755005
1989-11-14,221.369995
1989-11-15,222.345001
1989-11-16,221.699997
1989-11-17,222.630005
1989-11-20,223.414993
1989-11-21,222.759995
1989-11-22,223.625
1989-11-24,224.835007
1989-11-27,223.645004
1989-11-28,223.585007
1989-11-29,223.494995
1989-11-30,224.445007
1989-12-01,225.315002
1989-12-04,226.720001
1989-12-05,227.304993
1989-12-06,224.154999
1989-12-07,224.764999
1989-12-08,224.024994
1989-12-11,220.264999
1989-12-12,217.804993
1989-12-13,217.910004
1989-12-14,216.354996
1989-12-15,214.139999
1989-12-18,210.850006
1989-12-19,211.184998
1989-12-20,213.235001
1989-12-21,216.229996
1989-12-22,217.625
1989-12-26,217.615005
1989-12-27,221.574997
1989-12-28,221.580002
1989-12-29,223.835007
1990-01-02,227.725006
1990-01-03,226.100006
1990-01-04,224.714996
1990-01-05,223.139999
1990-01-08,223.539993
1990-01-09,221.179993
1990-01-10,216.554993
1990-01-11,213.505005
1990-01-12,208.794998
1990-01-15,207.615005
1990-01-16,211.914993
1990-01-17,210.604996
1990-01-18,210.570007
1990-01-19,213.910004
1990-01-22,208.059998
1990-01-23,207.479996
1990-01-24,206.744995
1990-01-25,205.774994
1990-01-26,203.244995
1990-01-29,202.054993
1990-01-30,197.654999
1990-01-31,201.940002
1990-02-01,203.044998
1990-02-02,205.615005
1990-02-05,206.490005
1990-02-06,205.074997
1990-02-07,206.804993
1990-02-08,207.244995
1990-02-09,208.494995
1990-02-12,206.880005
1990-02-13,207.199997
1990-02-14,208.059998
1990-02-15,209.929993
1990-02-16,208.354996
1990-02-20,205.065002
1990-02-21,204.75
1990-02-22,204.190002
1990-02-23,201.794998
1990-02-26,204.625
1990-02-27,205.785004
1990-02-28,207.914993
1990-03-01,209.104996
1990-03-02,211.539993
1990-03-05,210.389999
1990-03-06,210.960007
1990-03-07,210.154999
1990-03-08,213.110001
1990-03-09,213.820007
1990-03-12,213.524994
1990-03-13,211.509995
1990-03-14,212.270004
1990-03-15,213.479996
1990-03-16,217.960007
1990-03-19,219.869995
1990-03-20,216.925003
1990-03-21,215.850006
1990-03-22,212.539993
1990-03-23,214.490005
1990-03-26,216.434998
1990-03-27,217.470001
1990-03-28,214.229996
1990-03-29,213.110001
1990-03-30,213.145004
1990-04-02,212.669998
1990-04-03,216.809998
1990-04-04,215.479996
1990-04-05,214.059998
1990-04-06,212.475006
1990-04-09,212.115005
1990-04-10,213.225006
1990-04-11,214.524994
1990-04-12,216.044998
1990-04-16,216.925003
1990-04-17,216.5
1990-04-18,213.145004
1990-04-19,210.869995
1990-04-20,208.619995
1990-04-23,205.630005
1990-04-24,204.759995
1990-04-25,205.580002
1990-04-26,205.785004
1990-04-27,203.669998
1990-04-30,205.815002
1990-05-01,207.039993
1990-05-02,208.5
1990-05-03,210.089996
1990-05-04,212.705002
1990-05-07,215.029999
1990-05-08,215.169998
1990-05-09,215.429993
1990-05-10,216.809998
1990-05-11,220.889999
1990-05-14,223.860001
1990-05-15,224.490005
1990-05-16,225.125
1990-05-17,226.639999
1990-05-18,228.509995
1990-05-21,232.214996
1990-05-22,232.845001
1990-05-23,236.059998
1990-05-24,237.035004
1990-05-25,232.199997
1990-05-29,235.839996
1990-05-30,236.354996
1990-05-31,236.149994
1990-06-01,237.884995
1990-06-04,240.110001
1990-06-05,237.845001
1990-06-06,238.054993
1990-06-07,237.384995
1990-06-08,234.729996
1990-06-11,236.949997
1990-06-12,240.110001
1990-06-13,242.054993
1990-06-14,240.514999
1990-06-15,240.785004
1990-06-18,236.710007
1990-06-19,236.774994
1990-06-20,237.315002
1990-06-21,238.145004
1990-06-22,235.740005
1990-06-25,232.914993
1990-06-26,232.940002
1990-06-27,234.949997
1990-06-28,237.414993
1990-06-29,238.460007
1990-07-02,238.419998
1990-07-03,238.184998
1990-07-05,237.300003
1990-07-06,238.464996
1990-07-09,239.600006
1990-07-10,238.660004
1990-07-11,240.774994
1990-07-12,243.425003
1990-07-13,244.740005
1990-07-16,246.179993
1990-07-17,241.524994
1990-07-18,238.220001
1990-07-19,236.399994
1990-07-20,232.440002
1990-07-23,227.380005
1990-07-24,226.485001
1990-07-25,228.764999
1990-07-26,227.199997
1990-07-27,225.634995
1990-07-30,223.919998
1990-07-31,223.384995
1990-08-01,223.115005
1990-08-02,218.970001
1990-08-03,212.604996
1990-08-06,201.455002
1990-08-07,202.654999
1990-08-08,205.580002
1990-08-09,209.125
1990-08-10,206.229996
1990-08-13,207.419998
1990-08-14,208.294998
1990-08-15,208.464996
1990-08-16,202.190002
1990-08-17,196.845001
1990-08-20,193.100006
1990-08-21,188.255005
1990-08-22,185.014999
1990-08-23,178.294998
1990-08-24,184.964996
1990-08-27,193.975006
1990-08-28,194.904999
1990-08-29,192.904999
1990-08-30,190.725006
1990-08-31,193.615005
1990-09-04,194.744995
1990-09-05,193.815002
1990-09-06,190.669998
1990-09-07,191.800003
1990-09-10,192.649994
1990-09-11,190.964996
1990-09-12,192.354996
1990-09-13,189.720001
1990-09-14,189.520004
1990-09-17,189.604996
1990-09-18,189.429993
1990-09-19,188.774994
1990-09-20,183.979996
1990-09-21,183.199997
1990-09-24,177.604996
1990-09-25,180.710007
1990-09-26,179.455002
1990-09-27,174.190002
1990-09-28,177.054993
1990-10-01,184.735001
1990-10-02,184.919998
1990-10-03,180.505005
1990-10-04,179.494995
1990-10-05,178.365005
1990-10-08,179.565002
1990-10-09,173.625
1990-10-10,169.464996
1990-10-11,165.195007
1990-10-12,166.714996
1990-10-15,169.350006
1990-10-16,165.490005
1990-10-17,167.270004
1990-10-18,172.380005
1990-10-19,174.619995
1990-10-22,178.565002
1990-10-23,178.399994
1990-10-24,178.470001
1990-10-25,177.339996
1990-10-26,174.210007
1990-10-29,171.755005
1990-10-30,172.994995
1990-10-31,172.554993
1990-11-01,172.884995
1990-11-02,176.865005
1990-11-05,180.460007
1990-11-06,180.259995
1990-11-07,177.080002
1990-11-08,177.705002
1990-11-09,182.240005
1990-11-12,188.669998
1990-11-13,189.875
1990-11-14,192.449997
1990-11-15,189.550003
1990-11-16,184.960007
1990-11-19,187.039993
1990-11-20,183.315002
1990-11-21,183.934998
1990-11-23,184.279999
1990-11-26,185.119995
1990-11-27,189.175003
1990-11-28,189.695007
1990-11-29,191.110001
1990-11-30,192.580002
1990-12-03,194.524994
1990-12-04,195.604996
1990-12-05,199.024994
1990-12-06,199.485001
1990-12-07,199.345001
1990-12-10,199.440002
1990-12-11,196.554993
1990-12-12,198.024994
1990-12-13,198.029999
1990-12-14,196.134995
1990-12-17,195.054993
1990-12-18,199.240005
1990-12-19,200.414993
1990-12-20,201.514999
1990-12-21,202.755005
1990-12-24,201.220001
1990-12-26,200.570007
1990-12-27,199.160004
1990-12-28,199.419998
1990-12-31,200.529999
1991-01-02,199.764999
1991-01-03,196.395004
1991-01-04,196.824997
1991-01-07,192.350006
1991-01-08,192.089996
1991-01-09,191.684998
1991-01-10,196.080002
1991-01-11,196.195007
1991-01-14,193.770004
1991-01-15,195.335007
1991-01-16,202.955002
1991-01-17,209.259995
1991-01-18,211.494995
1991-01-21,214.365005
1991-01-22,211.975006
1991-01-23,215.830002
1991-01-24,219.785004
1991-01-25,221.014999
1991-01-28,222.240005
1991-01-29,224.470001
1991-01-30,229.274994
1991-01-31,232.425003
1991-02-01,234.449997
1991-02-04,236.869995
1991-02-05,241.565002
1991-02-06,247.054993
1991-02-07,243.425003
1991-02-08,244.475006
1991-02-11,249.304993
1991-02-12,248.199997
1991-02-13,250.335007
1991-02-14,245.589996
1991-02-15,248.335007
1991-02-19,250.815002
1991-02-20,247.759995
1991-02-21,246.854996
1991-02-22,248.634995
1991-02-25,250.039993
1991-02-26,247.804993
1991-02-27,249.714996
1991-02-28,250.115005
1991-03-01,252.389999
1991-03-04,253.380005
1991-03-05,262.179993
1991-03-06,263.149994
1991-03-07,264.565002
1991-03-08,262.859985
1991-03-11,255.179993
1991-03-12,250.669998
1991-03-13,257.070007
1991-03-14,255.794998
1991-03-15,254.630005
1991-03-18,255.625
1991-03-19,253.850006
1991-03-20,256.089996
1991-03-21,252.970001
1991-03-22,252.270004
1991-03-25,255.774994
1991-03-26,264.670013
1991-03-27,266.554993
1991-03-28,264.904999
1991-04-01,264.595001
1991-04-02,273.850006
1991-04-03,275.149994
1991-04-04,277.285004
1991-04-05,275.440002
1991-04-08,275.654999
1991-04-09,272.934998
1991-04-10,271.065002
1991-04-11,278.450012
1991-04-12,279.204987
1991-04-15,278.290009
1991-04-16,282.029999
1991-04-17,283.38501
1991-04-18,277.779999
1991-04-19,274.005005
1991-04-22,271.325012
1991-04-23,272.144989
1991-04-24,274.535004
1991-04-25,271.964996
1991-04-26,271.299988
1991-04-29,266.144989
1991-04-30,263.654999
1991-05-01,264.220001
1991-05-02,266.515015
1991-05-03,267.109985
1991-05-06,267.329987
1991-05-07,266.244995
1991-05-08,267.165009
1991-05-09,271.23999
1991-05-10,268.709991
1991-05-13,268.98999
1991-05-14,266.089996
1991-05-15,258.109985
1991-05-16,260.695007
1991-05-17,260.464996
1991-05-20,258.619995
1991-05-21,261.255005
1991-05-22,265.690002
1991-05-23,267.174988
1991-05-24,269.505005
1991-05-28,273.375
1991-05-29,274.359985
1991-05-30,277.23999
1991-05-31,279.0
1991-06-03,280.934998
1991-06-04,281.130005
1991-06-05,277.36499
1991-06-06,274.209991
1991-06-07,270.570007
1991-06-10,268.375
1991-06-11,269.255005
1991-06-12,265.290009
1991-06-13,264.790009
1991-06-14,267.799988
1991-06-17,267.570007
1991-06-18,265.480011
1991-06-19,260.269989
1991-06-20,260.559998
1991-06-21,260.279999
1991-06-24,250.884995
1991-06-25,250.994995
1991-06-26,252.449997
1991-06-27,255.255005
1991-06-28,254.195007
1991-07-01,259.119995
1991-07-02,256.089996
1991-07-03,252.425003
1991-07-05,251.975006
1991-07-08,258.929993
1991-07-09,260.679993
1991-07-10,263.325012
1991-07-11,263.839996
1991-07-12,267.440002
1991-07-15,268.899994
1991-07-16,264.475006
1991-07-17,263.380005
1991-07-18,266.234985
1991-07-19,266.924988
1991-07-22,264.339996
1991-07-23,259.320007
1991-07-24,257.855011
1991-07-25,261.200012
1991-07-26,264.220001
1991-07-29,264.625
1991-07-30,269.315002
1991-07-31,272.154999
1991-08-01,274.23999
1991-08-02,275.470001
1991-08-05,272.160004
1991-08-06,274.73999
1991-08-07,276.540009
1991-08-08,278.76001
1991-08-09,278.154999
1991-08-12,280.25
1991-08-13,282.470001
1991-08-14,284.725006
1991-08-15,281.809998
1991-08-16,279.51001
1991-08-19,271.959991
1991-08-20,274.200012
1991-08-21,286.065002
1991-08-22,284.554993
1991-08-23,286.774994
1991-08-26,286.700012
1991-08-27,286.774994
1991-08-28,289.875
1991-08-29,288.589996
1991-08-30,287.404999
1991-09-03,284.329987
1991-09-04,281.815002
1991-09-05,280.734985
1991-09-06,279.964996
1991-09-09,281.339996
1991-09-10,276.38501
1991-09-11,279.654999
1991-09-12,285.549988
1991-09-13,279.494995
1991-09-16,278.575012
1991-09-17,278.089996
1991-09-18,281.035004
1991-09-19,283.51001
1991-09-20,286.63501
1991-09-23,284.86499
1991-09-24,287.345001
1991-09-25,288.98999
1991-09-26,287.915009
1991-09-27,285.940002
1991-09-30,287.535004
1991-10-01,288.369995
1991-10-02,285.059998
1991-10-03,280.410004
1991-10-04,280.515015
1991-10-07,278.894989
1991-10-08,280.024994
1991-10-09,276.51001
1991-10-10,279.11499
1991-10-11,281.5
1991-10-14,287.165009
1991-10-15,293.309998
1991-10-16,297.654999
1991-10-17,292.464996
1991-10-18,293.109985
1991-10-21,290.859985
1991-10-22,290.785004
1991-10-23,289.345001
1991-10-24,285.649994
1991-10-25,282.940002
1991-10-28,286.375
1991-10-29,290.084991
1991-10-30,294.720001
1991-10-31,292.505005
1991-11-01,290.005005
1991-11-04,286.934998
1991-11-05,289.049988
1991-11-06,289.429993
1991-11-07,292.875
1991-11-08,295.549988
1991-11-11,297.845001
1991-11-12,301.964996
1991-11-13,302.829987
1991-11-14,301.045013
1991-11-15,284.519989
1991-11-18,288.589996
1991-11-19,284.390015
1991-11-20,285.204987
1991-11-21,288.609985
1991-11-22,286.320007
1991-11-25,283.015015
1991-11-26,284.130005
1991-11-27,285.225006
1991-11-29,284.790009
1991-12-02,293.929993
1991-12-03,293.945007
1991-12-04,295.109985
1991-12-05,294.334991
1991-12-06,296.140015
1991-12-09,295.769989
1991-12-10,296.325012
1991-12-11,294.839996
1991-12-12,297.975006
1991-12-13,301.329987
1991-12-16,303.019989
1991-12-17,298.88501
1991-12-18,299.609985
1991-12-19,294.529999
1991-12-20,295.820007
1991-12-23,303.295013
1991-12-24,307.084991
1991-12-26,313.679993
1991-12-27,316.774994
1991-12-30,326.734985
1991-12-31,330.855011
1992-01-02,333.36499
1992-01-03,334.825012
1992-01-06,336.894989
1992-01-07,339.644989
1992-01-08,344.290009
1992-01-09,350.320007
1992-01-10,347.109985
1992-01-13,348.265015
1992-01-14,352.589996
1992-01-15,355.595001
1992-01-16,351.915009
1992-01-17,349.730011
1992-01-20,341.809998
1992-01-21,328.040009
1992-01-22,346.320007
1992-01-23,346.075012
1992-01-24,345.454987
1992-01-27,340.480011
1992-01-28,340.845001
1992-01-29,337.290009
1992-01-30,338.38501
1992-01-31,338.315002
1992-02-03,341.380005
1992-02-04,346.915009
1992-02-05,350.859985
1992-02-06,349.070007
1992-02-07,346.804993
1992-02-10,345.234985
1992-02-11,344.404999
1992-02-12,355.975006
1992-02-13,349.809998
1992-02-14,346.695007
1992-02-18,338.545013
1992-02-19,338.059998
1992-02-20,345.334991
1992-02-21,342.390015
1992-02-24,338.964996
1992-02-25,338.329987
1992-02-26,347.809998
1992-02-27,347.390015
1992-02-28,345.880005
1992-03-02,346.63501
1992-03-03,345.704987
1992-03-04,341.609985
1992-03-05,337.519989
1992-03-06,333.0
1992-03-09,333.315002
1992-03-10,340.320007
1992-03-11,335.045013
1992-03-12,334.829987
1992-03-13,336.470001
1992-03-16,338.274994
1992-03-17,342.920013
1992-03-18,342.625
1992-03-19,342.549988
1992-03-20,340.86499
1992-03-23,339.035004
1992-03-24,336.934998
1992-03-25,337.654999
1992-03-26,333.295013
1992-03-27,324.220001
1992-03-30,322.350006
1992-03-31,323.049988
1992-04-01,323.915009
1992-04-02,317.665009
1992-04-03,316.38501
1992-04-06,324.549988
1992-04-07,312.954987
1992-04-08,310.850006
1992-04-09,319.535004
1992-04-10,312.984985
1992-04-13,317.149994
1992-04-14,320.549988
1992-04-15,326.070007
1992-04-16,319.234985
1992-04-20,307.875
1992-04-21,305.625
1992-04-22,309.540009
1992-04-23,307.519989
1992-04-24,303.815002
1992-04-27,299.649994
1992-04-28,294.625
1992-04-29,302.975006
1992-04-30,307.859985
1992-05-01,307.475006
1992-05-04,310.714996
1992-05-05,314.769989
1992-05-06,315.105011
1992-05-07,312.725006
1992-05-08,311.265015
1992-05-11,311.899994
1992-05-12,310.040009
1992-05-13,308.75
1992-05-14,304.545013
1992-05-15,303.015015
1992-05-18,304.575012
1992-05-19,306.410004
1992-05-20,309.549988
1992-05-21,307.940002
1992-05-22,308.380005
1992-05-26,305.894989
1992-05-27,308.075012
1992-05-28,311.980011
1992-05-29,315.295013
1992-06-01,318.980011
1992-06-02,317.234985
1992-06-03,317.339996
1992-06-04,315.934998
1992-06-05,313.244995
1992-06-08,310.230011
1992-06-09,304.855011
1992-06-10,302.600006
1992-06-11,302.575012
1992-06-12,304.109985
1992-06-15,303.86499
1992-06-16,299.204987
1992-06-17,293.399994
1992-06-18,291.934998
1992-06-19,296.86499
1992-06-22,295.244995
1992-06-23,297.445007
1992-06-24,295.290009
1992-06-25,291.255005
1992-06-26,290.029999
1992-06-29,300.795013
1992-06-30,301.230011
1992-07-01,306.029999
1992-07-02,300.875
1992-07-06,302.399994
1992-07-07,296.265015
1992-07-08,297.559998
1992-07-09,302.190002
1992-07-10,302.834991
1992-07-13,304.980011
1992-07-14,309.244995
1992-07-15,309.390015
1992-07-16,311.279999
1992-07-17,305.540009
1992-07-20,300.445007
1992-07-21,305.100006
1992-07-22,301.170013
1992-07-23,302.494995
1992-07-24,303.424988
1992-07-27,301.839996
1992-07-28,306.755005
1992-07-29,310.105011
1992-07-30,310.934998
1992-07-31,310.894989
1992-08-03,312.75
1992-08-04,311.075012
1992-08-05,306.584991
1992-08-06,304.559998
1992-08-07,303.315002
1992-08-10,304.230011
1992-08-11,302.51001
1992-08-12,300.954987
1992-08-13,301.274994
1992-08-14,302.230011
1992-08-17,300.38501
1992-08-18,300.440002
1992-08-19,298.315002
1992-08-20,299.424988
1992-08-21,295.690002
1992-08-24,290.714996
1992-08-25,292.084991
1992-08-26,296.204987
1992-08-27,299.459991
1992-08-28,299.13501
1992-08-31,299.26001
1992-09-01,301.970001
1992-09-02,306.565002
1992-09-03,308.170013
1992-09-04,306.394989
1992-09-08,305.769989
1992-09-09,309.98999
1992-09-10,314.815002
1992-09-11,315.190002
1992-09-14,324.630005
1992-09-15,319.88501
1992-09-16,318.445007
1992-09-17,319.234985
1992-09-18,319.910004
1992-09-21,319.255005
1992-09-22,314.274994
1992-09-23,315.815002
1992-09-24,317.535004
1992-09-25,310.225006
1992-09-28,307.869995
1992-09-29,310.649994
1992-09-30,313.184998
1992-10-01,309.035004
1992-10-02,304.390015
1992-10-05,303.684998
1992-10-06,307.959991
1992-10-07,305.380005
1992-10-08,308.350006
1992-10-09,305.630005
1992-10-12,308.105011
1992-10-13,310.130005
1992-10-14,309.584991
1992-10-15,312.13501
1992-10-16,316.38501
1992-10-19,322.785004
1992-10-20,323.380005
1992-10-21,326.070007
1992-10-22,326.095001
1992-10-23,325.440002
1992-10-26,327.170013
1992-10-27,323.924988
1992-10-28,326.674988
1992-10-29,331.089996
1992-10-30,329.154999
1992-11-02,330.329987
1992-11-03,325.964996
1992-11-04,327.76001
1992-11-05,336.48999
1992-11-06,338.144989
1992-11-09,340.584991
1992-11-10,344.390015
1992-11-11,347.855011
1992-11-12,346.799988
1992-11-13,348.48999
1992-11-16,344.630005
1992-11-17,338.230011
1992-11-18,344.309998
1992-11-19,346.755005
1992-11-20,348.804993
1992-11-23,343.440002
1992-11-24,349.975006
1992-11-25,349.660004
1992-11-27,349.315002
1992-11-30,350.959991
1992-12-01,352.670013
1992-12-02,351.570007
1992-12-03,354.790009
1992-12-04,358.399994
1992-12-07,361.834991
1992-12-08,360.575012
1992-12-09,357.815002
1992-12-10,354.554993
1992-12-11,350.894989
1992-12-14,349.404999
1992-12-15,346.945007
1992-12-16,348.950012
1992-12-17,356.845001
1992-12-18,357.894989
1992-12-21,359.334991
1992-12-22,355.640015
1992-12-23,356.494995
1992-12-24,357.559998
1992-12-28,359.065002
1992-12-29,359.809998
1992-12-30,359.934998
1992-12-31,360.184998
1993-01-04,356.369995
1993-01-05,360.234985
1993-01-06,366.970001
1993-01-07,364.015015
1993-01-08,365.540009
1993-01-11,370.804993
1993-01-12,367.904999
1993-01-13,375.850006
1993-01-14,381.339996
1993-01-15,379.234985
1993-01-18,378.755005
1993-01-19,376.019989
1993-01-20,375.730011
1993-01-21,379.339996
1993-01-22,377.820007
1993-01-25,381.054993
1993-01-26,379.375
1993-01-27,372.609985
1993-01-28,370.665009
1993-01-29,370.559998
1993-02-01,375.475006
1993-02-02,377.440002
1993-02-03,376.535004
1993-02-04,374.244995
1993-02-05,369.0
1993-02-08,365.725006
1993-02-09,362.950012
1993-02-10,367.299988
1993-02-11,366.325012
1993-02-12,361.190002
1993-02-16,346.890015
1993-02-17,345.910004
1993-02-18,348.279999
1993-02-19,347.915009
1993-02-22,340.350006
1993-02-23,341.23999
1993-02-24,350.125
1993-02-25,351.665009
1993-02-26,351.140015
1993-03-01,349.095001
1993-03-02,356.209991
1993-03-03,359.959991
1993-03-04,355.529999
1993-03-05,355.565002
1993-03-08,359.440002
1993-03-09,359.399994
1993-03-10,361.26001
1993-03-11,361.734985
1993-03-12,362.649994
1993-03-15,364.315002
1993-03-16,363.609985
1993-03-17,355.654999
1993-03-18,355.5
1993-03-19,351.554993
1993-03-22,349.415009
1993-03-23,348.13501
1993-03-24,348.505005
1993-03-25,354.375
1993-03-26,352.644989
1993-03-29,351.404999
1993-03-30,357.720001
1993-03-31,359.420013
1993-04-01,354.334991
1993-04-02,341.179993
1993-04-05,344.704987
1993-04-06,340.554993
1993-04-07,345.184998
1993-04-08,341.559998
1993-04-12,349.005005
1993-04-13,345.869995
1993-04-14,346.48999
1993-04-15,343.894989
1993-04-16,340.649994
1993-04-19,337.454987
1993-04-20,339.059998
1993-04-21,340.195007
1993-04-22,338.480011
1993-04-23,333.660004
1993-04-26,327.279999
1993-04-27,334.600006
1993-04-28,339.660004
1993-04-29,338.980011
1993-04-30,339.945007
1993-05-03,344.970001
1993-05-04,353.279999
1993-05-05,355.345001
1993-05-06,351.714996
1993-05-07,353.230011
1993-05-10,354.845001
1993-05-11,353.005005
1993-05-12,350.959991
1993-05-13,347.709991
1993-05-14,349.799988
1993-05-17,352.670013
1993-05-18,356.0
1993-05-19,364.674988
1993-05-20,370.454987
1993-05-21,366.670013
1993-05-24,367.089996
1993-05-25,366.220001
1993-05-26,374.345001
1993-05-27,372.730011
1993-05-28,368.109985
1993-06-01,372.529999
1993-06-02,372.684998
1993-06-03,372.059998
1993-06-04,368.625
1993-06-07,364.355011
1993-06-08,360.73999
1993-06-09,360.25
1993-06-10,359.549988
1993-06-11,363.075012
1993-06-14,367.144989
1993-06-15,366.975006
1993-06-16,365.015015
1993-06-17,364.01001
1993-06-18,357.959991
1993-06-21,357.86499
1993-06-22,356.200012
1993-06-23,354.934998
1993-06-24,357.825012
1993-06-25,362.225006
1993-06-28,368.450012
1993-06-29,365.959991
1993-06-30,366.125
1993-07-01,363.730011
1993-07-02,364.214996
1993-07-06,360.795013
1993-07-07,357.86499
1993-07-08,360.700012
1993-07-09,362.459991
1993-07-12,362.869995
1993-07-13,361.980011
1993-07-14,363.73999
1993-07-15,360.464996
1993-07-16,351.070007
1993-07-19,349.059998
1993-07-20,355.76001
1993-07-21,352.63501
1993-07-22,348.350006
1993-07-23,353.204987
1993-07-26,356.404999
1993-07-27,352.015015
1993-07-28,356.809998
1993-07-29,357.329987
1993-07-30,352.86499
1993-08-02,355.25
1993-08-03,356.230011
1993-08-04,360.11499
1993-08-05,362.410004
1993-08-06,363.144989
1993-08-09,362.295013
1993-08-10,358.644989
1993-08-11,359.734985
1993-08-12,359.404999
1993-08-13,360.454987
1993-08-16,370.600006
1993-08-17,374.160004
1993-08-18,375.815002
1993-08-19,370.265015
1993-08-20,370.869995
1993-08-23,370.48999
1993-08-24,371.0
1993-08-25,367.954987
1993-08-26,364.670013
1993-08-27,366.5
1993-08-30,369.304993
1993-08-31,372.649994
1993-09-01,374.160004
1993-09-02,374.565002
1993-09-03,373.704987
1993-09-07,366.679993
1993-09-08,364.845001
1993-09-09,368.299988
1993-09-10,370.63501
1993-09-13,367.589996
1993-09-14,364.195007
1993-09-15,367.320007
1993-09-16,365.73999
1993-09-17,366.184998
1993-09-20,367.454987
1993-09-21,365.644989
1993-09-22,374.0
1993-09-23,377.065002
1993-09-24,378.040009
1993-09-27,382.505005
1993-09-28,386.019989
1993-09-29,386.890015
1993-09-30,382.714996
1993-10-01,382.809998
1993-10-04,384.295013
1993-10-05,381.274994
1993-10-06,380.420013
1993-10-07,377.994995
1993-10-08,381.315002
1993-10-11,380.654999
1993-10-12,382.565002
1993-10-13,386.299988
1993-10-14,391.984985
1993-10-15,392.450012
1993-10-18,389.850006
1993-10-19,382.730011
1993-10-20,383.929993
1993-10-21,387.355011
1993-10-22,388.190002
1993-10-25,387.404999
1993-10-26,384.600006
1993-10-27,390.25
1993-10-28,389.244995
1993-10-29,390.984985
1993-11-01,395.029999
1993-11-02,395.320007
1993-11-03,387.929993
1993-11-04,377.464996
1993-11-05,383.63501
1993-11-08,384.850006
1993-11-09,385.915009
1993-11-10,392.984985
1993-11-11,394.660004
1993-11-12,395.174988
1993-11-15,391.119995
1993-11-16,393.375
1993-11-17,385.795013
1993-11-18,381.73999
1993-11-19,380.565002
1993-11-22,373.369995
1993-11-23,381.220001
1993-11-24,385.035004
1993-11-26,386.315002
1993-11-29,383.184998
1993-11-30,386.76001
1993-12-01,392.945007
1993-12-02,396.165009
1993-12-03,401.774994
1993-12-06,399.005005
1993-12-07,396.984985
1993-12-08,394.809998
1993-12-09,387.25
1993-12-10,386.959991
1993-12-13,387.779999
1993-12-14,382.829987
1993-12-15,384.945007
1993-12-16,386.179993
1993-12-17,389.035004
1993-12-20,389.720001
1993-12-21,388.51001
1993-12-22,388.404999
1993-12-23,390.320007
1993-12-27,391.839996
1993-12-28,394.73999
1993-12-29,395.380005
1993-12-30,397.725006
1993-12-31,398.279999
1994-01-03,395.529999
1994-01-04,398.190002
1994-01-05,401.070007
1994-01-06,404.209991
1994-01-07,404.779999
1994-01-10,408.910004
1994-01-11,407.850006
1994-01-12,408.470001
1994-01-13,408.0
1994-01-14,411.75
1994-01-17,410.790009
1994-01-18,410.950012
1994-01-19,406.380005
1994-01-20,411.529999
1994-01-21,411.589996
1994-01-24,409.230011
1994-01-25,406.480011
1994-01-26,407.190002
1994-01-27,409.929993
1994-01-28,412.519989
1994-01-31,413.98999
1994-02-01,410.220001
1994-02-02,411.779999
1994-02-03,410.049988
1994-02-04,397.480011
1994-02-07,399.619995
1994-02-08,401.459991
1994-02-09,403.910004
1994-02-10,401.309998
1994-02-11,401.829987
1994-02-14,405.109985
1994-02-15,408.279999
1994-02-16,408.73999
1994-02-17,407.390015
1994-02-18,407.940002
1994-02-22,410.480011
1994-02-23,408.910004
1994-02-24,402.790009
1994-02-25,406.450012
1994-02-28,412.170013
1994-03-01,409.690002
1994-03-02,408.179993
1994-03-03,408.170013
1994-03-04,411.98999
1994-03-07,415.299988
1994-03-08,411.970001
1994-03-09,413.079987
1994-03-10,409.769989
1994-03-11,409.429993
1994-03-14,412.929993
1994-03-15,412.829987
1994-03-16,415.309998
1994-03-17,418.450012
1994-03-18,417.519989
1994-03-21,412.98999
1994-03-22,410.670013
1994-03-23,410.5
1994-03-24,403.920013
1994-03-25,399.859985
1994-03-28,393.920013
1994-03-29,383.0
1994-03-30,380.25
1994-03-31,382.959991
1994-04-04,375.420013
1994-04-05,389.309998
1994-04-06,388.76001
1994-04-07,390.970001
1994-04-08,384.899994
1994-04-11,383.850006
1994-04-12,375.459991
1994-04-13,367.25
1994-04-14,365.649994
1994-04-15,366.290009
1994-04-18,360.459991
1994-04-19,357.359985
1994-04-20,355.380005
1994-04-21,367.019989
1994-04-22,369.079987
1994-04-25,374.790009
1994-04-26,375.459991
1994-04-28,372.450012
1994-04-29,373.25
1994-05-02,379.820007
1994-05-03,377.070007
1994-05-04,377.529999
1994-05-05,378.230011
1994-05-06,374.570007
1994-05-09,368.0
1994-05-10,370.019989
1994-05-11,365.179993
1994-05-12,366.640015
1994-05-13,364.820007
1994-05-16,360.48999
1994-05-17,360.5
1994-05-18,368.589996
1994-05-19,371.709991
1994-05-20,370.369995
1994-05-23,369.890015
1994-05-24,377.0
1994-05-25,378.23999
1994-05-26,375.799988
1994-05-27,376.809998
1994-05-31,378.850006
1994-06-01,379.230011
1994-06-02,380.660004
1994-06-03,382.779999
1994-06-06,382.799988
1994-06-07,379.98999
1994-06-08,371.0
1994-06-09,370.299988
1994-06-10,374.640015
1994-06-13,371.880005
1994-06-14,377.380005
1994-06-15,377.779999
1994-06-16,377.799988
1994-06-17,371.940002
1994-06-20,367.829987
1994-06-21,360.980011
1994-06-22,363.230011
1994-06-23,353.48999
1994-06-24,351.76001
1994-06-27,361.160004
1994-06-28,362.049988
1994-06-29,362.730011
1994-06-30,360.299988
1994-07-01,360.029999
1994-07-05,356.910004
1994-07-06,353.619995
1994-07-07,359.230011
1994-07-08,359.309998
1994-07-11,358.790009
1994-07-12,361.309998
1994-07-13,369.140015
1994-07-14,367.519989
1994-07-15,367.23999
1994-07-18,368.179993
1994-07-19,364.720001
1994-07-20,359.529999
1994-07-21,362.209991
1994-07-22,365.059998
1994-07-25,366.109985
1994-07-26,364.01001
1994-07-27,361.809998
1994-07-28,362.140015
1994-07-29,370.160004
1994-08-01,373.579987
1994-08-02,372.779999
1994-08-03,370.480011
1994-08-04,367.549988
1994-08-05,367.149994
1994-08-08,368.890015
1994-08-09,370.660004
1994-08-10,373.929993
1994-08-11,374.48999
1994-08-12,376.959991
1994-08-15,377.079987
1994-08-16,380.529999
1994-08-17,386.899994
1994-08-18,385.630005
1994-08-19,384.119995
1994-08-22,382.809998
1994-08-23,386.73999
1994-08-24,388.440002
1994-08-25,391.48999
1994-08-26,399.26001
1994-08-29,398.440002
1994-08-30,401.73999
1994-08-31,397.899994
1994-09-01,391.609985
1994-09-02,391.410004
1994-09-06,393.690002
1994-09-07,397.049988
1994-09-08,400.75
1994-09-09,394.839996
1994-09-12,391.670013
1994-09-13,396.690002
1994-09-14,397.790009
1994-09-15,407.100006
1994-09-16,404.470001
1994-09-19,403.880005
1994-09-20,396.850006
1994-09-21,393.709991
1994-09-22,393.549988
1994-09-23,390.200012
1994-09-26,388.899994
1994-09-27,389.329987
1994-09-28,391.970001
1994-09-29,391.220001
1994-09-30,393.850006
1994-10-03,392.720001
1994-10-04,382.709991
1994-10-05,386.98999
1994-10-06,382.850006
1994-10-07,387.359985
1994-10-10,392.850006
1994-10-11,400.290009
1994-10-12,399.850006
1994-10-13,399.859985
1994-10-14,398.799988
1994-10-17,396.850006
1994-10-18,398.0
1994-10-19,403.730011
1994-10-20,402.98999
1994-10-21,400.519989
1994-10-24,398.790009
1994-10-25,398.480011
1994-10-26,403.829987
1994-10-27,405.619995
1994-10-28,411.839996
1994-10-31,413.049988
1994-11-01,410.059998
1994-11-02,408.910004
1994-11-03,408.170013
1994-11-04,401.459991
1994-11-07,400.190002
1994-11-08,407.440002
1994-11-09,408.320007
1994-11-10,406.119995
1994-11-11,404.779999
1994-11-14,412.170013
1994-11-15,411.779999
1994-11-16,412.720001
1994-11-17,410.980011
1994-11-18,412.429993
1994-11-21,409.279999
1994-11-22,397.929993
1994-11-23,397.170013
1994-11-25,401.170013
1994-11-28,403.820007
1994-11-29,409.100006
1994-11-30,404.820007
1994-12-01,397.660004
1994-12-02,402.040009
1994-12-05,402.709991
1994-12-06,399.980011
1994-12-07,395.75
1994-12-08,386.299988
1994-12-09,388.630005
1994-12-12,388.880005
1994-12-13,387.529999
1994-12-14,391.649994
1994-12-15,393.700012
1994-12-16,392.01001
1994-12-19,390.420013
1994-12-20,390.609985
1994-12-21,397.799988
1994-12-22,399.799988
1994-12-23,401.149994
1994-12-27,404.029999
1994-12-28,400.26001
1994-12-29,406.309998
1994-12-30,404.269989
1995-01-03,398.0
1995-01-04,399.649994
1995-01-05,398.019989
1995-01-06,401.589996
1995-01-09,403.529999
1995-01-10,407.570007
1995-01-11,407.100006
1995-01-12,407.320007
1995-01-13,410.480011
1995-01-16,413.649994
1995-01-17,416.890015
1995-01-18,419.26001
1995-01-19,417.829987
1995-01-20,410.130005
1995-01-23,411.890015
1995-01-24,413.600006
1995-01-25,410.869995
1995-01-26,406.5
1995-01-27,407.220001
1995-01-30,401.709991
1995-01-31,405.329987
1995-02-01,407.059998
1995-02-02,411.149994
1995-02-03,416.140015
1995-02-06,420.929993
1995-02-07,420.570007
1995-02-08,425.660004
1995-02-09,426.429993
1995-02-10,430.769989
1995-02-13,428.769989
1995-02-14,429.809998
1995-02-15,432.48999
1995-02-16,430.859985
1995-02-17,425.660004
1995-02-21,424.820007
1995-02-22,429.209991
1995-02-23,431.029999
1995-02-24,428.420013
1995-02-27,424.75
1995-02-28,432.5
1995-03-01,429.799988
1995-03-02,431.679993
1995-03-03,436.679993
1995-03-06,437.23999
1995-03-07,432.119995
1995-03-08,437.01001
1995-03-09,437.019989
1995-03-10,441.76001
1995-03-13,440.820007
1995-03-14,446.269989
1995-03-15,443.570007
1995-03-16,444.679993
1995-03-17,443.940002
1995-03-20,446.609985
1995-03-21,447.130005
1995-03-22,447.130005
1995-03-23,448.820007
1995-03-24,455.429993
1995-03-27,457.119995
1995-03-28,460.540009
1995-03-29,451.869995
1995-03-30,448.420013
1995-03-31,447.149994
1995-04-03,448.48999
1995-04-04,441.859985
1995-04-05,444.660004
1995-04-06,439.920013
1995-04-07,444.01001
1995-04-10,449.359985
1995-04-11,453.329987
1995-04-12,456.980011
1995-04-13,458.929993
1995-04-17,457.059998
1995-04-18,453.429993
1995-04-19,447.059998
1995-04-20,449.01001
1995-04-21,451.339996
1995-04-24,456.410004
1995-04-25,459.100006
1995-04-26,463.029999
1995-04-27,465.339996
1995-04-28,469.559998
1995-05-01,466.049988
1995-05-02,465.380005
1995-05-03,474.929993
1995-05-04,474.100006
1995-05-05,470.299988
1995-05-08,476.779999
1995-05-09,476.0
1995-05-10,472.880005
1995-05-11,479.570007
1995-05-12,483.190002
1995-05-15,486.339996
1995-05-16,491.040009
1995-05-17,494.690002
1995-05-18,488.019989
1995-05-19,489.869995
1995-05-22,495.089996
1995-05-23,503.119995
1995-05-24,500.5
1995-05-25,501.660004
1995-05-26,496.059998
1995-05-30,482.079987
1995-05-31,488.100006
1995-06-01,490.959991
1995-06-02,492.649994
1995-06-05,500.809998
1995-06-06,495.119995
1995-06-07,497.149994
1995-06-08,500.859985
1995-06-09,500.410004
1995-06-12,501.690002
1995-06-13,505.320007
1995-06-14,506.089996
1995-06-15,511.98999
1995-06-16,517.570007
1995-06-19,530.530029
1995-06-20,539.549988
1995-06-21,535.52002
1995-06-22,546.059998
1995-06-23,544.659973
1995-06-26,536.48999
1995-06-27,527.840027
1995-06-28,530.650024
1995-06-29,536.210022
1995-06-30,538.030029
1995-07-03,538.969971
1995-07-05,543.390015
1995-07-06,553.869995
1995-07-07,567.559998
1995-07-10,573.559998
1995-07-11,563.97998
1995-07-12,579.710022
1995-07-13,583.25
1995-07-14,589.849976
1995-07-17,596.909973
1995-07-18,578.460022
1995-07-19,547.119995
1995-07-20,550.330017
1995-07-21,547.780029
1995-07-24,562.640015
1995-07-25,572.710022
1995-07-26,576.840027
1995-07-27,584.25
1995-07-28,574.179993
1995-07-31,568.880005
1995-08-01,559.210022
1995-08-02,551.559998
1995-08-03,553.059998
1995-08-04,560.580017
1995-08-07,563.650024
1995-08-08,565.710022
1995-08-09,575.48999
1995-08-10,569.75
1995-08-11,575.640015
1995-08-14,584.72998
1995-08-15,584.049988
1995-08-16,596.429993
1995-08-17,596.280029
1995-08-18,595.52002
1995-08-21,578.890015
1995-08-22,589.25
1995-08-23,591.320007
1995-08-24,583.159973
1995-08-25,580.099976
1995-08-28,566.049988
1995-08-29,566.820007
1995-08-30,572.830017
1995-08-31,576.77002
1995-09-01,573.210022
1995-09-05,595.359985
1995-09-06,594.119995
1995-09-07,599.140015
1995-09-08,604.27002
1995-09-11,609.75
1995-09-12,605.98999
1995-09-13,607.700012
1995-09-14,604.119995
1995-09-15,589.01001
1995-09-18,591.130005
1995-09-19,601.02002
1995-09-20,603.190002
1995-09-21,594.849976
1995-09-22,592.640015
1995-09-25,587.929993
1995-09-26,580.77002
1995-09-27,576.219971
1995-09-28,595.440002
1995-09-29,585.080017
1995-10-02,573.869995
1995-10-03,573.159973
1995-10-04,558.98999
1995-10-05,572.75
1995-10-06,567.419983
1995-10-09,546.929993
1995-10-10,550.76001
1995-10-11,564.330017
1995-10-12,573.099976
1995-10-13,570.0
1995-10-16,568.460022
1995-10-17,589.429993
1995-10-18,597.969971
1995-10-19,601.26001
1995-10-20,591.880005
1995-10-23,593.27002
1995-10-24,594.22998
1995-10-25,584.330017
1995-10-26,582.469971
1995-10-27,593.530029
1995-10-30,607.099976
1995-10-31,598.780029
1995-11-01,600.909973
1995-11-02,614.690002
1995-11-03,621.710022
1995-11-06,615.719971
1995-11-07,596.22998
1995-11-08,598.719971
1995-11-09,616.950012
1995-11-10,613.609985
1995-11-13,608.320007
1995-11-14,591.679993
1995-11-15,593.47998
1995-11-16,591.700012
1995-11-17,588.809998
1995-11-20,571.669983
1995-11-21,574.219971
1995-11-22,569.039978
1995-11-24,578.320007
1995-11-27,573.909973
1995-11-28,598.0
1995-11-29,599.580017
1995-11-30,593.719971
1995-12-01,587.02002
1995-12-04,598.0
1995-12-05,591.22998
1995-12-06,589.97998
1995-12-07,587.130005
1995-12-08,599.380005
1995-12-11,596.109985
1995-12-12,585.039978
1995-12-13,587.539978
1995-12-14,566.289978
1995-12-15,563.280029
1995-12-18,548.039978
1995-12-19,575.01001
1995-12-20,565.150024
1995-12-21,580.76001
1995-12-22,585.179993
1995-12-26,585.090027
1995-12-27,580.369995
1995-12-28,571.960022
1995-12-29,576.22998
1996-01-02,585.940002
1996-01-03,572.289978
1996-01-04,563.47998
1996-01-05,565.140015
1996-01-08,563.150024
1996-01-09,534.419983
1996-01-10,535.289978
1996-01-11,555.200012
1996-01-12,552.710022
1996-01-15,534.440002
1996-01-16,546.049988
1996-01-17,545.51001
1996-01-18,554.320007
1996-01-19,564.640015
1996-01-22,571.25
1996-01-23,567.349976
1996-01-24,582.140015
1996-01-25,572.26001
1996-01-26,577.049988
1996-01-29,576.22998
1996-01-30,583.98999
1996-01-31,591.820007
1996-02-01,601.880005
1996-02-02,601.419983
1996-02-05,615.469971
1996-02-06,619.200012
1996-02-07,615.070007
1996-02-08,623.799988
1996-02-09,623.01001
1996-02-12,625.289978
1996-02-13,618.539978
1996-02-14,617.590027
1996-02-15,620.22998
1996-02-16,619.039978
1996-02-20,616.830017
1996-02-21,627.280029
1996-02-22,643.409973
1996-02-23,642.590027
1996-02-26,637.919983
1996-02-27,631.099976
1996-02-28,631.440002
1996-02-29,622.830017
1996-03-01,604.76001
1996-03-04,601.5
1996-03-05,615.880005
1996-03-06,607.840027
1996-03-07,609.549988
1996-03-08,591.710022
1996-03-11,605.47998
1996-03-12,599.02002
1996-03-13,614.75
1996-03-14,610.559998
1996-03-15,621.710022
1996-03-18,633.26001
1996-03-19,629.390015
1996-03-20,615.26001
1996-03-21,611.51001
1996-03-22,612.880005
1996-03-25,597.820007
1996-03-26,602.080017
1996-03-27,608.059998
1996-03-28,608.080017
1996-03-29,609.690002
1996-04-01,612.98999
1996-04-02,615.809998
1996-04-03,618.570007
1996-04-04,618.0
1996-04-08,610.609985
1996-04-09,611.059998
1996-04-10,609.109985
1996-04-11,604.070007
1996-04-12,605.049988
1996-04-15,611.080017
1996-04-16,625.940002
1996-04-17,620.710022
1996-04-18,633.440002
1996-04-19,633.01001
1996-04-22,644.289978
1996-04-23,654.48999
1996-04-24,664.01001
1996-04-25,666.679993
1996-04-26,666.650024
1996-04-29,667.0
1996-04-30,666.72998
1996-05-01,673.359985
1996-05-02,656.72998
1996-05-03,661.070007
1996-05-06,662.929993
1996-05-07,660.820007
1996-05-08,663.530029
1996-05-09,662.539978
1996-05-10,672.539978
1996-05-13,688.52002
1996-05-14,695.429993
1996-05-15,690.159973
1996-05-16,695.25
1996-05-17,690.809998
1996-05-20,693.27002
1996-05-21,687.859985
1996-05-22,688.429993
1996-05-23,692.090027
1996-05-24,688.909973
1996-05-28,685.070007
1996-05-29,677.090027
1996-05-30,684.039978
1996-05-31,692.390015
1996-06-03,689.25
1996-06-04,692.590027
1996-06-05,699.349976
1996-06-06,687.01001
1996-06-07,691.460022
1996-06-10,688.840027
1996-06-11,690.940002
1996-06-12,697.159973
1996-06-13,691.840027
1996-06-14,681.130005
1996-06-17,678.440002
1996-06-18,666.070007
1996-06-19,667.719971
1996-06-20,664.450012
1996-06-21,672.530029
1996-06-24,677.169983
1996-06-25,668.039978
1996-06-26,659.690002
1996-06-27,671.150024
1996-06-28,677.299988
1996-07-01,687.070007
1996-07-02,680.169983
1996-07-03,673.840027
1996-07-05,657.679993
1996-07-08,656.0
1996-07-09,660.76001
1996-07-10,657.450012
1996-07-11,635.780029
1996-07-12,635.059998
1996-07-15,606.890015
1996-07-16,614.25
1996-07-17,631.299988
1996-07-18,643.73999
1996-07-19,633.049988
1996-07-22,624.030029
1996-07-23,598.340027
1996-07-24,605.049988
1996-07-25,620.390015
1996-07-26,633.390015
1996-07-29,620.51001
1996-07-30,630.320007
1996-07-31,636.01001
1996-08-01,651.070007
1996-08-02,667.840027
1996-08-05,661.02002
1996-08-06,671.690002
1996-08-07,682.369995
1996-08-08,677.52002
1996-08-09,678.309998
1996-08-12,679.390015
1996-08-13,669.099976
1996-08-14,677.169983
1996-08-15,677.090027
1996-08-16,672.280029
1996-08-19,670.25
1996-08-20,662.869995
1996-08-21,667.419983
1996-08-22,681.630005
1996-08-23,677.570007
1996-08-26,672.919983
1996-08-27,679.049988
1996-08-28,679.669983
1996-08-29,671.099976
1996-08-30,663.570007
1996-09-03,669.289978
1996-09-04,669.200012
1996-09-05,652.320007
1996-09-06,664.219971
1996-09-09,671.97998
1996-09-10,671.650024
1996-09-11,675.119995
1996-09-12,685.650024
1996-09-13,707.859985
1996-09-16,709.219971
1996-09-17,722.5
1996-09-18,727.630005
1996-09-19,736.76001
1996-09-20,743.419983
1996-09-23,733.409973
1996-09-24,736.609985
1996-09-25,745.690002
1996-09-26,744.609985
1996-09-27,744.72998
1996-09-30,737.570007
1996-10-01,734.5
1996-10-02,747.549988
1996-10-03,743.280029
1996-10-04,759.119995
1996-10-07,764.820007
1996-10-08,753.23999
1996-10-09,753.969971
1996-10-10,751.440002
1996-10-11,765.640015
1996-10-14,771.98999
1996-10-15,775.080017
1996-10-16,767.640015
1996-10-17,755.799988
1996-10-18,756.830017
1996-10-21,746.280029
1996-10-22,736.640015
1996-10-23,749.700012
1996-10-24,748.409973
1996-10-25,743.549988
1996-10-28,741.640015
1996-10-29,731.210022
1996-10-30,736.359985
1996-10-31,751.98999
1996-11-01,755.51001
1996-11-04,756.22998
1996-11-05,769.909973
1996-11-06,786.900024
1996-11-07,795.419983
1996-11-08,798.659973
1996-11-11,804.719971
1996-11-12,794.090027
1996-11-13,798.700012
1996-11-14,809.75
1996-11-15,799.440002
1996-11-18,793.289978
1996-11-19,805.780029
1996-11-20,808.390015
1996-11-21,800.469971
1996-11-22,818.369995
1996-11-25,821.23999
1996-11-26,825.51001
1996-11-27,832.369995
1996-11-29,834.01001
1996-12-02,844.630005
1996-12-03,837.909973
1996-12-04,834.650024
1996-12-05,835.799988
1996-12-06,827.210022
1996-12-09,856.640015
1996-12-10,848.960022
1996-12-11,856.380005
1996-12-12,843.369995
1996-12-13,828.450012
1996-12-16,804.780029
1996-12-17,815.789978
1996-12-18,836.539978
1996-12-19,843.72998
1996-12-20,834.049988
1996-12-23,824.789978
1996-12-24,835.400024
1996-12-26,842.97998
1996-12-27,835.460022
1996-12-30,826.48999
1996-12-31,821.359985
1997-01-02,815.599976
1997-01-03,848.169983
1997-01-06,853.25
1997-01-07,864.549988
1997-01-08,853.090027
1997-01-09,856.950012
1997-01-10,865.580017
1997-01-13,864.380005
1997-01-14,881.380005
1997-01-15,864.289978
1997-01-16,873.630005
1997-01-17,883.440002
1997-01-20,899.780029
1997-01-21,913.72998
1997-01-22,925.52002
1997-01-23,912.73999
1997-01-24,898.369995
1997-01-27,889.820007
1997-01-28,890.789978
1997-01-29,892.460022
1997-01-30,911.710022
1997-01-31,921.549988
1997-02-03,918.01001
1997-02-04,916.299988
1997-02-05,887.390015
1997-02-06,885.52002
1997-02-07,899.840027
1997-02-10,872.059998
1997-02-11,871.710022
1997-02-12,900.5
1997-02-13,907.539978
1997-02-14,899.909973
1997-02-18,897.530029
1997-02-19,897.650024
1997-02-20,880.280029
1997-02-21,864.280029
1997-02-24,880.26001
1997-02-25,882.039978
1997-02-26,880.73999
1997-02-27,848.580017
1997-02-28,850.460022
1997-03-03,856.080017
1997-03-04,862.039978
1997-03-05,872.070007
1997-03-06,851.51001
1997-03-07,841.030029
1997-03-10,854.840027
1997-03-11,848.5
1997-03-12,839.320007
1997-03-13,840.5
1997-03-14,838.97998
1997-03-17,832.23999
1997-03-18,827.570007
1997-03-19,811.799988
1997-03-20,821.72998
1997-03-21,812.72998
1997-03-24,802.369995
1997-03-25,807.190002
1997-03-26,834.380005
1997-03-27,818.73999
1997-03-31,797.059998
1997-04-01,796.789978
1997-04-02,783.919983
1997-04-03,804.669983
1997-04-04,822.400024
1997-04-07,832.309998
1997-04-08,840.359985
1997-04-09,828.72998
1997-04-10,813.429993
1997-04-11,789.969971
1997-04-14,806.789978
1997-04-15,798.0
1997-04-16,798.679993
1997-04-17,808.219971
1997-04-18,816.429993
1997-04-21,802.5
1997-04-22,818.080017
1997-04-23,837.969971
1997-04-24,837.75
1997-04-25,818.570007
1997-04-28,829.390015
1997-04-29,856.26001
1997-04-30,874.73999
1997-05-01,882.119995
1997-05-02,909.48999
1997-05-05,932.890015
1997-05-06,914.900024
1997-05-07,909.289978
1997-05-08,919.309998
1997-05-09,919.080017
1997-05-12,924.640015
1997-05-13,910.570007
1997-05-14,909.919983
1997-05-15,931.830017
1997-05-16,915.289978
1997-05-19,913.570007
1997-05-20,942.109985
1997-05-21,950.530029
1997-05-22,946.099976
1997-05-23,959.080017
1997-05-27,984.609985
1997-05-28,982.599976
1997-05-29,970.539978
1997-05-30,958.849976
1997-06-02,958.690002
1997-06-03,929.809998
1997-06-04,921.960022
1997-06-05,930.609985
1997-06-06,944.98999
1997-06-09,954.76001
1997-06-10,941.179993
1997-06-11,949.0
1997-06-12,950.0
1997-06-13,964.400024
1997-06-16,975.98999
1997-06-17,989.369995
1997-06-18,971.549988
1997-06-19,981.950012
1997-06-20,981.409973
1997-06-23,969.059998
1997-06-24,986.419983
1997-06-25,979.219971
1997-06-26,967.340027
1997-06-27,963.01001
1997-06-30,957.299988
1997-07-01,953.440002
1997-07-02,975.929993
1997-07-03,986.52002
1997-07-07,991.039978
1997-07-08,1005.809998
1997-07-09,1010.099976
1997-07-10,1010.039978
1997-07-11,1015.619995
1997-07-14,1041.880005
1997-07-15,1059.02002
1997-07-16,1103.430054
1997-07-17,1094.849976
1997-07-18,1070.98999
1997-07-21,1058.449951
1997-07-22,1090.939941
1997-07-23,1092.060059
1997-07-24,1088.180054
1997-07-25,1085.390015
1997-07-28,1075.180054
1997-07-29,1087.920044
1997-07-30,1100.97998
1997-07-31,1107.030029
1997-08-01,1108.939941
1997-08-04,1124.079956
1997-08-05,1136.410034
1997-08-06,1141.819946
1997-08-07,1135.609985
1997-08-08,1115.02002
1997-08-11,1101.180054
1997-08-12,1090.780029
1997-08-13,1099.099976
1997-08-14,1103.51001
1997-08-15,1076.670044
1997-08-18,1089.550049
1997-08-19,1121.180054
1997-08-20,1145.069946
1997-08-21,1118.719971
1997-08-22,1110.910034
1997-08-25,1107.75
1997-08-26,1093.209961
1997-08-27,1091.890015
1997-08-28,1070.569946
1997-08-29,1074.050049
1997-09-02,1102.75
1997-09-03,1100.439941
1997-09-04,1105.819946
1997-09-05,1111.150024
1997-09-08,1117.819946
1997-09-09,1126.72998
1997-09-10,1102.949951
1997-09-11,1105.060059
1997-09-12,1106.069946
1997-09-15,1080.290039
1997-09-16,1116.52002
1997-09-17,1108.630005
1997-09-18,1109.290039
1997-09-19,1118.680054
1997-09-22,1123.650024
1997-09-23,1135.040039
1997-09-24,1115.880005
1997-09-25,1106.47998
1997-09-26,1106.819946
1997-09-29,1118.77002
1997-09-30,1097.160034
1997-10-01,1102.060059
1997-10-02,1112.839966
1997-10-03,1124.439941
1997-10-06,1125.930054
1997-10-07,1140.73999
1997-10-08,1145.339966
1997-10-09,1148.209961
1997-10-10,1137.77002
1997-10-13,1140.47998
1997-10-14,1131.430054
1997-10-15,1119.069946
1997-10-16,1099.380005
1997-10-17,1075.119995
1997-10-20,1088.25
1997-10-21,1110.550049
1997-10-22,1098.709961
1997-10-23,1074.650024
1997-10-24,1057.339966
1997-10-27,978.130005
1997-10-28,1046.869995
1997-10-29,1029.76001
1997-10-30,1000.700012
1997-10-31,1019.619995
1997-11-03,1050.719971
1997-11-04,1047.619995
1997-11-05,1046.920044
1997-11-06,1034.170044
1997-11-07,1028.319946
1997-11-10,1011.539978
1997-11-11,1010.960022
1997-11-12,980.119995
1997-11-13,1005.25
1997-11-14,1027.849976
1997-11-17,1049.699951
1997-11-18,1036.310059
1997-11-19,1039.119995
1997-11-20,1062.48999
1997-11-21,1056.589966
1997-11-24,1030.219971
1997-11-25,1038.060059
1997-11-26,1044.23999
1997-11-28,1050.51001
1997-12-01,1079.22998
1997-12-02,1052.069946
1997-12-03,1061.619995
1997-12-04,1052.76001
1997-12-05,1070.27002
1997-12-08,1082.920044
1997-12-09,1050.670044
1997-12-10,1033.209961
1997-12-11,1001.880005
1997-12-12,978.48999
1997-12-15,984.380005
1997-12-16,997.309998
1997-12-17,983.630005
1997-12-18,966.77002
1997-12-19,969.900024
1997-12-22,975.669983
1997-12-23,949.570007
1997-12-24,938.98999
1997-12-26,954.070007
1997-12-29,978.530029
1997-12-30,998.460022
1997-12-31,990.830017
1998-01-02,1008.22998
1998-01-05,1017.419983
1998-01-06,1006.289978
1998-01-07,991.190002
1998-01-08,994.549988
1998-01-09,956.190002
1998-01-12,971.169983
1998-01-13,995.049988
1998-01-14,996.369995
1998-01-15,995.580017
1998-01-16,1005.869995
1998-01-20,1026.880005
1998-01-21,1026.52002
1998-01-22,1020.630005
1998-01-23,1024.469971
1998-01-26,1016.400024
1998-01-27,1035.76001
1998-01-28,1063.199951
1998-01-29,1069.0
1998-01-30,1071.130005
1998-02-02,1100.98999
1998-02-03,1111.26001
1998-02-04,1124.439941
1998-02-05,1114.859985
1998-02-06,1134.319946
1998-02-09,1122.719971
1998-02-10,1139.790039
1998-02-11,1138.810059
1998-02-12,1144.800049
1998-02-13,1136.689941
1998-02-17,1128.630005
1998-02-18,1140.73999
1998-02-19,1156.75
1998-02-20,1159.72998
1998-02-23,1185.530029
1998-02-24,1172.400024
1998-02-25,1200.390015
1998-02-26,1206.969971
1998-02-27,1194.130005
1998-03-02,1177.589966
1998-03-03,1175.719971
1998-03-04,1179.869995
1998-03-05,1126.829956
1998-03-06,1163.109985
1998-03-09,1128.369995
1998-03-10,1148.609985
1998-03-11,1153.869995
1998-03-12,1163.27002
1998-03-13,1169.290039
1998-03-16,1180.170044
1998-03-17,1167.890015
1998-03-18,1177.01001
1998-03-19,1186.160034
1998-03-20,1169.430054
1998-03-23,1179.180054
1998-03-24,1197.810059
1998-03-25,1214.819946
1998-03-26,1217.939941
1998-03-27,1211.640015
1998-03-30,1206.640015
1998-03-31,1220.660034
1998-04-01,1228.410034
1998-04-02,1230.180054
1998-04-03,1233.660034
1998-04-06,1205.369995
1998-04-07,1182.130005
1998-04-08,1191.060059
1998-04-09,1196.900024
1998-04-13,1202.969971
1998-04-14,1213.119995
1998-04-15,1231.359985
1998-04-16,1227.530029
1998-04-17,1231.25
1998-04-20,1253.109985
1998-04-21,1269.699951
1998-04-22,1290.900024
1998-04-23,1258.579956
1998-04-24,1250.140015
1998-04-27,1220.050049
1998-04-28,1222.5
1998-04-29,1239.560059
1998-04-30,1248.119995
1998-05-01,1251.530029
1998-05-04,1255.819946
1998-05-05,1247.27002
1998-05-06,1242.25
1998-05-07,1222.680054
1998-05-08,1254.030029
1998-05-11,1237.660034
1998-05-12,1256.410034
1998-05-13,1263.079956
1998-05-14,1266.150024
1998-05-15,1249.48999
1998-05-18,1242.5
1998-05-19,1255.589966
1998-05-20,1237.75
1998-05-21,1223.699951
1998-05-22,1214.130005
1998-05-26,1200.119995
1998-05-27,1209.459961
1998-05-28,1214.829956
1998-05-29,1192.069946
1998-06-01,1165.550049
1998-06-02,1187.150024
1998-06-03,1163.97998
1998-06-04,1195.189941
1998-06-05,1206.699951
1998-06-08,1207.02002
1998-06-09,1223.47998
1998-06-10,1199.310059
1998-06-11,1185.109985
1998-06-12,1186.98999
1998-06-15,1173.569946
1998-06-16,1210.900024
1998-06-17,1224.079956
1998-06-18,1227.329956
1998-06-19,1239.709961
1998-06-22,1263.930054
1998-06-23,1302.390015
1998-06-24,1331.160034
1998-06-25,1311.400024
1998-06-26,1320.939941
1998-06-29,1339.709961
1998-06-30,1337.339966
1998-07-01,1356.140015
1998-07-02,1332.530029
1998-07-06,1342.579956
1998-07-07,1346.319946
1998-07-08,1377.839966
1998-07-09,1383.219971
1998-07-10,1391.109985
1998-07-13,1420.579956
1998-07-14,1418.130005
1998-07-15,1449.579956
1998-07-16,1452.619995
1998-07-17,1463.969971
1998-07-20,1465.890015
1998-07-21,1431.890015
1998-07-22,1430.579956
1998-07-23,1405.800049
1998-07-24,1408.599976
1998-07-27,1426.369995
1998-07-28,1393.280029
1998-07-29,1380.079956
1998-07-30,1422.050049
1998-07-31,1377.26001
1998-08-03,1368.439941
1998-08-04,1317.23999
1998-08-05,1329.900024
1998-08-06,1365.869995
1998-08-07,1364.069946
1998-08-10,1362.880005
1998-08-11,1330.130005
1998-08-12,1354.660034
1998-08-13,1338.390015
1998-08-14,1330.040039
1998-08-17,1367.790039
1998-08-18,1401.23999
1998-08-19,1398.26001
1998-08-20,1398.199951
1998-08-21,1374.77002
1998-08-24,1370.920044
1998-08-25,1388.349976
1998-08-26,1374.050049
1998-08-27,1311.530029
1998-08-28,1265.040039
1998-08-31,1140.339966
1998-09-01,1215.060059
1998-09-02,1221.439941
1998-09-03,1208.959961
1998-09-04,1205.410034
1998-09-08,1286.469971
1998-09-09,1261.77002
1998-09-10,1235.369995
1998-09-11,1290.199951
1998-09-14,1308.22998
1998-09-15,1324.189941
1998-09-16,1331.449951
1998-09-17,1291.790039
1998-09-18,1300.699951
1998-09-21,1327.699951
1998-09-22,1336.189941
1998-09-23,1394.650024
1998-09-24,1356.459961
1998-09-25,1390.089966
1998-09-28,1383.25
1998-09-29,1384.890015
1998-09-30,1345.47998
1998-10-01,1273.73999
1998-10-02,1276.439941
1998-10-05,1207.680054
1998-10-06,1184.839966
1998-10-07,1151.089966
1998-10-08,1128.880005
1998-10-09,1197.869995
1998-10-12,1243.400024
1998-10-13,1206.900024
1998-10-14,1235.670044
1998-10-15,1299.660034
1998-10-16,1293.910034
1998-10-19,1310.170044
1998-10-20,1283.22998
1998-10-21,1332.050049
1998-10-22,1355.189941
1998-10-23,1340.599976
1998-10-26,1368.930054
1998-10-27,1353.339966
1998-10-28,1379.959961
1998-10-29,1396.300049
1998-10-30,1400.52002
1998-11-02,1418.790039
1998-11-03,1401.72998
1998-11-04,1434.0
1998-11-05,1442.040039
1998-11-06,1458.339966
1998-11-09,1467.630005
1998-11-10,1477.47998
1998-11-11,1480.709961
1998-11-12,1466.540039
1998-11-13,1465.219971
1998-11-16,1475.599976
1998-11-17,1498.550049
1998-11-18,1514.890015
1998-11-19,1537.449951
1998-11-20,1544.219971
1998-11-23,1589.060059
1998-11-24,1580.829956
1998-11-25,1598.47998
1998-11-27,1628.349976
1998-11-30,1557.959961
1998-12-01,1632.530029
1998-12-02,1619.089966
1998-12-03,1573.780029
1998-12-04,1630.01001
1998-12-07,1676.890015
1998-12-08,1668.160034
1998-12-09,1685.380005
1998-12-10,1652.76001
1998-12-11,1675.01001
1998-12-14,1614.089966
1998-12-15,1663.780029
1998-12-16,1656.280029
1998-12-17,1689.630005
1998-12-18,1735.0
1998-12-21,1787.300049
1998-12-22,1767.819946
1998-12-23,1818.959961
1998-12-24,1806.040039
1998-12-28,1823.98999
1998-12-29,1823.310059
1998-12-30,1810.969971
1998-12-31,1836.01001
1999-01-04,1854.390015
1999-01-05,1903.0
1999-01-06,1963.949951
1999-01-07,1966.349976
1999-01-08,1973.660034
1999-01-11,2000.180054
1999-01-12,1939.079956
1999-01-13,1948.709961
1999-01-14,1906.119995
1999-01-15,1981.619995
1999-01-19,2033.709961
1999-01-20,2033.709961
1999-01-21,1961.76001
1999-01-22,1964.209961
1999-01-25,1997.160034
1999-01-26,2062.199951
1999-01-27,2030.359985
1999-01-28,2104.590088
1999-01-29,2127.189941
1999-02-01,2130.929932
1999-02-02,2078.689941
1999-02-03,2119.939941
1999-02-04,2027.660034
1999-02-05,1988.550049
1999-02-08,2034.209961
1999-02-09,1935.329956
1999-02-10,1944.180054
1999-02-11,2044.680054
1999-02-12,1958.599976
1999-02-16,1954.48999
1999-02-17,1891.369995
1999-02-18,1906.089966
1999-02-19,1931.589966
1999-02-22,1996.02002
1999-02-23,2028.22998
1999-02-24,1989.140015
1999-02-25,1974.390015
1999-02-26,1925.280029
1999-03-01,1937.699951
1999-03-02,1888.660034
1999-03-03,1899.810059
1999-03-04,1933.030029
1999-03-05,1969.869995
1999-03-08,2034.050049
1999-03-09,2028.569946
1999-03-10,2038.51
1999-03-11,2043.76
1999-03-12,2008.96
1999-03-15,2060.34
1999-03-16,2073.31
1999-03-17,2064.5
1999-03-18,2102.77
1999-03-19,2053.69
1999-03-22,2027.14
1999-03-23,1961.31
1999-03-24,2013.55
1999-03-25,2083.35
1999-03-26,2067.3
1999-03-29,2144.66
1999-03-30,2125.69
1999-03-31,2106.39
1999-04-01,2146.13
1999-04-05,2219.64
1999-04-06,2218.83
1999-04-07,2192.29
1999-04-08,2224.75
1999-04-09,2232.47
1999-04-12,2219.21
1999-04-13,2175.18
1999-04-14,2103.63
1999-04-15,2135.81
1999-04-16,2086.46
1999-04-19,1967.58
1999-04-20,2030.28
1999-04-21,2105.82
1999-04-22,2183.49
1999-04-23,2210.44
1999-04-26,2260.66
1999-04-27,2207.03
1999-04-28,2150.44
1999-04-29,2119.29
1999-04-30,2136.39
1999-05-03,2137.95
1999-05-04,2097.55
1999-05-05,2155.77
1999-05-06,2078.63
1999-05-07,2117.73
1999-05-10,2134.75
1999-05-11,2175.85
1999-05-12,2217.68
1999-05-13,2179.08
1999-05-14,2125.15
1999-05-17,2175.74
1999-05-18,2159.26
1999-05-19,2186.2
1999-05-20,2139.95
1999-05-21,2114.4
1999-05-24,2060.59
1999-05-25,1999.04
1999-05-26,2053.04
1999-05-27,2050.09
1999-05-28,2089.7
1999-06-01,2025.79
1999-06-02,2074.54
1999-06-03,2030.4
1999-06-04,2109.41
1999-06-07,2152.69
1999-06-08,2086.75
1999-06-09,2135.48
1999-06-10,2097.79
1999-06-11,2062.29
1999-06-14,2028.92
1999-06-15,2058.17
1999-06-16,2167.49
1999-06-17,2190.83
1999-06-18,2205.46
1999-06-21,2268.66
1999-06-22,2209.89
1999-06-23,2239.33
1999-06-24,2184.87
1999-06-25,2185.76
1999-06-28,2243.94
1999-06-29,2280.06
1999-06-30,2296.77
1999-07-01,2322.32
1999-07-02,2347.88
1999-07-06,2330.73
1999-07-07,2340.67
1999-07-08,2374.58
1999-07-09,2393.02
1999-07-12,2384.24
1999-07-13,2373.66
1999-07-14,2417.05
1999-07-15,2429.27
1999-07-16,2459.48
1999-07-19,2424.62
1999-07-20,2329.32
1999-07-21,2363.63
1999-07-22,2281.92
1999-07-23,2302.02
1999-07-26,2233.51
1999-07-27,2308.78
1999-07-28,2333.78
1999-07-29,2263.06
1999-07-30,2270.93
1999-08-02,2264.81
1999-08-03,2239.18
1999-08-04,2204.33
1999-08-05,2232.23
1999-08-06,2212.15
1999-08-09,2187.61
1999-08-10,2163.77
1999-08-11,2241.8
1999-08-12,2214.33
1999-08-13,2307.06
1999-08-16,2313.08
1999-08-17,2337.37
1999-08-18,2317.39
1999-08-19,2278.79
1999-08-20,2315.07
1999-08-23,2385.87
1999-08-24,2404.82
1999-08-25,2460.92
1999-08-26,2417.3
1999-08-27,2402.57
1999-08-30,2366.88
1999-08-31,2396.87
1999-09-01,2404.94
1999-09-02,2392.6
1999-09-03,2506.69
1999-09-07,2491.82
1999-09-08,2454.67
1999-09-09,2505.5
1999-09-10,2534.61
1999-09-13,2483.1
1999-09-14,2522.46
1999-09-15,2463.09
1999-09-16,2466.88
1999-09-17,2536.91
1999-09-20,2545.41
1999-09-21,2473.74
1999-09-22,2513.94
1999-09-23,2403.07
1999-09-24,2399.58
1999-09-27,2426.51
1999-09-28,2428.11
1999-09-29,2398.78
1999-09-30,2407.9
1999-10-01,2404.45
1999-10-04,2467.92
1999-10-05,2471.5
1999-10-06,2532.4
1999-10-07,2532.0
1999-10-08,2555.36
1999-10-11,2578.88
1999-10-12,2526.82
1999-10-13,2454.49
1999-10-14,2470.99
1999-10-15,2403.81
1999-10-18,2362.11
1999-10-19,2362.25
1999-10-20,2466.29
1999-10-21,2477.14
1999-10-22,2485.9
1999-10-25,2484.19
1999-10-26,2466.4
1999-10-27,2457.46
1999-10-28,2539.93
1999-10-29,2637.44
1999-11-01,2616.36
1999-11-02,2626.99
1999-11-03,2672.72
1999-11-04,2703.11
1999-11-05,2755.7
1999-11-08,2786.27
1999-11-09,2763.58
1999-11-10,2797.61
1999-11-11,2849.81
1999-11-12,2888.91
1999-11-15,2875.87
1999-11-16,2940.25
1999-11-17,2911.69
1999-11-18,3003.49
1999-11-19,3028.84
1999-11-22,3049.61
1999-11-23,2999.78
1999-11-24,3108.52
1999-11-26,3116.62
1999-11-29,3063.23
1999-11-30,2966.71
1999-12-01,2997.28
1999-12-02,3108.47
1999-12-03,3172.37
1999-12-06,3191.09
1999-12-07,3205.08
1999-12-08,3164.08
1999-12-09,3167.52
1999-12-10,3203.28
1999-12-13,3242.37
1999-12-14,3167.29
1999-12-15,3239.18
1999-12-16,3332.31
1999-12-17,3359.86
1999-12-20,3390.01
1999-12-21,3528.53
1999-12-22,3562.29
1999-12-23,3590.28
1999-12-27,3598.51
1999-12-28,3579.95
1999-12-29,3689.68
1999-12-30,3683.67
1999-12-31,3707.83
2000-01-03,3790.55
2000-01-04,3546.2
2000-01-05,3507.31
2000-01-06,3340.81
2000-01-07,3529.6
2000-01-10,3717.41
2000-01-11,3544.35
2000-01-12,3478.14
2000-01-13,3612.08
2000-01-14,3704.74
2000-01-18,3757.78
2000-01-19,3790.89
2000-01-20,3841.74
2000-01-21,3849.96
2000-01-24,3660.96
2000-01-25,3759.11
2000-01-26,3621.21
2000-01-27,3593.15
2000-01-28,3446.13
2000-01-31,3570.05
2000-02-01,3701.78
2000-02-02,3724.46
2000-02-03,3851.16
2000-02-04,3874.37
2000-02-07,3933.34
2000-02-08,4062.77
2000-02-09,3968.46
2000-02-10,4090.0
2000-02-11,3968.89
2000-02-14,3986.13
2000-02-15,3997.03
2000-02-16,3997.97
2000-02-17,4125.38
2000-02-18,3965.75
2000-02-22,3969.13
2000-02-23,4170.09
2000-02-24,4253.05
2000-02-25,4178.58
2000-02-28,4162.13
2000-02-29,4266.94
2000-03-01,4309.01
2000-03-02,4234.26
2000-03-03,4442.87
2000-03-06,4457.18
2000-03-07,4390.83
2000-03-08,4445.68
2000-03-09,4586.26
2000-03-10,4587.16
2000-03-13,4426.8
2000-03-14,4226.99
2000-03-15,4130.01
2000-03-16,4353.33
2000-03-17,4440.45
2000-03-20,4261.15
2000-03-21,4449.33
2000-03-22,4596.81
2000-03-23,4660.62
2000-03-24,4691.61
2000-03-27,4704.73
2000-03-28,4583.39
2000-03-29,4413.92
2000-03-30,4250.19
2000-03-31,4397.84
2000-04-03,4077.02
2000-04-04,4034.17
2000-04-05,4030.26
2000-04-06,4086.73
2000-04-07,4291.53
2000-04-10,3998.26
2000-04-11,3909.21
2000-04-12,3633.63
2000-04-13,3553.81
2000-04-14,3205.7
2000-04-17,3529.45
2000-04-18,3715.81
2000-04-19,3583.07
2000-04-20,3505.29
2000-04-24,3353.53
2000-04-25,3621.56
2000-04-26,3505.71
2000-04-27,3692.57
2000-04-28,3773.18
2000-05-01,3829.29
2000-05-02,3627.31
2000-05-03,3562.16
2000-05-04,3570.73
2000-05-05,3688.36
2000-05-08,3521.6
2000-05-09,3444.64
2000-05-10,3244.73
2000-05-11,3381.57
2000-05-12,3406.25
2000-05-15,3512.11
2000-05-16,3646.89
2000-05-17,3550.5
2000-05-18,3426.35
2000-05-19,3260.64
2000-05-22,3264.71
2000-05-23,3023.42
2000-05-24,3180.31
2000-05-25,3099.28
2000-05-26,3101.44
2000-05-30,3414.03
2000-05-31,3324.08
2000-06-01,3518.98
2000-06-02,3755.67
2000-06-05,3730.31
2000-06-06,3646.32
2000-06-07,3736.01
2000-06-08,3707.31
2000-06-09,3760.26
2000-06-12,3638.42
2000-06-13,3765.81
2000-06-14,3677.49
2000-06-15,3752.01
2000-06-16,3787.36
2000-06-19,3933.7
2000-06-20,3933.83
2000-06-21,3970.0
2000-06-22,3804.11
2000-06-23,3685.3
2000-06-26,3771.45
2000-06-27,3699.0
2000-06-28,3771.06
2000-06-29,3665.83
2000-06-30,3763.79
2000-07-03,3804.78
2000-07-05,3649.8
2000-07-06,3793.48
2000-07-07,3841.27
2000-07-10,3772.2
2000-07-11,3744.53
2000-07-12,3901.12
2000-07-13,3956.67
2000-07-14,4041.15
2000-07-17,4061.88
2000-07-18,3960.96
2000-07-19,3843.98
2000-07-20,3995.46
2000-07-21,3908.75
2000-07-24,3790.62
2000-07-25,3865.39
2000-07-26,3818.28
2000-07-27,3681.63
2000-07-28,3477.31
2000-07-31,3609.35
2000-08-01,3521.15
2000-08-02,3490.34
2000-08-03,3623.5
2000-08-04,3618.63
2000-08-07,3710.39
2000-08-08,3686.37
2000-08-09,3693.04
2000-08-10,3595.19
2000-08-11,3644.61
2000-08-14,3719.61
2000-08-15,3722.62
2000-08-16,3721.25
2000-08-17,3830.59
2000-08-18,3807.51
2000-08-21,3827.62
2000-08-22,3827.89
2000-08-23,3896.92
2000-08-24,3949.57
2000-08-25,3931.25
2000-08-28,3954.24
2000-08-29,3951.94
2000-08-30,3968.73
2000-08-31,4077.59
2000-09-01,4099.3
2000-09-05,3987.03
2000-09-06,3837.62
2000-09-07,3953.36
2000-09-08,3813.44
2000-09-11,3706.74
2000-09-12,3666.87
2000-09-13,3741.75
2000-09-14,3737.42
2000-09-15,3676.33
2000-09-18,3585.52
2000-09-19,3756.4
2000-09-20,3790.45
2000-09-21,3718.15
2000-09-22,3701.18
2000-09-25,3622.1
2000-09-26,3582.59
2000-09-27,3571.9
2000-09-28,3725.15
2000-09-29,3570.61
2000-10-02,3457.97
2000-10-03,3353.34
2000-10-04,3453.36
2000-10-05,3424.32
2000-10-06,3311.94
2000-10-09,3318.9
2000-10-10,3188.29
2000-10-11,3100.53
2000-10-12,3004.45
2000-10-13,3277.77
2000-10-16,3249.46
2000-10-17,3172.19
2000-10-18,3139.31
2000-10-19,3402.95
2000-10-20,3456.61
2000-10-23,3422.0
2000-10-24,3353.26
2000-10-25,3107.61
2000-10-26,3167.14
2000-10-27,3175.25
2000-10-30,3081.07
2000-10-31,3282.3
2000-11-01,3225.27
2000-11-02,3308.48
2000-11-03,3321.91
2000-11-06,3290.47
2000-11-07,3279.57
2000-11-08,3059.09
2000-11-09,3057.06
2000-11-10,2890.26
2000-11-13,2836.62
2000-11-14,3039.5
2000-11-15,3076.7
2000-11-16,2925.16
2000-11-17,2934.81
2000-11-20,2792.41
2000-11-21,2786.53
2000-11-22,2668.25
2000-11-24,2830.09
2000-11-27,2769.32
2000-11-28,2621.11
2000-11-29,2602.85
2000-11-30,2506.54
2000-12-01,2549.74
2000-12-04,2554.4
2000-12-05,2852.87
2000-12-06,2743.7
2000-12-07,2719.91
2000-12-08,2895.39
2000-12-11,2972.91
2000-12-12,2863.21
2000-12-13,2748.88
2000-12-14,2639.26
2000-12-15,2549.48
2000-12-18,2543.09
2000-12-19,2399.63
2000-12-20,2210.32
2000-12-21,2224.84
2000-12-22,2436.26
2000-12-26,2404.6
2000-12-27,2460.21
2000-12-28,2464.62
2000-12-29,2341.7
2001-01-02,2128.78
2001-01-03,2528.38
2001-01-04,2460.04
2001-01-05,2267.85
2001-01-08,2281.54
2001-01-09,2311.4
2001-01-10,2413.71
2001-01-11,2524.29
2001-01-12,2506.05
2001-01-16,2470.72
2001-01-17,2558.67
2001-01-18,2670.47
2001-01-19,2655.68
2001-01-22,2643.13
2001-01-23,2730.05
2001-01-24,2726.45
2001-01-25,2595.85
2001-01-26,2631.78
2001-01-29,2694.53
2001-01-30,2686.14
2001-01-31,2593.0
2001-02-01,2607.16
2001-02-02,2472.18
2001-02-05,2467.3
2001-02-06,2473.24
2001-02-07,2409.66
2001-02-08,2355.67
2001-02-09,2261.77
2001-02-12,2286.85
2001-02-13,2208.4
2001-02-14,2305.82
2001-02-15,2371.04
2001-02-16,2212.51
2001-02-20,2095.11
2001-02-21,2058.54
2001-02-22,2032.42
2001-02-23,2056.06
2001-02-26,2097.64
2001-02-27,1964.52
2001-02-28,1908.32
2001-03-01,1968.02
2001-03-02,1881.34
2001-03-05,1916.68
2001-03-06,1976.31
2001-03-07,1996.23
2001-03-08,1938.15
2001-03-09,1813.02
2001-03-12,1680.64
2001-03-13,1789.7
2001-03-14,1745.08
2001-03-15,1697.92
2001-03-16,1647.51
2001-03-19,1730.46
2001-03-20,1614.47
2001-03-21,1605.04
2001-03-22,1701.9
2001-03-23,1705.02
2001-03-26,1676.9
2001-03-27,1735.7
2001-03-28,1602.22
2001-03-29,1563.14
2001-03-30,1573.25
2001-04-02,1516.58
2001-04-03,1399.05
2001-04-04,1370.75
2001-04-05,1519.05
2001-04-06,1448.16
2001-04-09,1481.22
2001-04-10,1597.87
2001-04-11,1647.36
2001-04-12,1714.29
2001-04-16,1650.21
2001-04-17,1671.51
2001-04-18,1830.79
2001-04-19,1953.28
2001-04-20,1933.57
2001-04-23,1811.89
2001-04-24,1762.21
2001-04-25,1814.33
2001-04-26,1763.33
2001-04-27,1810.47
2001-04-30,1855.15
2001-05-01,1919.01
2001-05-02,1962.42
2001-05-03,1877.8
2001-05-04,1923.81
2001-05-07,1895.41
2001-05-08,1929.24
2001-05-09,1876.87
2001-05-10,1838.32
2001-05-11,1821.2
2001-05-14,1795.06
2001-05-15,1796.81
2001-05-16,1899.47
2001-05-17,1925.14
2001-05-18,1927.69
2001-05-21,2052.57
2001-05-22,2042.93
2001-05-23,1957.56
2001-05-24,2003.37
2001-05-25,1960.74
2001-05-29,1873.53
2001-05-30,1779.0
2001-05-31,1799.89
2001-06-01,1840.83
2001-06-04,1838.84
2001-06-05,1923.9
2001-06-06,1903.84
2001-06-07,1963.31
2001-06-08,1896.22
2001-06-11,1846.5
2001-06-12,1852.03
2001-06-13,1790.21
2001-06-14,1711.39
2001-06-15,1701.53
2001-06-18,1666.49
2001-06-19,1675.9
2001-06-20,1721.56
2001-06-21,1751.22
2001-06-22,1727.47
2001-06-25,1743.9
2001-06-26,1751.62
2001-06-27,1756.02
2001-06-28,1808.94
2001-06-29,1830.19
2001-07-02,1827.07
2001-07-03,1822.16
2001-07-05,1751.0
2001-07-06,1668.59
2001-07-09,1697.05
2001-07-10,1624.95
2001-07-11,1641.56
2001-07-12,1750.13
2001-07-13,1751.11
2001-07-16,1685.74
2001-07-17,1729.55
2001-07-18,1666.87
2001-07-19,1695.89
2001-07-20,1676.46
2001-07-23,1629.93
2001-07-24,1604.86
2001-07-25,1627.86
2001-07-26,1673.39
2001-07-27,1683.18
2001-07-30,1670.03
2001-07-31,1683.61
2001-08-01,1729.53
2001-08-02,1751.45
2001-08-03,1725.9
2001-08-06,1702.84
2001-08-07,1696.37
2001-08-08,1626.2
2001-08-09,1628.92
2001-08-10,1617.45
2001-08-13,1653.27
2001-08-14,1629.95
2001-08-15,1572.03
2001-08-16,1581.98
2001-08-17,1516.58
2001-08-20,1535.99
2001-08-21,1480.74
2001-08-22,1515.41
2001-08-23,1496.98
2001-08-24,1579.62
2001-08-27,1578.33
2001-08-28,1526.3
2001-08-29,1499.76
2001-08-30,1453.9
2001-08-31,1469.7
2001-09-04,1424.12
2001-09-05,1415.3
2001-09-06,1361.69
2001-09-07,1354.27
2001-09-10,1365.39
2001-09-17,1252.7
2001-09-18,1224.64
2001-09-19,1208.23
2001-09-20,1166.27
2001-09-21,1126.95
2001-09-24,1191.02
2001-09-25,1187.77
2001-09-26,1143.48
2001-09-27,1144.27
2001-09-28,1168.37
2001-10-01,1151.24
2001-10-02,1159.37
2001-10-03,1249.41
2001-10-04,1260.66
2001-10-05,1271.73
2001-10-08,1279.63
2001-10-09,1244.56
2001-10-10,1304.68
2001-10-11,1389.87
2001-10-12,1393.84
2001-10-15,1378.92
2001-10-16,1404.81
2001-10-17,1314.8
2001-10-18,1330.33
2001-10-19,1347.59
2001-10-22,1383.07
2001-10-23,1384.06
2001-10-24,1424.69
2001-10-25,1479.05
2001-10-26,1454.9
2001-10-29,1374.58
2001-10-30,1342.26
2001-10-31,1364.78
2001-11-01,1424.15
2001-11-02,1425.78
2001-11-05,1480.21
2001-11-06,1523.09
2001-11-07,1524.67
2001-11-08,1510.6
2001-11-09,1514.96
2001-11-12,1528.75
2001-11-13,1580.76
2001-11-14,1585.89
2001-11-15,1582.58
2001-11-16,1582.14
2001-11-19,1617.58
2001-11-20,1549.7
2001-11-21,1552.01
2001-11-23,1577.47
2001-11-26,1619.65
2001-11-27,1609.87
2001-11-28,1557.03
2001-11-29,1599.3
2001-11-30,1596.05
2001-12-03,1567.54
2001-12-04,1634.27
2001-12-05,1720.91
2001-12-06,1717.97
2001-12-07,1673.9
2001-12-10,1645.36
2001-12-11,1661.27
2001-12-12,1669.95
2001-12-13,1601.91
2001-12-14,1605.67
2001-12-17,1640.34
2001-12-18,1657.68
2001-12-19,1628.69
2001-12-20,1557.36
2001-12-21,1578.27
2001-12-24,1577.31
2001-12-26,1590.84
2001-12-27,1606.48
2001-12-28,1621.13
2001-12-31,1577.05
2002-01-02,1610.39
2002-01-03,1666.66
2002-01-04,1675.03
2002-01-07,1649.83
2002-01-08,1666.58
2002-01-09,1653.76
2002-01-10,1656.68
2002-01-11,1634.17
2002-01-14,1603.76
2002-01-15,1612.46
2002-01-16,1558.98
2002-01-17,1602.32
2002-01-18,1548.22
2002-01-22,1501.78
2002-01-23,1549.21
2002-01-24,1565.13
2002-01-25,1558.26
2002-01-28,1564.86
2002-01-29,1519.33
2002-01-30,1538.94
2002-01-31,1550.17
2002-02-01,1528.15
2002-02-04,1479.17
2002-02-05,1462.86
2002-02-06,1445.96
2002-02-07,1413.86
2002-02-08,1452.17
2002-02-11,1477.64
2002-02-12,1464.76
2002-02-13,1486.75
2002-02-14,1474.71
2002-02-15,1436.7
2002-02-19,1387.27
2002-02-20,1408.26
2002-02-21,1348.25
2002-02-22,1356.16
2002-02-25,1407.99
2002-02-26,1401.19
2002-02-27,1378.48
2002-02-28,1359.22
2002-03-01,1435.41
2002-03-04,1494.7
2002-03-05,1498.95
2002-03-06,1519.95
2002-03-07,1506.81
2002-03-08,1555.11
2002-03-11,1553.8
2002-03-12,1520.54
2002-03-13,1486.27
2002-03-14,1477.19
2002-03-15,1495.41
2002-03-18,1505.89
2002-03-19,1504.67
2002-03-20,1451.02
2002-03-21,1488.97
2002-03-22,1470.1
2002-03-25,1427.6
2002-03-26,1439.55
2002-03-27,1436.51
2002-03-28,1452.81
2002-04-01,1478.52
2002-04-02,1410.41
2002-04-03,1394.21
2002-04-04,1396.97
2002-04-05,1376.72
2002-04-08,1392.96
2002-04-09,1345.32
2002-04-10,1363.29
2002-04-11,1324.65
2002-04-12,1351.85
2002-04-15,1355.09
2002-04-16,1413.93
2002-04-17,1403.71
2002-04-18,1395.9
2002-04-19,1385.01
2002-04-22,1349.83
2002-04-23,1322.81
2002-04-24,1302.32
2002-04-25,1302.32
2002-04-26,1250.89
2002-04-29,1246.75
2002-04-30,1277.07
2002-05-01,1267.43
2002-05-02,1225.37
2002-05-03,1190.74
2002-05-06,1161.16
2002-05-07,1159.25
2002-05-08,1282.41
2002-05-09,1240.41
2002-05-10,1188.78
2002-05-13,1241.54
2002-05-14,1305.55
2002-05-15,1311.05
2002-05-16,1315.85
2002-05-17,1325.8
2002-05-20,1292.21
2002-05-21,1255.91
2002-05-22,1264.51
2002-05-23,1286.77
2002-05-24,1253.03
2002-05-28,1244.82
2002-05-29,1218.68
2002-05-30,1227.9
2002-05-31,1208.34
2002-06-03,1159.15
2002-06-04,1178.8
2002-06-05,1195.6
2002-06-06,1157.62
2002-06-07,1140.24
2002-06-10,1135.62
2002-06-11,1100.97
2002-06-12,1123.34
2002-06-13,1106.54
2002-06-14,1109.6
2002-06-17,1149.91
2002-06-18,1138.47
2002-06-19,1097.54
2002-06-20,1062.45
2002-06-21,1035.63
2002-06-24,1057.68
2002-06-25,1022.74
2002-06-26,1027.22
2002-06-27,1050.64
2002-06-28,1051.41
2002-07-01,998.17
2002-07-02,963.66
2002-07-03,995.68
2002-07-05,1060.89
2002-07-08,1014.33
2002-07-09,990.23
2002-07-10,959.05
2002-07-11,998.03
2002-07-12,1000.82
2002-07-15,1021.02
2002-07-16,1011.3
2002-07-17,1028.74
2002-07-18,994.61
2002-07-19,965.45
2002-07-22,939.1
2002-07-23,896.82
2002-07-24,951.58
2002-07-25,894.45
2002-07-26,910.91
2002-07-29,970.13
2002-07-30,980.36
2002-07-31,962.11
2002-08-01,913.59
2002-08-02,892.51
2002-08-05,857.08
2002-08-06,901.91
2002-08-07,919.08
2002-08-08,947.24
2002-08-09,937.33
2002-08-12,938.98
2002-08-13,907.62
2002-08-14,968.84
2002-08-15,980.98
2002-08-16,996.06
2002-08-19,1025.95
2002-08-20,1008.02
2002-08-21,1035.47
2002-08-22,1049.03
2002-08-23,1010.49
2002-08-26,1016.79
2002-08-27,974.47
2002-08-28,944.83
2002-08-29,961.75
2002-08-30,942.38
2002-09-03,899.64
2002-09-04,920.98
2002-09-05,882.92
2002-09-06,922.22
2002-09-09,932.23
2002-09-10,947.72
2002-09-11,946.4
2002-09-12,915.01
2002-09-13,923.83
2002-09-16,908.48
2002-09-17,897.53
2002-09-18,895.2
2002-09-19,865.93
2002-09-20,871.6
2002-09-23,843.08
2002-09-24,843.61
2002-09-25,880.44
2002-09-26,873.74
2002-09-27,860.35
2002-09-30,832.52
2002-10-01,870.63
2002-10-02,849.56
2002-10-03,833.21
2002-10-04,815.4
2002-10-07,804.64
2002-10-08,811.47
2002-10-09,807.42
2002-10-10,849.57
2002-10-11,890.61
2002-10-14,900.75
2002-10-15,950.42
2002-10-16,910.13
2002-10-17,945.06
2002-10-18,956.13
2002-10-21,979.35
2002-10-22,963.87
2002-10-23,989.32
2002-10-24,964.91
2002-10-25,995.55
2002-10-28,979.46
2002-10-29,960.82
2002-10-30,986.09
2002-10-31,989.54
2002-11-01,1019.06
2002-11-04,1046.99
2002-11-05,1050.39
2002-11-06,1065.86
2002-11-07,1025.79
2002-11-08,1008.44
2002-11-11,972.48
2002-11-12,1001.94
2002-11-13,1011.94
2002-11-14,1057.83
2002-11-15,1061.28
2002-11-18,1045.19
2002-11-19,1025.96
2002-11-20,1070.53
2002-11-21,1118.14
2002-11-22,1116.01
2002-11-25,1127.06
2002-11-26,1087.49
2002-11-27,1125.67
2002-11-29,1116.1
2002-12-02,1120.49
2002-12-03,1088.8
2002-12-04,1069.49
2002-12-05,1053.06
2002-12-06,1065.97
2002-12-09,1014.84
2002-12-10,1033.07
2002-12-11,1036.34
2002-12-12,1039.95
2002-12-13,1005.85
2002-12-16,1042.44
2002-12-17,1040.02
2002-12-18,1013.72
2002-12-19,1006.05
2002-12-20,1013.51
2002-12-23,1032.3
2002-12-24,1023.29
2002-12-26,1016.46
2002-12-27,997.85
2002-12-30,989.89
2002-12-31,984.36
2003-01-02,1027.86
2003-01-03,1031.63
2003-01-06,1061.48
2003-01-07,1071.85
2003-01-08,1042.52
2003-01-09,1076.05
2003-01-10,1087.36
2003-01-13,1083.0
2003-01-14,1094.87
2003-01-15,1073.6
2003-01-16,1061.46
2003-01-17,1017.58
2003-01-21,1008.93
2003-01-22,1006.51
2003-01-23,1032.67
2003-01-24,996.18
2003-01-27,986.41
2003-01-28,1001.41
2003-01-29,1016.56
2003-01-30,985.51
2003-01-31,983.05
2003-02-03,987.07
2003-02-04,971.73
2003-02-05,968.97
2003-02-06,970.55
2003-02-07,957.05
2003-02-10,969.96
2003-02-11,971.61
2003-02-12,956.77
2003-02-13,951.9
2003-02-14,982.09
2003-02-18,1014.91
2003-02-19,1005.88
2003-02-20,1001.47
2003-02-21,1015.92
2003-02-24,994.69
2003-02-25,999.28
2003-02-26,974.51
2003-02-27,994.8
2003-02-28,1009.74
2003-03-03,991.07
2003-03-04,982.98
2003-03-05,990.23
2003-03-06,983.96
2003-03-07,986.82
2003-03-10,964.29
2003-03-11,958.82
2003-03-12,970.54
2003-03-13,1029.79
2003-03-14,1030.45
2003-03-17,1077.01
2003-03-18,1082.19
2003-03-19,1074.97
2003-03-20,1080.24
2003-03-21,1093.12
2003-03-24,1047.1
2003-03-25,1066.57
2003-03-26,1066.3
2003-03-27,1061.93
2003-03-28,1046.72
2003-03-31,1018.66
2003-04-01,1022.63
2003-04-02,1063.46
2003-04-03,1064.06
2003-04-04,1050.71
2003-04-07,1053.28
2003-04-08,1046.3
2003-04-09,1023.52
2003-04-10,1033.14
2003-04-11,1026.15
2003-04-14,1048.31
2003-04-15,1053.08
2003-04-16,1054.89
2003-04-17,1083.56
2003-04-21,1081.04
2003-04-22,1102.44
2003-04-23,1112.93
2003-04-24,1108.12
2003-04-25,1083.19
2003-04-28,1107.13
2003-04-29,1116.79
2003-04-30,1106.06
2003-05-01,1113.21
2003-05-02,1136.51
2003-05-05,1136.26
2003-05-06,1152.78
2003-05-07,1135.85
2003-05-08,1118.76
2003-05-09,1143.55
2003-05-12,1160.42
2003-05-13,1155.97
2003-05-14,1148.14
2003-05-15,1162.93
2003-05-16,1154.48
2003-05-19,1112.49
2003-05-20,1112.85
2003-05-21,1113.68
2003-05-22,1131.45
2003-05-23,1130.05
2003-05-27,1172.58
2003-05-28,1173.31
2003-05-29,1181.82
2003-05-30,1197.89
2003-06-02,1185.13
2003-06-03,1198.57
2003-06-04,1224.76
2003-06-05,1231.72
2003-06-06,1213.11
2003-06-09,1195.55
2003-06-10,1212.99
2003-06-11,1228.24
2003-06-12,1229.32
2003-06-13,1203.91
2003-06-16,1241.58
2003-06-17,1239.63
2003-06-18,1247.9
2003-06-19,1225.89
2003-06-20,1223.13
2003-06-23,1200.17
2003-06-24,1191.7
2003-06-25,1188.41
2003-06-26,1214.68
2003-06-27,1205.25
2003-06-30,1201.69
2003-07-01,1217.37
2003-07-02,1245.75
2003-07-03,1231.34
2003-07-07,1281.89
2003-07-08,1298.37
2003-07-09,1295.16
2003-07-10,1268.65
2003-07-11,1280.57
2003-07-14,1295.74
2003-07-15,1294.47
2003-07-16,1291.99
2003-07-17,1255.94
2003-07-18,1259.91
2003-07-21,1240.78
2003-07-22,1257.63
2003-07-23,1268.52
2003-07-24,1253.76
2003-07-25,1278.31
2003-07-28,1280.53
2003-07-29,1275.17
2003-07-30,1263.78
2003-07-31,1276.94
2003-08-01,1264.34
2003-08-04,1267.38
2003-08-05,1229.72
2003-08-06,1215.13
2003-08-07,1217.17
2003-08-08,1207.28
2003-08-11,1223.14
2003-08-12,1240.7
2003-08-13,1240.37
2003-08-14,1251.9
2003-08-15,1253.63
2003-08-18,1284.81
2003-08-19,1299.69
2003-08-20,1299.73
2003-08-21,1314.65
2003-08-22,1304.54
2003-08-25,1306.64
2003-08-26,1309.05
2003-08-27,1318.93
2003-08-28,1332.33
2003-08-29,1341.2
2003-09-02,1361.09
2003-09-03,1360.19
2003-09-04,1373.26
2003-09-05,1361.9
2003-09-08,1386.73
2003-09-09,1370.56
2003-09-10,1332.28
2003-09-11,1350.8
2003-09-12,1357.63
2003-09-15,1347.77
2003-09-16,1382.82
2003-09-17,1376.8
2003-09-18,1400.13
2003-09-19,1392.26
2003-09-22,1366.32
2003-09-23,1388.15
2003-09-24,1339.64
2003-09-25,1325.75
2003-09-26,1309.31
2003-09-29,1335.51
2003-09-30,1303.7
2003-10-01,1335.34
2003-10-02,1337.1
2003-10-03,1375.32
2003-10-06,1381.7
2003-10-07,1392.56
2003-10-08,1382.4
2003-10-09,1396.95
2003-10-10,1404.87
2003-10-13,1414.72
2003-10-14,1420.66
2003-10-15,1417.59
2003-10-16,1426.71
2003-10-17,1394.02
2003-10-20,1409.31
2003-10-21,1422.13
2003-10-22,1387.4
2003-10-23,1378.11
2003-10-24,1370.61
2003-10-27,1377.41
2003-10-28,1420.02
2003-10-29,1419.92
2003-10-30,1417.38
2003-10-31,1416.39
2003-11-03,1443.13
2003-11-04,1429.38
2003-11-05,1429.56
2003-11-06,1440.08
2003-11-07,1436.73
2003-11-10,1414.62
2003-11-11,1409.64
2003-11-12,1443.52
2003-11-13,1439.87
2003-11-14,1407.51
2003-11-17,1393.75
2003-11-18,1364.7
2003-11-19,1378.9
2003-11-20,1363.49
2003-11-21,1373.32
2003-11-24,1419.31
2003-11-25,1411.36
2003-11-26,1420.11
2003-11-28,1424.25
2003-12-01,1447.08
2003-12-02,1431.89
2003-12-03,1419.77
2003-12-04,1432.38
2003-12-05,1406.91
2003-12-08,1418.05
2003-12-09,1383.66
2003-12-10,1388.96
2003-12-11,1416.96
2003-12-12,1417.27
2003-12-15,1396.82
2003-12-16,1403.28
2003-12-17,1400.0
2003-12-18,1431.31
2003-12-19,1426.17
2003-12-22,1431.71
2003-12-23,1448.17
2003-12-24,1443.19
2003-12-26,1443.86
2003-12-29,1470.37
2003-12-30,1470.01
2003-12-31,1467.92
2004-01-02,1463.57
2004-01-05,1496.58
2004-01-06,1501.26
2004-01-07,1514.26
2004-01-08,1530.65
2004-01-09,1520.46
2004-01-12,1539.77
2004-01-13,1524.78
2004-01-14,1534.08
2004-01-15,1532.01
2004-01-16,1553.62
2004-01-20,1552.87
2004-01-21,1546.6
2004-01-22,1530.42
2004-01-23,1531.21
2004-01-26,1553.66
2004-01-27,1519.23
2004-01-28,1491.57
2004-01-29,1496.4
2004-01-30,1493.08
2004-02-02,1487.84
2004-02-03,1491.85
2004-02-04,1462.61
2004-02-05,1465.03
2004-02-06,1498.95
2004-02-09,1490.91
2004-02-10,1500.29
2004-02-11,1514.18
2004-02-12,1501.34
2004-02-13,1484.47
2004-02-17,1506.57
2004-02-18,1507.49
2004-02-19,1484.8
2004-02-20,1482.1
2004-02-23,1463.75
2004-02-24,1462.05
2004-02-25,1470.22
2004-02-26,1477.13
2004-02-27,1470.38
2004-03-01,1489.49
2004-03-02,1473.22
2004-03-03,1466.09
2004-03-04,1481.36
2004-03-05,1472.99
2004-03-08,1441.12
2004-03-09,1437.47
2004-03-10,1417.5
2004-03-11,1402.2
2004-03-12,1431.4
2004-03-15,1399.87
2004-03-16,1407.07
2004-03-17,1428.89
2004-03-18,1417.77
2004-03-19,1398.58
2004-03-22,1381.39
2004-03-23,1370.04
2004-03-24,1381.86
2004-03-25,1425.86
2004-03-26,1415.39
2004-03-29,1442.31
2004-03-30,1445.25
2004-03-31,1438.41
2004-04-01,1453.22
2004-04-02,1490.3
2004-04-05,1508.37
2004-04-06,1493.58
2004-04-07,1481.96
2004-04-08,1485.51
2004-04-12,1495.93
2004-04-13,1472.88
2004-04-14,1475.66
2004-04-15,1459.45
2004-04-16,1449.06
2004-04-19,1473.48
2004-04-20,1436.9
2004-04-21,1451.01
2004-04-22,1485.5
2004-04-23,1497.01
2004-04-26,1480.53
2004-04-27,1479.47
2004-04-28,1453.03
2004-04-29,1431.36
2004-04-30,1401.36
2004-05-03,1415.29
2004-05-04,1422.11
2004-05-05,1428.42
2004-05-06,1415.6
2004-05-07,1406.19
2004-05-10,1397.1
2004-05-11,1421.89
2004-05-12,1414.83
2004-05-13,1417.09
2004-05-14,1399.85
2004-05-17,1379.9
2004-05-18,1397.47
2004-05-19,1396.34
2004-05-20,1396.87
2004-05-21,1408.17
2004-05-24,1413.97
2004-05-25,1447.72
2004-05-26,1453.87
2004-05-27,1463.11
2004-05-28,1466.22
2004-06-01,1468.54
2004-06-02,1464.22
2004-06-03,1445.21
2004-06-04,1455.04
2004-06-07,1491.45
2004-06-08,1495.97
2004-06-09,1469.5
2004-06-10,1481.27
2004-06-14,1458.64
2004-06-15,1479.2
2004-06-16,1479.99
2004-06-17,1464.03
2004-06-18,1464.65
2004-06-21,1453.23
2004-06-22,1474.87
2004-06-23,1493.52
2004-06-24,1488.31
2004-06-25,1498.38
2004-06-28,1493.07
2004-06-29,1505.65
2004-06-30,1516.64
2004-07-01,1489.57
2004-07-02,1481.19
2004-07-06,1445.71
2004-07-07,1452.49
2004-07-08,1431.13
2004-07-09,1440.0
2004-07-12,1432.11
2004-07-13,1428.68
2004-07-14,1416.05
2004-07-15,1415.92
2004-07-16,1392.17
2004-07-19,1396.77
2004-07-20,1421.07
2004-07-21,1386.57
2004-07-22,1408.51
2004-07-23,1375.48
2004-07-26,1368.4
2004-07-27,1391.5
2004-07-28,1383.75
2004-07-29,1398.55
2004-07-30,1400.39
2004-08-02,1406.33
2004-08-03,1379.14
2004-08-04,1379.21
2004-08-05,1353.44
2004-08-06,1315.3
2004-08-09,1318.83
2004-08-10,1346.71
2004-08-11,1324.65
2004-08-12,1304.43
2004-08-13,1307.82
2004-08-16,1326.84
2004-08-17,1335.72
2004-08-18,1363.73
2004-08-19,1353.24
2004-08-20,1366.73
2004-08-23,1370.9
2004-08-24,1369.78
2004-08-25,1389.17
2004-08-26,1383.98
2004-08-27,1388.56
2004-08-30,1367.94
2004-08-31,1368.68
2004-09-01,1377.96
2004-09-02,1398.34
2004-09-03,1371.82
2004-09-07,1381.84
2004-09-08,1376.77
2004-09-09,1391.53
2004-09-10,1413.0
2004-09-13,1427.34
2004-09-14,1434.37
2004-09-15,1415.3
2004-09-16,1417.97
2004-09-17,1426.3
2004-09-20,1424.72
2004-09-21,1435.91
2004-09-22,1404.22
2004-09-23,1405.77
2004-09-24,1399.05
2004-09-27,1385.55
2004-09-28,1389.7
2004-09-29,1410.86
2004-09-30,1412.74
2004-10-01,1452.94
2004-10-04,1459.01
2004-10-05,1461.76
2004-10-06,1474.36
2004-10-07,1455.77
2004-10-08,1430.96
2004-10-11,1437.73
2004-10-12,1435.0
2004-10-13,1434.46
2004-10-14,1425.21
2004-10-15,1430.98
2004-10-18,1457.31
2004-10-19,1443.8
2004-10-20,1452.26
2004-10-21,1474.79
2004-10-22,1438.25
2004-10-25,1432.57
2004-10-26,1442.14
2004-10-27,1480.03
2004-10-28,1487.12
2004-10-29,1486.72
2004-11-01,1488.79
2004-11-02,1494.83
2004-11-03,1503.89
2004-11-04,1516.2
2004-11-05,1525.24
2004-11-08,1527.13
2004-11-09,1527.0
2004-11-10,1517.06
2004-11-11,1541.7
2004-11-12,1558.41
2004-11-15,1560.96
2004-11-16,1548.53
2004-11-17,1571.12
2004-11-18,1580.81
2004-11-19,1552.11
2004-11-22,1568.28
2004-11-23,1562.6
2004-11-24,1582.55
2004-11-26,1578.26
2004-11-29,1580.44
2004-11-30,1571.5
2004-12-01,1607.15
2004-12-02,1613.15
2004-12-03,1614.4
2004-12-06,1619.59
2004-12-07,1589.33
2004-12-08,1601.91
2004-12-09,1609.79
2004-12-10,1605.16
2004-12-13,1621.16
2004-12-14,1627.46
2004-12-15,1623.63
2004-12-16,1607.62
2004-12-17,1596.61
2004-12-20,1591.97
2004-12-21,1609.26
2004-12-22,1613.57
2004-12-23,1613.77
2004-12-27,1607.59
2004-12-28,1624.19
2004-12-29,1624.95
2004-12-30,1623.76
2004-12-31,1621.12
2005-01-03,1603.51
2005-01-04,1571.83
2005-01-05,1563.76
2005-01-06,1557.52
2005-01-07,1564.81
2005-01-10,1564.92
2005-01-11,1553.4
2005-01-12,1565.78
2005-01-13,1545.18
2005-01-14,1561.11
2005-01-18,1573.49
2005-01-19,1545.65
2005-01-20,1514.56
2005-01-21,1503.64
2005-01-24,1480.66
2005-01-25,1490.57
2005-01-26,1509.01
2005-01-27,1507.55
2005-01-28,1499.46
2005-01-31,1519.63
2005-02-01,1523.66
2005-02-02,1525.1
2005-02-03,1508.24
2005-02-04,1534.49
2005-02-07,1529.05
2005-02-08,1532.69
2005-02-09,1506.81
2005-02-10,1506.83
2005-02-11,1530.51
2005-02-14,1538.21
2005-02-15,1547.3
2005-02-16,1542.41
2005-02-17,1519.29
2005-02-18,1515.4
2005-02-22,1494.07
2005-02-23,1497.09
2005-02-24,1517.71
2005-02-25,1526.9
2005-02-28,1511.02
2005-03-01,1527.25
2005-03-02,1525.28
2005-03-03,1511.89
2005-03-04,1520.58
2005-03-07,1545.2
2005-03-08,1528.65
2005-03-09,1521.98
2005-03-10,1524.38
2005-03-11,1505.64
2005-03-14,1515.09
2005-03-15,1502.06
2005-03-16,1486.23
2005-03-17,1487.63
2005-03-18,1484.4
2005-03-21,1484.45
2005-03-22,1465.09
2005-03-23,1471.77
2005-03-24,1469.94
2005-03-28,1472.71
2005-03-29,1464.34
2005-03-30,1491.74
2005-03-31,1482.53
2005-04-01,1469.35
2005-04-04,1476.72
2005-04-05,1483.75
2005-04-06,1480.67
2005-04-07,1499.71
2005-04-08,1485.6
2005-04-11,1478.55
2005-04-12,1489.16
2005-04-13,1461.68
2005-04-14,1441.13
2005-04-15,1408.59
2005-04-18,1409.98
2005-04-19,1420.8
2005-04-20,1406.85
2005-04-21,1447.37
2005-04-22,1421.21
2005-04-25,1437.31
2005-04-26,1420.43
2005-04-27,1423.76
2005-04-28,1409.29
2005-04-29,1420.79
2005-05-02,1423.71
2005-05-03,1427.61
2005-05-04,1452.2
2005-05-05,1450.16
2005-05-06,1456.0
2005-05-09,1463.38
2005-05-10,1450.36
2005-05-11,1459.55
2005-05-12,1454.79
2005-05-13,1470.63
2005-05-16,1480.68
2005-05-17,1490.14
2005-05-18,1509.26
2005-05-19,1521.43
2005-05-20,1528.06
2005-05-23,1535.22
2005-05-24,1540.47
2005-05-25,1532.71
2005-05-26,1548.8
2005-05-27,1549.8
2005-05-31,1542.63
2005-06-01,1559.5
2005-06-02,1568.96
2005-06-03,1544.48
2005-06-06,1545.27
2005-06-07,1531.12
2005-06-08,1527.68
2005-06-09,1539.46
2005-06-10,1521.02
2005-06-13,1529.13
2005-06-14,1524.42
2005-06-15,1529.49
2005-06-16,1537.42
2005-06-17,1538.13
2005-06-20,1537.31
2005-06-21,1536.48
2005-06-22,1534.36
2005-06-23,1515.95
2005-06-24,1500.18
2005-06-27,1493.75
2005-06-28,1508.61
2005-06-29,1504.11
2005-06-30,1493.52
2005-07-01,1490.53
2005-07-05,1506.35
2005-07-06,1498.05
2005-07-07,1503.78
2005-07-08,1533.27
2005-07-11,1547.66
2005-07-12,1555.59
2005-07-13,1557.62
2005-07-14,1573.44
2005-07-15,1577.82
2005-07-18,1570.09
2005-07-19,1590.49
2005-07-20,1602.75
2005-07-21,1601.89
2005-07-22,1600.76
2005-07-25,1593.57
2005-07-26,1598.93
2005-07-27,1611.95
2005-07-28,1618.64
2005-07-29,1605.14
2005-08-01,1610.11
2005-08-02,1627.01
2005-08-03,1627.19
2005-08-04,1608.74
2005-08-05,1601.59
2005-08-08,1589.97
2005-08-09,1601.14
2005-08-10,1585.71
2005-08-11,1600.65
2005-08-12,1591.75
2005-08-15,1600.71
2005-08-16,1574.01
2005-08-17,1582.29
2005-08-18,1575.76
2005-08-19,1573.72
2005-08-22,1575.59
2005-08-23,1571.3
2005-08-24,1561.71
2005-08-25,1565.88
2005-08-26,1558.84
2005-08-29,1571.52
2005-08-30,1565.73
2005-08-31,1581.71
2005-09-01,1577.25
2005-09-02,1573.12
2005-09-06,1597.27
2005-09-07,1599.86
2005-09-08,1597.68
2005-09-09,1607.83
2005-09-12,1612.2
2005-09-13,1607.38
2005-09-14,1589.63
2005-09-15,1588.55
2005-09-16,1599.44
2005-09-19,1586.05
2005-09-20,1578.2
2005-09-21,1561.84
2005-09-22,1567.36
2005-09-23,1571.75
2005-09-26,1572.86
2005-09-27,1568.84
2005-09-28,1568.81
2005-09-29,1589.93
2005-09-30,1601.66
2005-10-03,1605.59
2005-10-04,1595.54
2005-10-05,1571.52
2005-10-06,1552.94
2005-10-07,1555.92
2005-10-10,1546.99
2005-10-11,1539.31
2005-10-12,1521.19
2005-10-13,1533.8
2005-10-14,1544.29
2005-10-17,1549.88
2005-10-18,1538.43
2005-10-19,1569.61
2005-10-20,1555.59
2005-10-21,1565.12
2005-10-24,1590.65
2005-10-25,1585.82
2005-10-26,1575.14
2005-10-27,1543.38
2005-10-28,1557.11
2005-10-31,1579.18
2005-11-01,1576.52
2005-11-02,1597.29
2005-11-03,1619.67
2005-11-04,1628.03
2005-11-07,1629.27
2005-11-08,1628.4
2005-11-09,1630.21
2005-11-10,1650.93
2005-11-11,1653.36
2005-11-14,1651.9
2005-11-15,1644.31
2005-11-16,1651.45
2005-11-17,1676.39
2005-11-18,1679.85
2005-11-21,1686.23
2005-11-22,1694.14
2005-11-23,1696.77
2005-11-25,1701.05
2005-11-28,1684.39
2005-11-29,1676.84
2005-11-30,1672.56
2005-12-01,1704.28
2005-12-02,1709.1
2005-12-05,1694.77
2005-12-06,1701.35
2005-12-07,1697.04
2005-12-08,1685.59
2005-12-09,1692.62
2005-12-12,1698.35
2005-12-13,1705.77
2005-12-14,1698.98
2005-12-15,1701.7
2005-12-16,1688.68
2005-12-19,1664.36
2005-12-20,1665.07
2005-12-21,1670.61
2005-12-22,1683.35
2005-12-23,1682.92
2005-12-27,1668.37
2005-12-28,1667.1
2005-12-29,1655.36
2005-12-30,1645.2
2006-01-03,1679.93
2006-01-04,1695.83
2006-01-05,1705.29
2006-01-06,1734.99
2006-01-09,1741.9
2006-01-10,1744.02
2006-01-11,1758.24
2006-01-12,1747.35
2006-01-13,1746.78
2006-01-17,1736.39
2006-01-18,1716.62
2006-01-19,1729.92
2006-01-20,1676.38
2006-01-23,1676.3
2006-01-24,1686.22
2006-01-25,1677.0
2006-01-26,1690.49
2006-01-27,1711.11
2006-01-30,1713.45
2006-01-31,1710.75
2006-02-01,1713.02
2006-02-02,1685.77
2006-02-03,1664.53
2006-02-06,1657.54
2006-02-07,1651.84
2006-02-08,1670.47
2006-02-09,1654.08
2006-02-10,1663.75
2006-02-13,1645.83
2006-02-14,1661.95
2006-02-15,1673.15
2006-02-16,1688.61
2006-02-17,1675.21
2006-02-21,1655.68
2006-02-22,1677.52
2006-02-23,1672.29
2006-02-24,1676.5
2006-02-27,1695.66
2006-02-28,1670.57
2006-03-01,1694.58
2006-03-02,1693.78
2006-03-03,1684.32
2006-03-06,1669.94
2006-03-07,1661.02
2006-03-08,1660.35
2006-03-09,1645.09
2006-03-10,1648.23
2006-03-13,1653.79
2006-03-14,1681.15
2006-03-15,1694.46
2006-03-16,1679.05
2006-03-17,1685.66
2006-03-20,1688.98
2006-03-21,1672.47
2006-03-22,1676.32
2006-03-23,1670.73
2006-03-24,1679.81
2006-03-27,1680.63
2006-03-28,1673.03
2006-03-29,1703.84
2006-03-30,1708.68
2006-03-31,1703.66
2006-04-03,1706.77
2006-04-04,1716.55
2006-04-05,1732.74
2006-04-06,1739.2
2006-04-07,1723.03
2006-04-10,1718.86
2006-04-11,1704.4
2006-04-12,1704.75
2006-04-13,1712.07
2006-04-17,1694.32
2006-04-18,1726.64
2006-04-19,1734.04
2006-04-20,1728.9
2006-04-21,1709.02
2006-04-24,1706.44
2006-04-25,1701.47
2006-04-26,1702.2
2006-04-27,1717.14
2006-04-28,1700.71
2006-05-01,1686.61
2006-05-02,1689.93
2006-05-03,1686.3
2006-05-04,1701.03
2006-05-05,1713.84
2006-05-08,1715.23
2006-05-09,1711.17
2006-05-10,1694.82
2006-05-11,1657.48
2006-05-12,1635.81
2006-05-15,1634.78
2006-05-16,1623.69
2006-05-17,1598.91
2006-05-18,1587.11
2006-05-19,1600.86
2006-05-22,1584.57
2006-05-23,1569.01
2006-05-24,1580.18
2006-05-25,1599.68
2006-05-26,1606.37
2006-05-30,1571.29
2006-05-31,1579.58
2006-06-01,1616.57
2006-06-02,1612.9
2006-06-05,1577.5
2006-06-06,1575.39
2006-06-07,1565.22
2006-06-08,1561.55
2006-06-09,1550.97
2006-06-12,1520.31
2006-06-13,1516.85
2006-06-14,1530.26
2006-06-15,1573.08
2006-06-16,1562.84
2006-06-19,1548.94
2006-06-20,1548.32
2006-06-21,1573.56
2006-06-22,1554.49
2006-06-23,1551.05
2006-06-26,1556.17
2006-06-27,1527.0
2006-06-28,1538.25
2006-06-29,1585.56
2006-06-30,1575.23
2006-07-03,1586.25
2006-07-05,1553.95
2006-07-06,1551.55
2006-07-07,1533.71
2006-07-10,1520.9
2006-07-11,1533.06
2006-07-12,1501.46
2006-07-13,1478.16
2006-07-14,1462.17
2006-07-17,1468.5
2006-07-18,1472.34
2006-07-19,1490.6
2006-07-20,1466.89
2006-07-21,1451.88
2006-07-24,1482.34
2006-07-25,1489.52
2006-07-26,1487.88
2006-07-27,1478.53
2006-07-28,1510.3
2006-07-31,1509.43
2006-08-01,1484.94
2006-08-02,1500.48
2006-08-03,1510.6
2006-08-04,1503.84
2006-08-07,1494.13
2006-08-08,1484.8
2006-08-09,1485.64
2006-08-10,1496.28
2006-08-11,1486.74
2006-08-14,1494.33
2006-08-15,1534.43
2006-08-16,1570.06
2006-08-17,1573.59
2006-08-18,1576.46
2006-08-21,1561.12
2006-08-22,1563.43
2006-08-23,1550.41
2006-08-24,1555.19
2006-08-25,1557.7
2006-08-28,1570.29
2006-08-29,1573.65
2006-08-30,1581.95
2006-08-31,1579.73
2006-09-01,1589.47
2006-09-05,1603.69
2006-09-06,1572.2
2006-09-07,1564.84
2006-09-08,1574.71
2006-09-11,1583.78
2006-09-12,1615.75
2006-09-13,1623.99
2006-09-14,1625.98
2006-09-15,1632.44
2006-09-18,1632.17
2006-09-19,1621.07
2006-09-20,1645.35
2006-09-21,1634.87
2006-09-22,1622.37
2006-09-25,1650.37
2006-09-26,1659.2
2006-09-27,1655.67
2006-09-28,1661.59
2006-09-29,1654.13
2006-10-02,1632.81
2006-10-03,1640.29
2006-10-04,1681.14
2006-10-05,1689.43
2006-10-06,1684.88
2006-10-09,1691.08
2006-10-10,1693.29
2006-10-11,1691.28
2006-10-12,1718.54
2006-10-13,1727.21
2006-10-16,1727.61
2006-10-17,1709.61
2006-10-18,1700.75
2006-10-19,1706.37
2006-10-20,1709.58
2006-10-23,1725.93
2006-10-24,1713.88
2006-10-25,1726.76
2006-10-26,1744.07
2006-10-27,1717.61
2006-10-30,1727.8
2006-10-31,1732.54
2006-11-01,1707.65
2006-11-02,1710.17
2006-11-03,1703.98
2006-11-06,1732.26
2006-11-07,1741.53
2006-11-08,1749.75
2006-11-09,1740.14
2006-11-10,1751.11
2006-11-13,1768.0
2006-11-14,1787.23
2006-11-15,1793.82
2006-11-16,1801.97
2006-11-17,1800.67
2006-11-20,1803.81
2006-11-21,1808.88
2006-11-22,1819.76
2006-11-24,1815.53
2006-11-27,1775.17
2006-11-28,1780.34
2006-11-29,1792.77
2006-11-30,1791.25
2006-12-01,1775.12
2006-12-04,1799.93
2006-12-05,1804.85
2006-12-06,1799.13
2006-12-07,1777.46
2006-12-08,1786.21
2006-12-11,1791.74
2006-12-12,1781.97
2006-12-13,1783.44
2006-12-14,1803.41
2006-12-15,1808.56
2006-12-18,1790.99
2006-12-19,1785.12
2006-12-20,1777.92
2006-12-21,1766.28
2006-12-22,1748.61
2006-12-26,1753.55
2006-12-27,1763.41
2006-12-28,1758.94
2006-12-29,1756.9
2007-01-03,1759.37
2007-01-04,1792.91
2007-01-05,1785.3
2007-01-08,1787.14
2007-01-09,1795.63
2007-01-10,1816.15
2007-01-11,1834.86
2007-01-12,1844.81
2007-01-16,1842.44
2007-01-17,1827.68
2007-01-18,1793.68
2007-01-19,1796.81
2007-01-22,1779.02
2007-01-23,1773.4
2007-01-24,1802.63
2007-01-25,1777.75
2007-01-26,1772.97
2007-01-29,1775.08
2007-01-30,1777.76
2007-01-31,1792.28
2007-02-01,1791.45
2007-02-02,1798.13
2007-02-05,1795.39
2007-02-06,1793.06
2007-02-07,1810.95
2007-02-08,1810.54
2007-02-09,1785.53
2007-02-12,1778.42
2007-02-13,1783.82
2007-02-14,1814.98
2007-02-15,1823.41
2007-02-16,1821.49
2007-02-20,1833.71
2007-02-21,1839.13
2007-02-22,1846.34
2007-02-23,1839.77
2007-02-26,1830.59
2007-02-27,1755.99
2007-02-28,1761.65
2007-03-01,1753.45
2007-03-02,1726.03
2007-03-05,1712.94
2007-03-06,1743.1
2007-03-07,1736.1
2007-03-08,1746.43
2007-03-09,1744.74
2007-03-12,1756.42
2007-03-13,1722.48
2007-03-14,1743.15
2007-03-15,1744.87
2007-03-16,1742.23
2007-03-19,1758.23
2007-03-20,1767.25
2007-03-21,1806.35
2007-03-22,1799.75
2007-03-23,1794.04
2007-03-26,1802.95
2007-03-27,1789.93
2007-03-28,1770.54
2007-03-29,1771.72
2007-03-30,1772.36
2007-04-02,1773.33
2007-04-03,1796.31
2007-04-04,1801.74
2007-04-05,1812.94
2007-04-09,1808.19
2007-04-10,1816.93
2007-04-11,1798.09
2007-04-12,1813.49
2007-04-13,1816.85
2007-04-16,1833.96
2007-04-17,1834.91
2007-04-18,1832.39
2007-04-19,1832.47
2007-04-20,1845.89
2007-04-23,1850.18
2007-04-24,1858.87
2007-04-25,1881.33
2007-04-26,1889.57
2007-04-27,1891.06
2007-04-30,1867.75
2007-05-01,1873.43
2007-05-02,1889.73
2007-05-03,1895.64
2007-05-04,1895.7
2007-05-07,1895.96
2007-05-08,1899.83
2007-05-09,1905.65
2007-05-10,1875.2
2007-05-11,1898.79
2007-05-14,1888.08
2007-05-15,1871.79
2007-05-16,1891.57
2007-05-17,1884.68
2007-05-18,1896.93
2007-05-21,1911.16
2007-05-22,1916.45
2007-05-23,1904.41
2007-05-24,1874.6
2007-05-25,1889.25
2007-05-29,1899.79
2007-05-30,1918.08
2007-05-31,1928.19
2007-06-01,1928.26
2007-06-04,1933.73
2007-06-05,1932.35
2007-06-06,1914.85
2007-06-07,1882.17
2007-06-08,1906.26
2007-06-11,1901.96
2007-06-12,1890.67
2007-06-13,1913.87
2007-06-14,1924.54
2007-06-15,1942.41
2007-06-18,1944.37
2007-06-19,1941.75
2007-06-20,1922.12
2007-06-21,1941.32
2007-06-22,1921.94
2007-06-25,1912.9
2007-06-26,1908.64
2007-06-27,1933.06
2007-06-28,1931.67
2007-06-29,1934.1
2007-07-02,1954.12
2007-07-03,1965.2
2007-07-05,1981.06
2007-07-06,1988.31
2007-07-09,1989.2
2007-07-10,1971.89
2007-07-11,1984.08
2007-07-12,2021.03
2007-07-13,2032.16
2007-07-16,2028.02
2007-07-17,2041.78
2007-07-18,2037.98
2007-07-19,2052.99
2007-07-20,2035.88
2007-07-23,2036.33
2007-07-24,2000.55
2007-07-25,2011.14
2007-07-26,1986.6
2007-07-27,1956.19
2007-07-30,1973.93
2007-07-31,1932.06
2007-08-01,1945.08
2007-08-02,1966.6
2007-08-03,1918.56
2007-08-06,1954.37
2007-08-07,1961.64
2007-08-08,1987.34
2007-08-09,1936.76
2007-08-10,1925.14
2007-08-13,1934.41
2007-08-14,1901.32
2007-08-15,1864.92
2007-08-16,1846.09
2007-08-17,1888.78
2007-08-20,1893.05
2007-08-21,1910.99
2007-08-22,1936.77
2007-08-23,1931.88
2007-08-24,1961.38
2007-08-27,1947.49
2007-08-28,1899.24
2007-08-29,1954.85
2007-08-30,1963.75
2007-08-31,1988.73
2007-09-04,2020.51
2007-09-05,1994.38
2007-09-06,1998.67
2007-09-07,1958.35
2007-09-10,1960.2
2007-09-11,1988.98
2007-09-12,1988.96
2007-09-13,1998.63
2007-09-14,2000.82
2007-09-17,1983.08
2007-09-18,2035.37
2007-09-19,2041.36
2007-09-20,2032.61
2007-09-21,2049.48
2007-09-24,2057.25
2007-09-25,2076.83
2007-09-26,2088.38
2007-09-27,2096.39
2007-09-28,2091.11
2007-10-01,2116.97
2007-10-02,2115.89
2007-10-03,2103.01
2007-10-04,2105.56
2007-10-05,2149.67
2007-10-08,2163.26
2007-10-09,2171.21
2007-10-10,2176.98
2007-10-11,2140.92
2007-10-12,2177.99
2007-10-15,2158.92
2007-10-16,2151.14
2007-10-17,2179.14
2007-10-18,2187.52
2007-10-19,2131.08
2007-10-22,2157.45
2007-10-23,2205.18
2007-10-24,2188.59
2007-10-25,2161.52
2007-10-26,2194.59
2007-10-29,2203.42
2007-10-30,2207.61
2007-10-31,2238.98
2007-11-01,2197.07
2007-11-02,2213.86
2007-11-05,2200.48
2007-11-06,2223.97
2007-11-07,2169.43
2007-11-08,2106.16
2007-11-09,2034.3
2007-11-12,1982.16
2007-11-13,2066.08
2007-11-14,2038.05
2007-11-15,2024.03
2007-11-16,2048.62
2007-11-19,2021.14
2007-11-20,2029.94
2007-11-21,2006.38
2007-11-23,2028.9
2007-11-26,1989.36
2007-11-27,2033.76
2007-11-28,2095.39
2007-11-29,2102.42
2007-11-30,2089.1
2007-12-03,2067.45
2007-12-04,2059.06
2007-12-05,2099.31
2007-12-06,2127.65
2007-12-07,2130.0
2007-12-10,2134.88
2007-12-11,2083.72
2007-12-12,2101.36
2007-12-13,2094.68
2007-12-14,2072.11
2007-12-17,2020.8
2007-12-18,2029.49
2007-12-19,2031.0
2007-12-20,2069.68
2007-12-21,2111.77
2007-12-24,2128.62
2007-12-26,2136.94
2007-12-27,2106.09
2007-12-28,2107.05
2007-12-31,2084.93
2008-01-02,2049.71
2008-01-03,2051.76
2008-01-04,1963.52
2008-01-07,1957.44
2008-01-08,1910.33
2008-01-09,1949.2
2008-01-10,1953.64
2008-01-11,1912.81
2008-01-14,1949.15
2008-01-15,1894.09
2008-01-16,1872.29
2008-01-17,1842.1
2008-01-18,1844.09
2008-01-22,1795.61
2008-01-23,1789.53
2008-01-24,1826.92
2008-01-25,1789.17
2008-01-28,1805.08
2008-01-29,1807.67
2008-01-30,1808.51
2008-01-31,1841.42
2008-02-01,1855.27
2008-02-04,1828.8
2008-02-05,1773.49
2008-02-06,1740.95
2008-02-07,1753.3
2008-02-08,1773.74
2008-02-11,1793.09
2008-02-12,1780.54
2008-02-13,1823.0
2008-02-14,1787.59
2008-02-15,1780.38
2008-02-19,1764.81
2008-02-20,1787.45
2008-02-21,1766.3
2008-02-22,1773.44
2008-02-25,1785.46
2008-02-26,1791.31
2008-02-27,1799.94
2008-02-28,1794.46
2008-02-29,1745.27
2008-03-03,1733.27
2008-03-04,1743.7
2008-03-05,1753.57
2008-03-06,1712.5
2008-03-07,1707.5
2008-03-10,1673.03
2008-03-11,1740.95
2008-03-12,1735.18
2008-03-13,1750.4
2008-03-14,1713.83
2008-03-17,1687.19
2008-03-18,1761.05
2008-03-19,1715.59
2008-03-20,1751.99
2008-03-24,1814.4
2008-03-25,1824.54
2008-03-26,1817.28
2008-03-27,1777.89
2008-03-28,1767.57
2008-03-31,1781.93
2008-04-01,1855.48
2008-04-02,1848.8
2008-04-03,1855.19
2008-04-04,1865.87
2008-04-07,1860.83
2008-04-08,1846.14
2008-04-09,1826.19
2008-04-10,1852.97
2008-04-11,1798.72
2008-04-14,1790.93
2008-04-15,1794.73
2008-04-16,1846.89
2008-04-17,1840.88
2008-04-18,1900.28
2008-04-21,1913.12
2008-04-22,1881.65
2008-04-23,1906.66
2008-04-24,1924.58
2008-04-25,1918.58
2008-04-28,1923.26
2008-04-29,1933.6
2008-04-30,1917.7
2008-05-01,1980.44
2008-05-02,1981.87
2008-05-05,1975.82
2008-05-06,1990.61
2008-05-07,1951.42
2008-05-08,1966.86
2008-05-09,1960.29
2008-05-12,1997.02
2008-05-13,2000.61
2008-05-14,1997.3
2008-05-15,2031.34
2008-05-16,2031.27
2008-05-19,2016.6
2008-05-20,2000.67
2008-05-21,1956.8
2008-05-22,1964.92
2008-05-23,1958.96
2008-05-27,1995.44
2008-05-28,2000.07
2008-05-29,2019.02
2008-05-30,2032.57
2008-06-02,2006.84
2008-06-03,1996.79
2008-06-04,2021.45
2008-06-05,2055.11
2008-06-06,1990.39
2008-06-09,1979.71
2008-06-10,1972.54
2008-06-11,1924.33
2008-06-12,1924.26
2008-06-13,1966.01
2008-06-16,1984.76
2008-06-17,1972.82
2008-06-18,1951.1
2008-06-19,1982.69
2008-06-20,1928.39
2008-06-23,1913.31
2008-06-24,1903.74
2008-06-25,1933.86
2008-06-26,1855.39
2008-06-27,1855.72
2008-06-30,1837.09
2008-07-01,1862.71
2008-07-02,1816.15
2008-07-03,1816.35
2008-07-07,1826.93
2008-07-08,1871.28
2008-07-09,1819.18
2008-07-10,1839.57
2008-07-11,1810.88
2008-07-14,1798.03
2008-07-15,1798.35
2008-07-16,1843.87
2008-07-17,1853.47
2008-07-18,1823.23
2008-07-21,1819.76
2008-07-22,1821.62
2008-07-23,1845.56
2008-07-24,1816.98
2008-07-25,1846.55
2008-07-28,1802.99
2008-07-29,1845.55
2008-07-30,1852.8
2008-07-31,1849.15
2008-08-01,1826.56
2008-08-04,1804.84
2008-08-05,1869.76
2008-08-06,1895.21
2008-08-07,1880.09
2008-08-08,1926.23
2008-08-11,1941.23
2008-08-12,1941.07
2008-08-13,1942.02
2008-08-14,1964.38
2008-08-15,1957.56
2008-08-18,1932.7
2008-08-19,1908.68
2008-08-20,1913.02
2008-08-21,1906.74
2008-08-22,1931.47
2008-08-25,1889.72
2008-08-26,1886.32
2008-08-27,1900.3
2008-08-28,1915.12
2008-08-29,1872.54
2008-09-02,1850.14
2008-09-03,1833.09
2008-09-04,1774.78
2008-09-05,1768.23
2008-09-08,1762.95
2008-09-09,1721.55
2008-09-10,1738.07
2008-09-11,1773.65
2008-09-12,1767.13
2008-09-15,1705.46
2008-09-16,1724.08
2008-09-17,1632.45
2008-09-18,1697.42
2008-09-19,1745.06
2008-09-22,1665.94
2008-09-23,1648.4
2008-09-24,1661.33
2008-09-25,1687.55
2008-09-26,1672.04
2008-09-29,1496.15
2008-09-30,1594.63
2008-10-01,1563.8
2008-10-02,1491.11
2008-10-03,1470.84
2008-10-06,1411.28
2008-10-07,1329.98
2008-10-08,1330.61
2008-10-09,1275.1
2008-10-10,1269.8
2008-10-13,1429.54
2008-10-14,1364.59
2008-10-15,1244.23
2008-10-16,1312.97
2008-10-17,1311.72
2008-10-20,1352.76
2008-10-21,1283.43
2008-10-22,1237.09
2008-10-23,1239.16
2008-10-24,1202.27
2008-10-27,1169.78
2008-10-28,1297.57
2008-10-29,1302.12
2008-10-30,1333.94
2008-10-31,1334.78
2008-11-03,1334.75
2008-11-04,1378.4
2008-11-05,1299.98
2008-11-06,1241.97
2008-11-07,1271.62
2008-11-10,1251.0
2008-11-11,1225.59
2008-11-12,1165.38
2008-11-13,1240.93
2008-11-14,1179.63
2008-11-17,1151.96
2008-11-18,1155.75
2008-11-19,1087.6
2008-11-20,1036.51
2008-11-21,1085.57
2008-11-24,1154.34
2008-11-25,1142.58
2008-11-26,1193.09
2008-11-28,1185.75
2008-12-01,1091.16
2008-12-02,1130.0
2008-12-03,1166.2
2008-12-04,1127.75
2008-12-05,1177.87
2008-12-08,1225.06
2008-12-09,1212.45
2008-12-10,1222.38
2008-12-11,1180.46
2008-12-12,1206.65
2008-12-15,1181.87
2008-12-16,1243.49
2008-12-17,1225.86
2008-12-18,1204.69
2008-12-19,1217.19
2008-12-22,1189.15
2008-12-23,1183.19
2008-12-24,1184.3
2008-12-26,1185.44
2008-12-29,1173.15
2008-12-30,1201.34
2008-12-31,1211.65
2009-01-02,1263.7
2009-01-05,1262.52
2009-01-06,1274.49
2009-01-07,1238.6
2009-01-08,1252.52
2009-01-09,1223.01
2009-01-12,1201.13
2009-01-13,1202.65
2009-01-14,1163.42
2009-01-15,1183.52
2009-01-16,1198.14
2009-01-20,1136.61
2009-01-21,1185.76
2009-01-22,1168.08
2009-01-23,1175.89
2009-01-26,1184.56
2009-01-27,1194.41
2009-01-28,1235.91
2009-01-29,1203.85
2009-01-30,1180.25
2009-02-02,1195.75
2009-02-03,1215.66
2009-02-04,1215.43
2009-02-05,1245.11
2009-02-06,1277.49
2009-02-09,1281.65
2009-02-10,1229.29
2009-02-11,1227.05
2009-02-12,1242.81
2009-02-13,1236.85
2009-02-17,1187.04
2009-02-18,1188.77
2009-02-19,1167.89
2009-02-20,1172.71
2009-02-23,1128.97
2009-02-24,1171.45
2009-02-25,1160.83
2009-02-26,1127.1
2009-02-27,1116.99
2009-03-02,1076.67
2009-03-03,1080.67
2009-03-04,1110.3
2009-03-05,1074.52
2009-03-06,1064.7
2009-03-09,1043.87
2009-03-10,1112.44
2009-03-11,1125.95
2009-03-12,1164.71
2009-03-13,1168.52
2009-03-16,1145.45
2009-03-17,1192.17
2009-03-18,1206.96
2009-03-19,1204.21
2009-03-20,1187.18
2009-03-23,1259.81
2009-03-24,1234.34
2009-03-25,1236.66
2009-03-26,1281.3
2009-03-27,1251.47
2009-03-30,1220.81
2009-03-31,1237.01
2009-04-01,1252.51
2009-04-02,1294.3
2009-04-03,1316.16
2009-04-06,1313.1
2009-04-07,1275.42
2009-04-08,1300.75
2009-04-09,1340.28
2009-04-13,1336.67
2009-04-14,1322.31
2009-04-15,1316.51
2009-04-16,1352.98
2009-04-17,1353.92
2009-04-20,1309.37
2009-04-21,1329.06
2009-04-22,1335.72
2009-04-23,1344.41
2009-04-24,1373.28
2009-04-27,1369.94
2009-04-28,1361.92
2009-04-29,1382.38
2009-04-30,1394.33
2009-05-01,1396.62
2009-05-04,1427.96
2009-05-05,1423.81
2009-05-06,1423.85
2009-05-07,1389.83
2009-05-08,1394.16
2009-05-11,1395.79
2009-05-12,1377.4
2009-05-13,1339.83
2009-05-14,1359.67
2009-05-15,1355.11
2009-05-18,1392.73
2009-05-19,1398.05
2009-05-20,1393.72
2009-05-21,1367.39
2009-05-22,1363.17
2009-05-26,1412.61
2009-05-27,1401.88
2009-05-28,1420.31
2009-05-29,1435.57
2009-06-01,1477.12
2009-06-02,1480.31
2009-06-03,1475.44
2009-06-04,1492.74
2009-06-05,1493.21
2009-06-08,1488.49
2009-06-09,1501.55
2009-06-10,1495.27
2009-06-11,1497.01
2009-06-12,1489.97
2009-06-15,1456.96
2009-06-16,1443.25
2009-06-17,1455.89
2009-06-18,1453.8
2009-06-19,1471.23
2009-06-22,1426.61
2009-06-23,1424.46
2009-06-24,1447.06
2009-06-25,1475.82
2009-06-26,1480.2
2009-06-29,1483.83
2009-06-30,1477.25
2009-07-01,1481.34
2009-07-02,1446.28
2009-07-06,1441.01
2009-07-07,1404.78
2009-07-08,1411.53
2009-07-09,1414.98
2009-07-10,1419.84
2009-07-13,1447.7
2009-07-14,1452.84
2009-07-15,1500.98
2009-07-16,1518.87
2009-07-17,1527.26
2009-07-20,1544.0
2009-07-21,1553.01
2009-07-22,1565.0
2009-07-23,1601.52
2009-07-24,1599.06
2009-07-27,1599.31
2009-07-28,1605.47
2009-07-29,1599.61
2009-07-30,1609.87
2009-07-31,1603.36
2009-08-03,1628.12
2009-08-04,1628.49
2009-08-05,1614.44
2009-08-06,1600.29
2009-08-07,1619.49
2009-08-10,1610.43
2009-08-11,1594.69
2009-08-12,1619.59
2009-08-13,1628.65
2009-08-14,1611.58
2009-08-17,1564.89
2009-08-18,1586.5
2009-08-19,1596.61
2009-08-20,1614.22
2009-08-21,1637.78
2009-08-24,1634.78
2009-08-25,1639.9
2009-08-26,1637.0
2009-08-27,1640.97
2009-08-28,1643.24
2009-08-31,1625.19
2009-09-01,1595.84
2009-09-02,1594.28
2009-09-03,1605.98
2009-09-04,1638.07
2009-09-08,1654.81
2009-09-09,1669.23
2009-09-10,1686.16
2009-09-11,1685.46
2009-09-14,1693.76
2009-09-15,1699.53
2009-09-16,1723.73
2009-09-17,1721.09
2009-09-18,1725.24
2009-09-21,1731.58
2009-09-22,1734.09
2009-09-23,1724.27
2009-09-24,1709.76
2009-09-25,1694.15
2009-09-28,1724.59
2009-09-29,1717.67
2009-09-30,1718.99
2009-10-01,1666.41
2009-10-02,1662.49
2009-10-05,1675.64
2009-10-06,1705.25
2009-10-07,1710.45
2009-10-08,1717.79
2009-10-09,1727.76
2009-10-12,1729.63
2009-10-13,1730.27
2009-10-14,1754.26
2009-10-15,1753.36
2009-10-16,1739.32
2009-10-19,1756.68
2009-10-20,1756.19
2009-10-21,1753.56
2009-10-22,1763.15
2009-10-23,1753.63
2009-10-26,1746.75
2009-10-27,1722.46
2009-10-28,1682.06
2009-10-29,1711.27
2009-10-30,1667.13
2009-11-02,1672.91
2009-11-03,1679.2
2009-11-04,1680.67
2009-11-05,1721.09
2009-11-06,1730.76
2009-11-09,1768.4
2009-11-10,1773.17
2009-11-11,1782.95
2009-11-12,1773.14
2009-11-13,1788.61
2009-11-16,1807.56
2009-11-17,1812.21
2009-11-18,1801.74
2009-11-19,1773.19
2009-11-20,1764.39
2009-11-23,1792.94
2009-11-24,1786.25
2009-11-25,1793.67
2009-11-27,1765.46
2009-11-30,1767.43
2009-12-01,1787.71
2009-12-02,1790.82
2009-12-03,1782.91
2009-12-04,1791.91
2009-12-07,1783.65
2009-12-08,1772.73
2009-12-09,1789.7
2009-12-10,1799.37
2009-12-11,1792.06
2009-12-14,1809.09
2009-12-15,1798.21
2009-12-16,1800.82
2009-12-17,1778.27
2009-12-18,1807.36
2009-12-21,1828.79
2009-12-22,1839.51
2009-12-23,1851.99
2009-12-24,1869.84
2009-12-28,1878.18
2009-12-29,1872.02
2009-12-30,1878.65
2009-12-31,1860.31
2010-01-04,1886.7
2010-01-05,1888.43
2010-01-06,1878.42
2010-01-07,1876.72
2010-01-08,1892.59
2010-01-11,1886.24
2010-01-12,1861.79
2010-01-13,1886.13
2010-01-14,1886.52
2010-01-15,1864.52
2010-01-19,1895.48
2010-01-20,1867.95
2010-01-21,1850.57
2010-01-22,1794.82
2010-01-25,1802.39
2010-01-26,1803.86
2010-01-27,1818.9
2010-01-28,1771.1
2010-01-29,1741.04
2010-02-01,1760.72
2010-02-02,1776.92
2010-02-03,1784.7
2010-02-04,1732.99
2010-02-05,1746.12
2010-02-08,1734.88
2010-02-09,1753.84
2010-02-10,1749.76
2010-02-11,1775.74
2010-02-12,1779.11
2010-02-16,1802.06
2010-02-17,1810.86
2010-02-18,1823.39
2010-02-19,1823.32
2010-02-22,1817.63
2010-02-23,1793.82
2010-02-24,1812.51
2010-02-25,1812.91
2010-02-26,1818.68
2010-03-01,1846.4
2010-03-02,1851.21
2010-03-03,1851.57
2010-03-04,1859.72
2010-03-05,1888.56
2010-03-08,1890.89
2010-03-09,1901.38
2010-03-10,1917.35
2010-03-11,1923.81
2010-03-12,1924.43
2010-03-15,1920.09
2010-03-16,1932.24
2010-03-17,1936.22
2010-03-18,1943.94
2010-03-19,1932.43
2010-03-22,1949.59
2010-03-23,1963.2
2010-03-24,1951.84
2010-03-25,1949.15
2010-03-26,1952.63
2010-03-29,1961.22
2010-03-30,1967.96
2010-03-31,1958.34
2010-04-01,1959.56
2010-04-05,1977.83
2010-04-06,1981.95
2010-04-07,1977.3
2010-04-08,1980.73
2010-04-09,1994.43
2010-04-12,1995.65
2010-04-13,2003.81
2010-04-14,2028.82
2010-04-15,2038.64
2010-04-16,2012.84
2010-04-19,2013.53
2010-04-20,2023.6
2010-04-21,2034.53
2010-04-22,2045.16
2010-04-23,2055.33
2010-04-26,2049.09
2010-04-27,2006.25
2010-04-28,2007.59
2010-04-29,2042.89
2010-04-30,2000.63
2010-05-03,2031.6
2010-05-04,1968.97
2010-05-05,1958.26
2010-05-06,1893.75
2010-05-07,1849.44
2010-05-10,1942.61
2010-05-11,1940.48
2010-05-12,1975.58
2010-05-13,1945.52
2010-05-14,1907.1
2010-05-17,1915.45
2010-05-18,1887.06
2010-05-19,1873.42
2010-05-20,1800.12
2010-05-21,1822.77
2010-05-24,1815.28
2010-05-25,1815.68
2010-05-26,1796.47
2010-05-27,1862.71
2010-05-28,1852.39
2010-06-01,1835.04
2010-06-02,1879.59
2010-06-03,1895.66
2010-06-04,1832.04
2010-06-07,1798.16
2010-06-08,1795.7
2010-06-09,1778.92
2010-06-10,1830.09
2010-06-11,1847.15
2010-06-14,1845.48
2010-06-15,1897.48
2010-06-16,1905.31
2010-06-17,1910.65
2010-06-18,1913.48
2010-06-21,1895.84
2010-06-22,1880.54
2010-06-23,1874.42
2010-06-24,1844.59
2010-06-25,1838.52
2010-06-28,1836.0
2010-06-29,1764.06
2010-06-30,1739.14
2010-07-01,1734.41
2010-07-02,1728.34
2010-07-06,1734.68
2010-07-07,1789.72
2010-07-08,1798.31
2010-07-09,1814.79
2010-07-12,1821.03
2010-07-13,1845.03
2010-07-14,1853.41
2010-07-15,1856.24
2010-07-16,1803.48
2010-07-19,1819.28
2010-07-20,1840.67
2010-07-21,1817.3
2010-07-22,1863.1
2010-07-23,1875.38
2010-07-26,1890.4
2010-07-27,1888.81
2010-07-28,1872.62
2010-07-29,1860.3
2010-07-30,1864.0
2010-08-02,1898.99
2010-08-03,1891.81
2010-08-04,1909.2
2010-08-05,1904.95
2010-08-06,1902.88
2010-08-09,1915.17
2010-08-10,1899.24
2010-08-11,1845.38
2010-08-12,1832.17
2010-08-13,1818.8
2010-08-16,1821.51
2010-08-17,1845.37
2010-08-18,1850.8
2010-08-19,1823.0
2010-08-20,1825.75
2010-08-23,1808.31
2010-08-24,1775.27
2010-08-25,1790.88
2010-08-26,1769.02
2010-08-27,1791.64
2010-08-30,1772.07
2010-08-31,1767.43
2010-09-01,1820.05
2010-09-02,1840.58
2010-09-03,1870.31
2010-09-07,1856.5
2010-09-08,1880.0
2010-09-09,1886.14
2010-09-10,1892.34
2010-09-13,1921.67
2010-09-14,1928.59
2010-09-15,1939.6
2010-09-16,1948.11
2010-09-17,1955.83
2010-09-20,1989.43
2010-09-21,1989.11
2010-09-22,1982.76
2010-09-23,1982.15
2010-09-24,2023.84
2010-09-27,2010.99
2010-09-28,2012.43
2010-09-29,2009.08
2010-09-30,1998.04
2010-10-01,1996.6
2010-10-04,1975.33
2010-10-05,2024.63
2010-10-06,2006.52
2010-10-07,2011.63
2010-10-08,2027.03
2010-10-11,2026.98
2010-10-12,2041.55
2010-10-13,2057.25
2010-10-14,2054.51
2010-10-15,2097.73
2010-10-18,2104.15
2010-10-19,2069.73
2010-10-20,2085.75
2010-10-21,2090.1
2010-10-22,2104.21
2010-10-25,2113.55
2010-10-26,2119.05
2010-10-27,2125.88
2010-10-28,2129.73
2010-10-29,2124.45
2010-11-01,2128.42
2010-11-02,2151.72
2010-11-03,2158.36
2010-11-04,2187.8
2010-11-05,2186.71
2010-11-08,2188.94
2010-11-09,2176.88
2010-11-10,2187.74
2010-11-11,2173.11
2010-11-12,2137.95
2010-11-15,2131.48
2010-11-16,2093.63
2010-11-17,2100.0
2010-11-18,2134.77
2010-11-19,2135.27
2010-11-22,2150.86
2010-11-23,2116.61
2010-11-24,2160.52
2010-11-26,2153.91
2010-11-29,2144.56
2010-11-30,2117.33
2010-12-01,2162.83
2010-12-02,2185.3
2010-12-03,2191.17
2010-12-06,2189.81
2010-12-07,2189.35
2010-12-08,2200.6
2010-12-09,2201.57
2010-12-10,2215.34
2010-12-13,2207.45
2010-12-14,2212.59
2010-12-15,2202.45
2010-12-16,2218.02
2010-12-17,2218.29
2010-12-20,2223.04
2010-12-21,2234.57
2010-12-22,2235.91
2010-12-23,2230.27
2010-12-27,2229.86
2010-12-28,2227.42
2010-12-29,2231.64
2010-12-30,2225.72
2010-12-31,2217.86
2011-01-03,2254.23
2011-01-04,2251.46
2011-01-05,2270.4
2011-01-06,2277.51
2011-01-07,2276.7
2011-01-10,2284.38
2011-01-11,2288.73
2011-01-12,2304.88
2011-01-13,2305.53
2011-01-14,2323.43
2011-01-18,2328.79
2011-01-19,2303.32
2011-01-20,2286.08
2011-01-21,2268.32
2011-01-24,2300.39
2011-01-25,2304.03
2011-01-26,2314.19
2011-01-27,2330.07
2011-01-28,2270.51
2011-01-31,2281.91
2011-02-01,2324.95
2011-02-02,2321.09
2011-02-03,2323.07
2011-02-04,2338.2
2011-02-07,2349.2
2011-02-08,2363.61
2011-02-09,2360.95
2011-02-10,2364.35
2011-02-11,2379.15
2011-02-14,2385.6
2011-02-15,2381.92
2011-02-16,2397.94
2011-02-17,2397.57
2011-02-18,2392.47
2011-02-22,2322.86
2011-02-23,2300.94
2011-02-24,2313.31
2011-02-25,2346.29
2011-02-28,2350.99
2011-03-01,2315.26
2011-03-02,2326.77
2011-03-03,2371.76
2011-03-04,2359.96
2011-03-07,2328.07
2011-03-08,2337.55
2011-03-09,2322.69
2011-03-10,2284.29
2011-03-11,2299.26
2011-03-14,2290.72
2011-03-15,2259.62
2011-03-16,2202.97
2011-03-17,2225.24
2011-03-18,2221.07
2011-03-21,2262.7
2011-03-22,2257.96
2011-03-23,2270.5
2011-03-24,2312.09
2011-03-25,2316.36
2011-03-28,2303.1
2011-03-29,2325.54
2011-03-30,2336.52
2011-03-31,2338.99
2011-04-01,2342.92
2011-04-04,2334.54
2011-04-05,2327.87
2011-04-06,2332.34
2011-04-07,2332.88
2011-04-08,2321.18
2011-04-11,2314.5
2011-04-12,2298.3
2011-04-13,2316.63
2011-04-14,2311.25
2011-04-15,2307.58
2011-04-18,2292.34
2011-04-19,2306.77
2011-04-20,2357.76
2011-04-21,2377.3
2011-04-25,2383.72
2011-04-26,2396.03
2011-04-27,2413.59
2011-04-28,2409.9
2011-04-29,2404.08
2011-05-02,2404.24
2011-05-03,2392.8
2011-05-04,2387.51
2011-05-05,2375.21
2011-05-06,2383.18
2011-05-09,2390.97
2011-05-10,2411.35
2011-05-11,2393.08
2011-05-12,2407.89
2011-05-13,2379.24
2011-05-16,2337.85
2011-05-17,2343.51
2011-05-18,2362.95
2011-05-19,2369.67
2011-05-20,2351.43
2011-05-23,2316.78
2011-05-24,2303.55
2011-05-25,2310.95
2011-05-26,2325.93
2011-05-27,2336.09
2011-05-31,2372.54
2011-06-01,2322.48
2011-06-02,2326.7
2011-06-03,2292.31
2011-06-06,2274.48
2011-06-07,2268.96
2011-06-08,2252.89
2011-06-09,2256.65
2011-06-10,2221.09
2011-06-13,2222.28
2011-06-14,2250.34
2011-06-15,2209.01
2011-06-16,2199.93
2011-06-17,2192.96
2011-06-20,2204.36
2011-06-21,2251.82
2011-06-22,2235.75
2011-06-23,2255.05
2011-06-24,2217.06
2011-06-27,2252.24
2011-06-28,2285.75
2011-06-29,2294.43
2011-06-30,2325.07
2011-07-01,2361.39
2011-07-05,2371.21
2011-07-06,2378.58
2011-07-07,2412.89
2011-07-08,2405.89
2011-07-11,2362.0
2011-07-12,2343.79
2011-07-13,2352.43
2011-07-14,2325.06
2011-07-15,2356.67
2011-07-18,2344.01
2011-07-19,2398.17
2011-07-20,2387.8
2011-07-21,2404.24
2011-07-22,2429.5
2011-07-25,2424.15
2011-07-26,2429.45
2011-07-27,2367.16
2011-07-28,2371.77
2011-07-29,2362.81
2011-08-01,2354.05
2011-08-02,2292.85
2011-08-03,2312.78
2011-08-04,2207.2
2011-08-05,2194.38
2011-08-08,2060.29
2011-08-09,2160.79
2011-08-10,2073.09
2011-08-11,2167.07
2011-08-12,2182.05
2011-08-15,2214.12
2011-08-16,2194.27
2011-08-17,2181.62
2011-08-18,2073.03
2011-08-19,2038.22
2011-08-22,2044.73
2011-08-23,2129.27
2011-08-24,2145.04
2011-08-25,2108.21
2011-08-26,2161.97
2011-08-29,2223.96
2011-08-30,2237.69
2011-08-31,2241.01
2011-09-01,2219.05
2011-09-02,2167.83
2011-09-06,2167.6
2011-09-07,2223.75
2011-09-08,2214.29
2011-09-09,2163.66
2011-09-12,2191.84
2011-09-13,2220.58
2011-09-14,2252.75
2011-09-15,2286.56
2011-09-16,2306.09
2011-09-19,2308.76
2011-09-20,2295.89
2011-09-21,2258.3
2011-09-22,2184.59
2011-09-23,2206.86
2011-09-26,2234.28
2011-09-27,2253.55
2011-09-28,2220.84
2011-09-29,2197.68
2011-09-30,2139.18
2011-10-03,2085.04
2011-10-04,2129.21
2011-10-05,2182.77
2011-10-06,2217.99
2011-10-07,2202.76
2011-10-10,2278.65
2011-10-11,2294.92
2011-10-12,2307.18
2011-10-13,2326.88
2011-10-14,2371.94
2011-10-17,2334.38
2011-10-18,2364.87
2011-10-19,2316.81
2011-10-20,2306.29
2011-10-21,2335.93
2011-10-24,2384.42
2011-10-25,2335.87
2011-10-26,2334.79
2011-10-27,2399.83
2011-10-28,2401.29
2011-10-31,2360.08
2011-11-01,2298.37
2011-11-02,2318.32
2011-11-03,2367.71
2011-11-04,2356.32
2011-11-07,2371.04
2011-11-08,2400.01
2011-11-09,2314.1
2011-11-10,2312.07
2011-11-11,2355.78
2011-11-14,2341.32
2011-11-15,2366.24
2011-11-16,2324.37
2011-11-17,2272.09
2011-11-18,2253.95
2011-11-21,2211.14
2011-11-22,2216.33
2011-11-23,2166.54
2011-11-25,2150.88
2011-11-28,2224.22
2011-11-29,2211.39
2011-11-30,2295.2
2011-12-01,2309.2
2011-12-02,2302.04
2011-12-05,2326.95
2011-12-06,2321.49
2011-12-07,2320.54
2011-12-08,2282.59
2011-12-09,2318.68
2011-12-12,2292.24
2011-12-13,2268.37
2011-12-14,2233.03
2011-12-15,2226.71
2011-12-16,2238.18
2011-12-19,2215.27
2011-12-20,2281.94
2011-12-21,2249.03
2011-12-22,2266.77
2011-12-23,2287.57
2011-12-27,2293.12
2011-12-28,2267.08
2011-12-29,2285.07
2011-12-30,2277.83
2012-01-03,2321.96
2012-01-04,2329.71
2012-01-05,2348.98
2012-01-06,2356.17
2012-01-09,2350.65
2012-01-10,2367.38
2012-01-11,2372.25
2012-01-12,2381.99
2012-01-13,2371.98
2012-01-17,2393.24
2012-01-18,2425.96
2012-01-19,2441.7
2012-01-20,2437.02
2012-01-23,2437.22
2012-01-24,2433.96
2012-01-25,2465.66
2012-01-26,2454.63
2012-01-27,2461.77
2012-01-30,2465.32
2012-01-31,2467.95
2012-02-01,2488.18
2012-02-02,2495.83
2012-02-03,2529.17
2012-02-06,2528.3
2012-02-07,2532.06
2012-02-08,2545.72
2012-02-09,2563.93
2012-02-10,2547.32
2012-02-13,2569.49
2012-02-14,2575.24
2012-02-15,2556.01
2012-02-16,2592.29
2012-02-17,2584.24
2012-02-21,2590.24
2012-02-22,2579.78
2012-02-23,2594.93
2012-02-24,2604.21
2012-02-27,2606.76
2012-02-28,2633.46
2012-02-29,2623.1
2012-03-01,2643.54
2012-03-02,2641.58
2012-03-05,2614.92
2012-03-06,2588.95
2012-03-07,2607.85
2012-03-08,2637.18
2012-03-09,2646.85
2012-03-12,2646.85
2012-03-13,2697.43
2012-03-14,2708.41
2012-03-15,2714.79
2012-03-16,2712.78
2012-03-19,2733.26
2012-03-20,2737.63
2012-03-21,2736.88
2012-03-22,2731.5
2012-03-23,2728.55
2012-03-26,2778.02
2012-03-27,2782.12
2012-03-28,2770.97
2012-03-29,2762.05
2012-03-30,2755.27
2012-04-02,2784.42
2012-04-03,2782.78
2012-04-04,2745.0
2012-04-05,2762.5
2012-04-09,2739.98
2012-04-10,2695.12
2012-04-11,2708.13
2012-04-12,2740.26
2012-04-13,2698.99
2012-04-16,2670.1
2012-04-17,2723.58
2012-04-18,2716.14
2012-04-19,2686.82
2012-04-20,2676.04
2012-04-23,2653.5
2012-04-24,2638.73
2012-04-25,2709.62
2012-04-26,2725.23
2012-04-27,2741.34
2012-04-30,2723.68
2012-05-01,2726.92
2012-05-02,2734.77
2012-05-03,2704.59
2012-05-04,2637.92
2012-05-07,2639.28
2012-05-08,2629.87
2012-05-09,2621.35
2012-05-10,2616.24
2012-05-11,2615.98
2012-05-14,2590.28
2012-05-15,2580.75
2012-05-16,2561.56
2012-05-17,2509.05
2012-05-18,2478.53
2012-05-21,2545.43
2012-05-22,2539.2
2012-05-23,2547.08
2012-05-24,2531.35
2012-05-25,2527.05
2012-05-29,2558.97
2012-05-30,2537.4
2012-05-31,2524.87
2012-06-01,2458.83
2012-06-04,2478.13
2012-06-05,2487.5
2012-06-06,2546.32
2012-06-07,2535.41
2012-06-08,2559.21
2012-06-11,2517.18
2012-06-12,2546.2
2012-06-13,2527.44
2012-06-14,2539.97
2012-06-15,2571.23
2012-06-18,2592.52
2012-06-19,2620.83
2012-06-20,2623.33
2012-06-21,2556.96
2012-06-22,2585.53
2012-06-25,2533.54
2012-06-26,2549.84
2012-06-27,2565.53
2012-06-28,2536.65
2012-06-29,2615.72
2012-07-02,2625.03
2012-07-03,2645.84
2012-07-05,2647.47
2012-07-06,2612.29
2012-07-09,2610.31
2012-07-10,2585.52
2012-07-11,2570.99
2012-07-12,2545.3
2012-07-13,2584.97
2012-07-16,2577.05
2012-07-17,2591.65
2012-07-18,2625.87
2012-07-19,2655.81
2012-07-20,2618.04
2012-07-23,2589.93
2012-07-24,2567.46
2012-07-25,2549.2
2012-07-26,2584.85
2012-07-27,2647.03
2012-07-30,2642.12
2012-07-31,2642.53
2012-08-01,2635.13
2012-08-02,2625.52
2012-08-03,2676.0
2012-08-06,2694.09
2012-08-07,2717.16
2012-08-08,2714.02
2012-08-09,2719.61
2012-08-10,2722.96
2012-08-13,2728.68
2012-08-14,2727.79
2012-08-15,2735.47
2012-08-16,2768.09
2012-08-17,2780.3
2012-08-20,2784.33
2012-08-21,2772.2
2012-08-22,2783.42
2012-08-23,2762.02
2012-08-24,2778.05
2012-08-27,2782.55
2012-08-28,2782.69
2012-08-29,2784.0
2012-08-30,2753.74
2012-08-31,2772.24
2012-09-04,2772.03
2012-09-05,2766.95
2012-09-06,2829.71
2012-09-07,2825.11
2012-09-10,2788.35
2012-09-11,2784.89
2012-09-12,2791.68
2012-09-13,2831.35
2012-09-14,2855.23
2012-09-17,2856.44
2012-09-18,2857.38
2012-09-19,2864.03
2012-09-20,2861.7
2012-09-21,2861.64
2012-09-24,2843.98
2012-09-25,2804.53
2012-09-26,2781.63
2012-09-27,2821.6
2012-09-28,2799.19
2012-10-01,2794.28
2012-10-02,2799.29
2012-10-03,2818.84
2012-10-04,2828.6
2012-10-05,2811.94
2012-10-08,2786.92
2012-10-09,2741.92
2012-10-10,2728.54
2012-10-11,2719.21
2012-10-12,2720.14
2012-10-15,2739.88
2012-10-16,2778.38
2012-10-17,2775.62
2012-10-18,2744.17
2012-10-19,2678.32
2012-10-22,2694.56
2012-10-23,2666.02
2012-10-24,2655.55
2012-10-25,2657.66
2012-10-26,2665.83
2012-10-31,2647.92
2012-11-01,2687.52
2012-11-02,2656.28
2012-11-05,2672.91
2012-11-06,2681.05
2012-11-07,2612.69
2012-11-08,2572.57
2012-11-09,2584.1
2012-11-12,2582.77
2012-11-13,2561.86
2012-11-14,2531.87
2012-11-15,2524.36
2012-11-16,2534.16
2012-11-19,2595.83
2012-11-20,2594.66
2012-11-21,2600.48
2012-11-23,2639.59
2012-11-26,2651.67
2012-11-27,2641.42
2012-11-28,2665.27
2012-11-29,2680.03
2012-11-30,2677.88
2012-12-03,2671.84
2012-12-04,2667.89
2012-12-05,2637.89
2012-12-06,2656.3
2012-12-07,2640.54
2012-12-10,2647.57
2012-12-11,2682.07
2012-12-12,2674.57
2012-12-13,2654.01
2012-12-14,2628.09
2012-12-17,2664.26
2012-12-18,2705.39
2012-12-19,2690.99
2012-12-20,2693.55
2012-12-21,2664.67
2012-12-24,2658.05
2012-12-26,2637.18
2012-12-27,2632.94
2012-12-28,2606.36
2012-12-31,2660.93
2013-01-02,2746.47
2013-01-03,2732.26
2013-01-04,2724.49
2013-01-07,2724.22
2013-01-08,2718.72
2013-01-09,2727.65
2013-01-10,2744.18
2013-01-11,2748.26
2013-01-14,2735.7
2013-01-15,2722.98
2013-01-16,2734.73
2013-01-17,2747.15
2013-01-18,2743.24
2013-01-22,2746.19
2013-01-23,2762.17
2013-01-24,2723.53
2013-01-25,2736.73
2013-01-28,2742.43
2013-01-29,2743.58
2013-01-30,2738.71
2013-01-31,2731.53
2013-02-01,2763.96
2013-02-04,2715.68
2013-02-05,2754.99
2013-02-06,2746.35
2013-02-07,2746.5
2013-02-08,2775.56
2013-02-11,2774.64
2013-02-12,2762.62
2013-02-13,2773.77
2013-02-14,2771.43
2013-02-15,2764.67
2013-02-19,2782.86
2013-02-20,2739.99
2013-02-21,2711.51
2013-02-22,2737.28
2013-02-25,2700.97
2013-02-26,2713.02
2013-02-27,2741.26
2013-02-28,2738.58
2013-03-01,2747.75
2013-03-04,2759.53
2013-03-05,2799.25
2013-03-06,2792.56
2013-03-07,2799.49
2013-03-08,2804.11
2013-03-11,2811.86
2013-03-12,2800.81
2013-03-13,2798.68
2013-03-14,2807.3
2013-03-15,2799.41
2013-03-18,2792.3
2013-03-19,2787.27
2013-03-20,2805.91
2013-03-21,2774.85
2013-03-22,2800.81
2013-03-25,2789.45
2013-03-26,2806.5
2013-03-27,2809.98
2013-03-28,2818.69
2013-04-01,2797.07
2013-04-02,2820.62
2013-04-03,2795.04
2013-04-04,2794.92
2013-04-05,2771.75
2013-04-08,2786.13
2013-04-09,2804.67
2013-04-10,2859.21
2013-04-11,2859.07
2013-04-12,2856.48
2013-04-15,2797.47
2013-04-16,2838.41
2013-04-17,2781.98
2013-04-18,2741.95
2013-04-19,2780.46
2013-04-22,2810.07
2013-04-23,2835.37
2013-04-24,2834.12
2013-04-25,2848.66
2013-04-26,2840.55
2013-04-29,2866.95
2013-04-30,2887.44
2013-05-01,2873.35
2013-05-02,2911.14
2013-05-03,2944.59
2013-05-06,2955.36
2013-05-07,2952.88
2013-05-08,2968.24
2013-05-09,2961.12
2013-05-10,2981.02
2013-05-13,2982.09
2013-05-14,2996.05
2013-05-15,3002.62
2013-05-16,2999.34
2013-05-17,3028.96
2013-05-20,3020.97
2013-05-21,3026.45
2013-05-22,2999.13
2013-05-23,2991.45
2013-05-24,2991.02
2013-05-28,3011.94
2013-05-29,2994.82
2013-05-30,3011.83
2013-05-31,2981.76
2013-06-03,2990.79
2013-06-04,2973.69
2013-06-05,2937.14
2013-06-06,2950.3
2013-06-07,2990.87
2013-06-10,2990.49
2013-06-11,2959.84
2013-06-12,2926.14
2013-06-13,2962.9
2013-06-14,2943.86
2013-06-17,2971.26
2013-06-18,2996.09
2013-06-19,2959.5
2013-06-20,2890.33
2013-06-21,2877.94
2013-06-24,2848.2
2013-06-25,2866.5
2013-06-26,2893.85
2013-06-27,2906.84
2013-06-28,2909.6
2013-07-01,2927.35
2013-07-02,2929.63
2013-07-03,2941.41
2013-07-05,2963.22
2013-07-08,2966.13
2013-07-09,2984.32
2013-07-10,3000.66
2013-07-11,3059.46
2013-07-12,3079.07
2013-07-15,3079.85
2013-07-16,3077.47
2013-07-17,3085.28
2013-07-18,3077.82
2013-07-19,3044.93
2013-07-22,3055.23
2013-07-23,3031.4
2013-07-24,3041.16
2013-07-25,3061.67
2013-07-26,3076.23
2013-07-29,3068.95
2013-07-30,3085.33
2013-07-31,3090.19
2013-08-01,3126.3
2013-08-02,3143.52
2013-08-05,3143.19
2013-08-06,3122.2
2013-08-07,3118.69
2013-08-08,3130.12
2013-08-09,3118.57
2013-08-12,3125.93
2013-08-13,3141.06
2013-08-14,3129.45
2013-08-15,3076.23
2013-08-16,3073.91
2013-08-19,3069.76
2013-08-20,3082.17
2013-08-21,3071.47
2013-08-22,3101.82
2013-08-23,3124.27
2013-08-26,3122.67
2013-08-27,3059.58
2013-08-28,3072.17
2013-08-29,3093.36
2013-08-30,3073.81
2013-09-03,3091.76
2013-09-04,3124.54
2013-09-05,3129.94
2013-09-06,3133.38
2013-09-09,3169.93
2013-09-10,3185.07
2013-09-11,3179.86
2013-09-12,3175.57
2013-09-13,3178.28
2013-09-16,3168.69
2013-09-17,3190.83
2013-09-18,3231.31
2013-09-19,3237.61
2013-09-20,3224.73
2013-09-23,3219.34
2013-09-24,3218.66
2013-09-25,3208.55
2013-09-26,3234.04
2013-09-27,3230.3
2013-09-30,3218.2
2013-10-01,3253.05
2013-10-02,3253.26
2013-10-03,3213.83
2013-10-04,3242.57
2013-10-07,3215.69
2013-10-08,3153.87
2013-10-09,3142.53
2013-10-10,3210.84
2013-10-11,3233.83
2013-10-14,3256.02
2013-10-15,3244.66
2013-10-16,3281.67
2013-10-17,3301.28
2013-10-18,3353.88
2013-10-21,3361.18
2013-10-22,3366.93
2013-10-23,3346.05
2013-10-24,3362.38
2013-10-25,3383.83
2013-10-28,3382.68
2013-10-29,3391.75
2013-10-30,3385.38
2013-10-31,3377.73
2013-11-01,3379.76
2013-11-04,3384.75
2013-11-05,3388.82
2013-11-06,3385.38
2013-11-07,3321.41
2013-11-08,3366.84
2013-11-11,3362.97
2013-11-12,3365.22
2013-11-13,3405.56
2013-11-14,3415.14
2013-11-15,3422.58
2013-11-18,3388.87
2013-11-19,3378.13
2013-11-20,3367.17
2013-11-21,3402.74
2013-11-22,3422.02
2013-11-25,3427.49
2013-11-26,3445.76
2013-11-27,3470.48
2013-11-29,3487.82
2013-12-02,3481.15
2013-12-03,3479.34
2013-12-04,3483.01
2013-12-05,3477.73
2013-12-06,3504.26
2013-12-09,3516.17
2013-12-10,3514.2
2013-12-11,3468.99
2013-12-12,3460.29
2013-12-13,3456.4
2013-12-16,3475.79
2013-12-17,3469.32
2013-12-18,3509.63
2013-12-19,3498.63
2013-12-20,3531.19
2013-12-23,3569.4
2013-12-24,3572.8
2013-12-26,3584.58
2013-12-27,3574.02
2013-12-30,3570.08
2013-12-31,3592.0
2014-01-02,3563.57
2014-01-03,3538.73
2014-01-06,3526.96
2014-01-07,3557.85
2014-01-08,3567.54
2014-01-09,3552.57
2014-01-10,3565.08
2014-01-13,3512.8
2014-01-14,3580.65
2014-01-15,3609.84
2014-01-16,3611.29
2014-01-17,3591.25
2014-01-21,3617.7
2014-01-22,3627.72
2014-01-23,3613.76
2014-01-24,3541.48
2014-01-27,3509.02
2014-01-28,3505.72
2014-01-29,3467.82
2014-01-30,3532.41
2014-01-31,3521.92
2014-02-03,3440.5
2014-02-04,3470.2
2014-02-05,3454.89
2014-02-06,3497.59
2014-02-07,3561.91
2014-02-10,3582.11
2014-02-11,3621.72
2014-02-12,3627.36
2014-02-13,3659.56
2014-02-14,3663.88
2014-02-18,3679.43
2014-02-19,3652.84
2014-02-20,3671.93
2014-02-21,3662.6
2014-02-24,3685.81
2014-02-25,3679.14
2014-02-26,3676.6
2014-02-27,3699.8
2014-02-28,3696.1
2014-03-03,3668.37
2014-03-04,3719.93
2014-03-05,3727.18
2014-03-06,3720.93
2014-03-07,3703.4
2014-03-10,3706.34
2014-03-11,3691.5
2014-03-12,3707.06
2014-03-13,3651.49
2014-03-14,3627.87
2014-03-17,3662.51
2014-03-18,3706.62
2014-03-19,3682.74
2014-03-20,3693.97
2014-03-21,3653.07
2014-03-24,3617.39
2014-03-25,3629.73
2014-03-26,3582.89
2014-03-27,3563.13
2014-03-28,3571.49
2014-03-31,3595.74
2014-04-01,3658.4
2014-04-02,3665.99
2014-04-03,3637.58
2014-04-04,3539.38
2014-04-07,3507.75
2014-04-08,3538.23
2014-04-09,3600.44
2014-04-10,3487.76
2014-04-11,3446.84
2014-04-14,3474.63
2014-04-15,3487.85
2014-04-16,3533.09
2014-04-17,3534.53
2014-04-21,3559.95
2014-04-22,3588.8
2014-04-23,3557.04
2014-04-24,3591.03
2014-04-25,3533.09
2014-04-28,3545.03
2014-04-29,3573.99
2014-04-30,3582.02
2014-05-01,3594.36
2014-05-02,3587.64
2014-05-05,3605.09
2014-05-06,3556.51
2014-05-07,3546.47
2014-05-08,3540.42
2014-05-09,3555.7
2014-05-12,3612.73
2014-05-13,3611.13
2014-05-14,3593.25
2014-05-15,3565.17
2014-05-16,3587.2
2014-05-19,3615.62
2014-05-20,3600.31
2014-05-21,3635.61
2014-05-22,3650.86
2014-05-23,3677.33
2014-05-27,3723.07
2014-05-28,3712.26
2014-05-29,3735.72
2014-05-30,3736.82
2014-06-02,3732.96
2014-06-03,3730.07
2014-06-04,3743.59
2014-06-05,3776.95
2014-06-06,3794.57
2014-06-09,3795.74
2014-06-10,3800.86
2014-06-11,3797.85
2014-06-12,3763.8
2014-06-13,3775.56
2014-06-16,3779.93
2014-06-17,3781.32
2014-06-18,3804.61
2014-06-19,3800.8
2014-06-20,3802.64
2014-06-23,3805.31
2014-06-24,3799.53
2014-06-25,3827.33
2014-06-26,3826.91
2014-06-27,3844.44
2014-06-30,3849.48
2014-07-01,3894.33
2014-07-02,3899.27
2014-07-03,3923.01
2014-07-07,3910.71
2014-07-08,3864.07
2014-07-09,3892.91
2014-07-10,3880.04
2014-07-11,3904.58
2014-07-14,3929.46
2014-07-15,3914.45
2014-07-16,3932.33
2014-07-17,3878.01
2014-07-18,3939.89
2014-07-21,3934.14
2014-07-22,3961.62
2014-07-23,3986.19
2014-07-24,3983.19
2014-07-25,3965.16
2014-07-28,3967.24
2014-07-29,3959.03
2014-07-30,3976.07
2014-07-31,3892.5
2014-08-01,3879.67
2014-08-04,3908.77
2014-08-05,3874.94
2014-08-06,3874.27
2014-08-07,3857.94
2014-08-08,3888.09
2014-08-11,3910.46
2014-08-12,3905.22
2014-08-13,3949.2
2014-08-14,3969.11
2014-08-15,3987.51
2014-08-18,4020.5
2014-08-19,4040.13
2014-08-20,4040.7
2014-08-21,4047.03
2014-08-22,4052.75
2014-08-25,4067.48
2014-08-26,4071.67
2014-08-27,4073.18
2014-08-28,4066.27
2014-08-29,4082.56
2014-09-02,4095.81
2014-09-03,4070.96
2014-09-04,4066.13
2014-09-05,4089.92
2014-09-08,4095.47
2014-09-09,4061.88
2014-09-10,4094.97
2014-09-11,4092.65
2014-09-12,4069.23
2014-09-15,4029.89
2014-09-16,4067.27
2014-09-17,4073.57
2014-09-18,4103.08
2014-09-19,4100.09
2014-09-22,4061.23
2014-09-23,4051.57
2014-09-24,4094.31
2014-09-25,4007.82
2014-09-26,4053.72
2014-09-29,4047.18
2014-09-30,4049.45
2014-10-01,3984.74
2014-10-02,3985.87
2014-10-03,4027.31
2014-10-06,4016.27
2014-10-07,3958.59
2014-10-08,4041.12
2014-10-09,3969.32
2014-10-10,3870.86
2014-10-13,3807.99
2014-10-14,3810.45
2014-10-15,3785.97
2014-10-16,3765.28
2014-10-17,3815.47
2014-10-20,3870.08
2014-10-21,3971.39
2014-10-22,3949.59
2014-10-23,4012.27
2014-10-24,4042.02
2014-10-27,4046.01
2014-10-28,4106.62
2014-10-29,4090.55
2014-10-30,4100.64
2014-10-31,4158.21
2014-11-03,4169.28
2014-11-04,4156.23
2014-11-05,4153.27
2014-11-06,4164.08
2014-11-07,4160.5
2014-11-10,4175.95
2014-11-11,4187.16
2014-11-12,4195.4
2014-11-13,4213.48
2014-11-14,4224.99
2014-11-17,4213.79
2014-11-18,4242.19
2014-11-19,4222.66
2014-11-20,4242.09
2014-11-21,4251.32
2014-11-24,4284.32
2014-11-25,4288.23
2014-11-26,4317.99
2014-11-28,4337.78
2014-12-01,4287.81
2014-12-02,4305.96
2014-12-03,4312.93
2014-12-04,4311.93
2014-12-05,4311.57
2014-12-08,4278.34
2014-12-09,4294.67
2014-12-10,4224.87
2014-12-11,4246.48
2014-12-12,4199.28
2014-12-15,4157.41
2014-12-16,4089.6
2014-12-17,4165.1
2014-12-18,4267.77
2014-12-19,4281.78
2014-12-22,4293.67
2014-12-23,4279.3
2014-12-24,4283.1
2014-12-26,4314.1
2014-12-29,4312.64
2014-12-30,4282.35
2014-12-31,4236.28
2015-01-02,4230.24
2015-01-05,4160.96
2015-01-06,4110.83
2015-01-07,4160.0
2015-01-08,4240.55
2015-01-09,4213.28
2015-01-12,4169.97
2015-01-13,4166.2
2015-01-14,4145.84
2015-01-15,4089.65
2015-01-16,4142.14
2015-01-20,4171.21
2015-01-21,4192.09
2015-01-22,4270.36
2015-01-23,4278.14
2015-01-26,4275.72
2015-01-27,4165.5
2015-01-28,4140.38
2015-01-29,4181.35
2015-01-30,4148.43
2015-02-02,4188.59
2015-02-03,4229.15
2015-02-04,4221.2
2015-02-05,4256.18
2015-02-06,4228.68
2015-02-09,4216.09
2015-02-10,4281.15
2015-02-11,4297.28
2015-02-12,4347.97
2015-02-13,4384.03
2015-02-17,4385.34
2015-02-18,4390.91
2015-02-19,4411.86
2015-02-20,4443.05
2015-02-23,4449.49
2015-02-24,4451.03
2015-02-25,4440.59
2015-02-26,4462.27
2015-02-27,4440.67
2015-03-02,4483.05
2015-03-03,4458.78
2015-03-04,4445.36
2015-03-05,4452.06
2015-03-06,4399.23
2015-03-09,4412.99
2015-03-10,4329.08
2015-03-11,4305.38
2015-03-12,4336.23
2015-03-13,4314.9
2015-03-16,4370.47
2015-03-17,4375.62
2015-03-18,4422.5
2015-03-19,4426.82
2015-03-20,4458.54
2015-03-23,4445.54
2015-03-24,4430.98
2015-03-25,4329.29
2015-03-26,4315.26
2015-03-27,4332.86
2015-03-30,4382.82
2015-03-31,4333.69
2015-04-01,4311.26
2015-04-02,4316.01
2015-04-06,4350.98
2015-04-07,4344.08
2015-04-08,4375.96
2015-04-09,4403.95
2015-04-10,4422.02
2015-04-13,4409.21
2015-04-14,4397.65
2015-04-15,4424.53
2015-04-16,4418.83
2015-04-17,4351.8
2015-04-20,4417.4
2015-04-21,4435.98
2015-04-22,4460.81
2015-04-23,4477.07
2015-04-24,4536.78
2015-04-27,4525.03
2015-04-28,4515.27
2015-04-29,4488.15
2015-04-30,4414.25
2015-05-01,4479.06
2015-05-04,4482.61
2015-05-05,4409.39
2015-05-06,4379.75
2015-05-07,4401.55
2015-05-08,4458.65
2015-05-11,4438.64
2015-05-12,4420.65
2015-05-13,4426.56
2015-05-14,4495.04
2015-05-15,4494.29
2015-05-18,4512.95
2015-05-19,4503.72
2015-05-20,4505.3
2015-05-21,4529.47
2015-05-22,4527.16
2015-05-26,4472.96
2015-05-27,4546.06
2015-05-28,4535.66
2015-05-29,4508.25
2015-06-01,4521.85
2015-06-02,4508.89
2015-06-03,4519.86
2015-06-04,4487.03
2015-06-05,4477.19
2015-06-08,4431.52
2015-06-09,4427.61
2015-06-10,4485.46
2015-06-11,4488.47
2015-06-12,4453.79
2015-06-15,4432.92
2015-06-16,4455.9
2015-06-17,4468.98
2015-06-18,4531.85
2015-06-19,4513.42
2015-06-22,4544.04
2015-06-23,4548.74
2015-06-24,4524.6
2015-06-25,4514.01
2015-06-26,4484.28
2015-06-29,4379.86
2015-06-30,4396.76
2015-07-01,4429.23
2015-07-02,4433.39
2015-07-06,4418.66
2015-07-07,4429.06
2015-07-08,4351.58
2015-07-09,4352.03
2015-07-10,4420.15
2015-07-13,4494.47
2015-07-14,4523.47
2015-07-15,4528.36
2015-07-16,4594.9
2015-07-17,4661.6
2015-07-20,4679.68
2015-07-21,4674.4
2015-07-22,4623.24
2015-07-23,4602.83
2015-07-24,4557.38
2015-07-27,4519.09
2015-07-28,4560.23
2015-07-29,4581.6
2015-07-30,4598.59
2015-07-31,4588.91
2015-08-03,4580.46
2015-08-04,4567.47
2015-08-05,4602.24
2015-08-06,4528.51
2015-08-07,4520.08
2015-08-10,4573.11
2015-08-11,4513.99
2015-08-12,4528.19
2015-08-13,4519.32
2015-08-14,4530.74
2015-08-17,4566.37
2015-08-18,4542.07
2015-08-19,4510.9
2015-08-20,4385.13
2015-08-21,4197.27
2015-08-24,4038.6
2015-08-25,4016.32
2015-08-26,4219.6
2015-08-27,4324.82
2015-08-28,4329.12
2015-08-31,4274.58
2015-09-01,4142.63
2015-09-02,4256.23
2015-09-03,4234.65
2015-09-04,4184.72
2015-09-08,4303.53
2015-09-09,4253.45
2015-09-10,4296.3
2015-09-11,4323.23
2015-09-14,4308.76
2015-09-15,4360.28
2015-09-16,4383.67
2015-09-17,4384.96
2015-09-18,4323.86
2015-09-21,4336.13
2015-09-22,4274.1
2015-09-23,4273.53
2015-09-24,4261.1
2015-09-25,4224.74
2015-09-28,4103.47
2015-09-29,4083.37
2015-09-30,4181.06
2015-10-01,4192.96
2015-10-02,4267.45
2015-10-05,4331.43
2015-10-06,4306.7
2015-10-07,4333.46
2015-10-08,4350.15
2015-10-09,4370.01
2015-10-12,4382.56
2015-10-13,4352.94
2015-10-14,4346.92
2015-10-15,4418.22
2015-10-16,4438.62
2015-10-19,4462.07
2015-10-20,4438.18
2015-10-21,4413.52
2015-10-22,4503.22
2015-10-23,4624.09
2015-10-26,4630.85
2015-10-27,4639.23
2015-10-28,4678.57
2015-10-29,4670.77
2015-10-30,4648.83
2015-11-02,4703.91
2015-11-03,4719.05
2015-11-04,4717.55
2015-11-05,4702.9
2015-11-06,4707.23
2015-11-09,4655.52
2015-11-10,4641.73
2015-11-11,4636.94
2015-11-12,4588.93
2015-11-13,4502.14
2015-11-16,4565.47
2015-11-17,4565.82
2015-11-18,4653.44
2015-11-19,4655.35
2015-11-20,4686.36
2015-11-23,4674.79
2015-11-24,4669.41
2015-11-25,4672.88
2015-11-27,4680.47
2015-11-30,4664.51
2015-12-01,4716.16
2015-12-02,4686.22
2015-12-03,4606.76
2015-12-04,4716.12
2015-12-07,4693.62
2015-12-08,4694.77
2015-12-09,4622.14
2015-12-10,4643.05
2015-12-11,4537.56
2015-12-14,4570.16
2015-12-15,4597.33
2015-12-16,4664.56
2015-12-17,4598.14
2015-12-18,4514.82
2015-12-21,4560.55
2015-12-22,4589.26
2015-12-23,4624.59
2015-12-24,4622.77
2015-12-28,4621.35
2015-12-29,4691.08
2015-12-30,4652.01
2015-12-31,4593.27
2016-01-04,4497.86
2016-01-05,4484.18
2016-01-06,4443.98
2016-01-07,4305.72
2016-01-08,4270.78
2016-01-11,4283.55
2016-01-12,4333.72
2016-01-13,4183.12
2016-01-14,4272.97
2016-01-15,4141.08
2016-01-19,4147.07
2016-01-20,4136.28
2016-01-21,4142.6
2016-01-22,4259.77
2016-01-25,4196.53
2016-01-26,4233.85
2016-01-27,4128.86
2016-01-28,4186.06
2016-01-29,4279.17
2016-02-01,4286.56
2016-02-02,4193.1
2016-02-03,4171.97
2016-02-04,4167.77
2016-02-05,4024.47
2016-02-08,3960.67
2016-02-09,3947.8
2016-02-10,3966.28
2016-02-11,3962.22
2016-02-12,4019.19
2016-02-16,4104.33
2016-02-17,4199.1
2016-02-18,4151.49
2016-02-19,4164.09
2016-02-22,4231.27
2016-02-23,4162.54
2016-02-24,4200.66
2016-02-25,4241.06
2016-02-26,4235.62
2016-02-29,4201.12
2016-03-01,4333.61
2016-03-02,4334.39
2016-03-03,4325.86
2016-03-04,4329.0
2016-03-07,4303.33
2016-03-08,4265.51
2016-03-09,4293.23
2016-03-10,4286.97
2016-03-11,4361.83
2016-03-14,4367.33
2016-03-15,4367.08
2016-03-16,4404.2
2016-03-17,4400.26
2016-03-18,4410.83
2016-03-21,4426.98
2016-03-22,4437.62
2016-03-23,4402.56
2016-03-24,4405.53
2016-03-28,4398.07
2016-03-29,4467.72
2016-03-30,4490.88
2016-03-31,4483.65
2016-04-01,4532.08
2016-04-04,4511.7
2016-04-05,4470.75
2016-04-06,4543.78
2016-04-07,4475.28
2016-04-08,4474.93
2016-04-11,4458.7
2016-04-12,4496.05
2016-04-13,4554.72
2016-04-14,4554.62
2016-04-15,4543.16
2016-04-18,4565.42
2016-04-19,4537.09
2016-04-20,4540.44
2016-04-21,4540.8
2016-04-22,4474.19
2016-04-25,4474.13
2016-04-26,4452.97
2016-04-27,4416.64
2016-04-28,4363.99
2016-04-29,4341.3
2016-05-02,4381.3
2016-05-03,4341.39
2016-05-04,4312.01
2016-05-05,4309.48
2016-05-06,4330.17
2016-05-09,4341.23
2016-05-10,4402.04
2016-05-11,4361.03
2016-05-12,4342.81
2016-05-13,4326.53
2016-05-16,4380.48
2016-05-17,4322.56
2016-05-18,4338.23
2016-05-19,4315.58
2016-05-20,4362.9
2016-05-23,4355.1
2016-05-24,4444.3
2016-05-25,4476.43
2016-05-26,4487.96
2016-05-27,4512.54
2016-05-31,4523.89
2016-06-01,4520.07
2016-06-02,4531.35
2016-06-03,4509.79
2016-06-06,4523.63
2016-06-07,4513.09
2016-06-08,4520.63
2016-06-09,4512.69
2016-06-10,4461.05
2016-06-13,4422.76
2016-06-14,4424.91
2016-06-15,4409.51
2016-06-16,4424.23
2016-06-17,4374.38
2016-06-20,4400.16
2016-06-21,4413.4
2016-06-22,4404.73
2016-06-23,4467.48
2016-06-24,4285.7
2016-06-27,4201.06
2016-06-28,4290.47
2016-06-29,4364.74
2016-06-30,4417.7
2016-07-01,4437.44
2016-07-05,4410.75
2016-07-06,4444.7
2016-07-07,4459.58
2016-07-08,4528.36
2016-07-11,4554.71
2016-07-12,4577.61
2016-07-13,4565.77
2016-07-14,4596.49
2016-07-15,4589.83
2016-07-18,4619.68
2016-07-19,4603.28
2016-07-20,4657.2
2016-07-21,4647.02
2016-07-22,4666.07
2016-07-25,4665.93
2016-07-26,4672.11
2016-07-27,4702.89
2016-07-28,4721.41
2016-07-29,4730.23
2016-08-01,4756.04
2016-08-02,4719.21
2016-08-03,4734.33
2016-08-04,4743.81
2016-08-05,4791.21
2016-08-08,4784.74
2016-08-09,4795.75
2016-08-10,4783.39
2016-08-11,4803.31
2016-08-12,4807.08
2016-08-15,4827.12
2016-08-16,4797.19
2016-08-17,4805.45
2016-08-18,4808.68
2016-08-19,4806.14
2016-08-22,4808.56
2016-08-23,4818.48
2016-08-24,4783.48
2016-08-25,4775.43
2016-08-26,4783.69
2016-08-29,4791.09
2016-08-30,4775.99
2016-08-31,4771.06
2016-09-01,4783.94
2016-09-02,4798.74
2016-09-06,4829.51
2016-09-07,4831.86
2016-09-08,4804.0
2016-09-09,4681.53
2016-09-12,4764.65
2016-09-13,4722.85
2016-09-14,4746.06
2016-09-15,4819.9
2016-09-16,4818.05
2016-09-19,4796.07
2016-09-20,4805.22
2016-09-21,4853.75
2016-09-22,4891.36
2016-09-23,4858.91
2016-09-26,4817.17
2016-09-27,4866.71
2016-09-28,4875.27
2016-09-29,4838.3
2016-09-30,4875.7
2016-10-03,4866.62
2016-10-04,4859.47
2016-10-05,4877.75
2016-10-06,4873.92
2016-10-07,4864.52
2016-10-10,4893.77
2016-10-11,4821.91
2016-10-12,4819.64
2016-10-13,4803.1
2016-10-14,4808.48
2016-10-17,4796.17
2016-10-18,4839.72
2016-10-19,4836.61
2016-10-20,4832.71
2016-10-21,4851.86
2016-10-24,4909.97
2016-10-25,4891.45
2016-10-26,4860.59
2016-10-27,4836.45
2016-10-28,4805.59
2016-10-31,4801.27
2016-11-01,4766.94
2016-11-02,4726.91
2016-11-03,4679.1
2016-11-04,4660.46
2016-11-07,4773.73
2016-11-08,4804.92
2016-11-09,4825.18
2016-11-10,4747.03
2016-11-11,4751.95
2016-11-14,4702.05
2016-11-15,4764.47
2016-11-16,4792.27
2016-11-17,4826.59
2016-11-18,4808.04
2016-11-21,4859.0
2016-11-22,4873.84
2016-11-23,4853.86
2016-11-25,4870.02
2016-11-28,4857.02
2016-11-29,4873.21
2016-11-30,4810.81
2016-12-01,4734.1
2016-12-02,4739.37
2016-12-05,4778.14
2016-12-06,4788.67
2016-12-07,4851.94
2016-12-08,4859.19
2016-12-09,4895.9
2016-12-12,4874.3
2016-12-13,4935.84
2016-12-14,4921.22
2016-12-15,4933.41
2016-12-16,4914.86
2016-12-19,4934.85
2016-12-20,4953.8
2016-12-21,4948.9
2016-12-22,4934.39
2016-12-23,4940.02
2016-12-27,4965.81
2016-12-28,4926.29
2016-12-29,4918.28
2016-12-30,4863.62
2017-01-03,4911.33
2017-01-04,4937.2
2017-01-05,4964.95
2017-01-06,5007.08
2017-01-09,5024.9
2017-01-10,5035.17
2017-01-11,5050.21
2017-01-12,5041.43
2017-01-13,5059.51
2017-01-17,5044.65
2017-01-18,5055.85
2017-01-19,5051.17
2017-01-20,5063.2
2017-01-23,5065.7
2017-01-24,5101.06
2017-01-25,5151.47
2017-01-26,5156.92
2017-01-27,5168.06
2017-01-30,5129.33
2017-01-31,5116.77
2017-02-01,5152.69
2017-02-02,5147.7
2017-02-03,5161.6
2017-02-06,5167.96
2017-02-07,5185.88
2017-02-08,5196.58
2017-02-09,5212.16
2017-02-10,5226.69
2017-02-13,5256.82
2017-02-14,5271.07
2017-02-15,5302.39
2017-02-16,5300.64
2017-02-17,5324.72
2017-02-21,5350.73
2017-02-22,5352.13
2017-02-23,5332.37
2017-02-24,5343.31
2017-02-27,5347.55
2017-02-28,5330.31
2017-03-01,5390.99
2017-03-02,5363.26
2017-03-03,5373.48
2017-03-06,5360.31
2017-03-07,5351.28
2017-03-08,5359.81
2017-03-09,5363.98
2017-03-10,5385.9
2017-03-13,5394.57
2017-03-14,5382.17
2017-03-15,5416.25
2017-03-16,5412.08
2017-03-17,5408.76
2017-03-20,5413.31
2017-03-21,5332.53
2017-03-22,5367.56
2017-03-23,5355.14
2017-03-24,5363.99
2017-03-27,5374.27
2017-03-28,5407.21
2017-03-29,5430.27
2017-03-30,5439.74
2017-03-31,5436.23
2017-04-03,5432.2
2017-04-04,5440.41
2017-04-05,5418.52
2017-04-06,5420.88
2017-04-07,5418.37
2017-04-10,5421.68
2017-04-11,5398.4
2017-04-12,5377.03
2017-04-13,5353.59
2017-04-17,5399.2
2017-04-18,5391.66
2017-04-19,5399.64
2017-04-20,5443.53
2017-04-21,5442.05
2017-04-24,5508.03
2017-04-25,5548.19
2017-04-26,5541.09
2017-04-27,5571.28
2017-04-28,5583.53
2017-05-01,5629.63
2017-05-02,5644.07
2017-05-03,5625.16
2017-05-04,5626.32
2017-05-05,5646.09
2017-05-08,5659.07
2017-05-09,5678.31
2017-05-10,5681.68
2017-05-11,5674.22
2017-05-12,5686.81
2017-05-15,5704.48
2017-05-16,5724.44
2017-05-17,5580.55
2017-05-18,5626.31
2017-05-19,5651.56
2017-05-22,5699.4
2017-05-23,5703.35
2017-05-24,5730.3
2017-05-25,5778.37
2017-05-26,5788.36
2017-05-30,5794.63
2017-05-31,5788.8
2017-06-01,5816.51
2017-06-02,5881.46
2017-06-05,5878.12
2017-06-06,5856.77
2017-06-07,5877.59
2017-06-08,5885.3
2017-06-09,5741.94
2017-06-12,5708.18
2017-06-13,5751.82
2017-06-14,5727.07
2017-06-15,5700.89
2017-06-16,5681.48
2017-06-19,5772.22
2017-06-20,5726.31
2017-06-21,5782.39
2017-06-22,5779.87
2017-06-23,5803.1
2017-06-26,5777.59
2017-06-27,5671.6
2017-06-28,5753.03
2017-06-29,5653.02
2017-06-30,5646.92
2017-07-03,5596.96
2017-07-05,5648.82
2017-07-06,5597.9
2017-07-07,5656.47
2017-07-10,5694.15
2017-07-11,5709.8
2017-07-12,5778.95
2017-07-13,5793.36
2017-07-14,5838.08
2017-07-17,5839.74
2017-07-18,5880.1
2017-07-19,5916.16
2017-07-20,5921.22
2017-07-21,5921.52
2017-07-24,5941.37
2017-07-25,5930.65
2017-07-26,5950.73
2017-07-27,5917.03
2017-07-28,5908.92
2017-07-31,5880.33
2017-08-01,5895.17
2017-08-02,5914.23
2017-08-03,5891.2
2017-08-04,5899.9
2017-08-07,5934.73
2017-08-08,5926.35
2017-08-09,5919.39
2017-08-10,5788.19
2017-08-11,5831.53
2017-08-14,5908.17
2017-08-15,5907.73
2017-08-16,5917.42
2017-08-17,5796.32
2017-08-18,5790.91
2017-08-21,5786.54
2017-08-22,5873.33
2017-08-23,5851.78
2017-08-24,5834.44
2017-08-25,5822.53
2017-08-28,5838.08
2017-08-29,5862.14
2017-08-30,5932.9
2017-08-31,5988.6
2017-09-01,5987.9
2017-09-05,5932.73
2017-09-06,5951.13
2017-09-07,5964.31
2017-09-08,5913.37
2017-09-11,5980.52
2017-09-12,5995.64
2017-09-13,6004.38
2017-09-14,5968.82
2017-09-15,5988.0
2017-09-18,5981.12
2017-09-19,5991.08
2017-09-20,5973.6
2017-09-21,5934.91
2017-09-22,5932.32
2017-09-25,5867.35
2017-09-26,5881.34
2017-09-27,5937.79
2017-09-28,5933.07
2017-09-29,5979.3
2017-10-02,5981.92
2017-10-03,5995.06
2017-10-04,5998.84
2017-10-05,6057.14
2017-10-06,6064.57
2017-10-09,6058.53
2017-10-10,6063.52
2017-10-11,6081.25
2017-10-12,6069.99
2017-10-13,6092.45
2017-10-16,6114.53
2017-10-17,6122.61
2017-10-18,6114.35
2017-10-19,6092.62
2017-10-20,6108.82
2017-10-23,6067.83
2017-10-24,6080.22
2017-10-25,6055.04
2017-10-26,6037.87
2017-10-27,6213.47
2017-10-30,6227.59
2017-10-31,6248.56
2017-11-01,6248.65
2017-11-02,6236.39
2017-11-03,6295.58
2017-11-06,6313.61
2017-11-07,6320.78
2017-11-08,6345.81
2017-11-09,6312.21
2017-11-10,6309.07
2017-11-13,6316.18
2017-11-14,6293.64
2017-11-15,6258.36
2017-11-16,6339.14
2017-11-17,6314.51
2017-11-20,6308.61
2017-11-21,6378.63
2017-11-22,6386.12
2017-11-24,6409.29
2017-11-27,6405.97
2017-11-28,6422.56
2017-11-29,6311.38
2017-11-30,6365.56
2017-12-01,6337.87
2017-12-04,6263.7
2017-12-05,6265.11
2017-12-06,6293.05
2017-12-07,6316.28
2017-12-08,6344.57
2017-12-11,6393.89
2017-12-12,6383.65
2017-12-13,6394.67
2017-12-14,6389.91
2017-12-15,6466.32
2017-12-18,6513.27
2017-12-19,6480.67
2017-12-20,6472.48
2017-12-21,6472.69
2017-12-22,6465.17
2017-12-26,6433.16
2017-12-27,6435.15
2017-12-28,6441.42
2017-12-29,6396.42
2018-01-02,6511.34
2018-01-03,6575.8
2018-01-04,6584.58
2018-01-05,6653.29
2018-01-08,6676.63
2018-01-09,6677.94
2018-01-10,6662.66
2018-01-11,6708.49
2018-01-12,6758.54
2018-01-16,6737.14
2018-01-17,6810.28
2018-01-18,6811.38
2018-01-19,6834.33
2018-01-22,6906.28
2018-01-23,6963.46
2018-01-24,6919.35
2018-01-25,6916.3
2018-01-26,7022.97
2018-01-29,6988.31
2018-01-30,6930.73
2018-01-31,6949.99
2018-02-01,6901.5
2018-02-02,6760.29
2018-02-05,6495.92
2018-02-06,6665.98
2018-02-07,6582.02
2018-02-08,6306.1
2018-02-09,6412.68
2018-02-12,6523.85
2018-02-13,6553.86
2018-02-14,6675.03
2018-02-15,6794.92
2018-02-16,6770.66
2018-02-20,6779.69
2018-02-21,6759.26
2018-02-22,6761.85
2018-02-23,6896.6
2018-02-26,6989.1
2018-02-27,6900.35
2018-02-28,6854.42
2018-03-01,6750.54
2018-03-02,6811.04
2018-03-05,6881.28
2018-03-06,6913.02
2018-03-07,6929.39
2018-03-08,6966.43
2018-03-09,7101.18
2018-03-12,7131.12
2018-03-13,7046.51
2018-03-14,7040.98
2018-03-15,7030.97
2018-03-16,7019.95
2018-03-19,6864.88
2018-03-20,6885.92
2018-03-21,6853.45
2018-03-22,6682.26
2018-03-23,6508.09
2018-03-26,6753.83
2018-03-27,6529.84
2018-03-28,6460.81
2018-03-29,6581.13
2018-04-02,6390.84
2018-04-03,6458.83
2018-04-04,6560.06
2018-04-05,6594.84
2018-04-06,6433.21
2018-04-09,6472.34
2018-04-10,6615.87
2018-04-11,6583.44
2018-04-12,6656.26
2018-04-13,6628.34
2018-04-16,6675.18
2018-04-17,6816.37
2018-04-18,6833.21
2018-04-19,6774.89
2018-04-20,6667.75
2018-04-23,6648.8
2018-04-24,6509.05
2018-04-25,6513.94
2018-04-26,6649.65
2018-04-27,6656.35
2018-04-30,6605.57
2018-05-01,6681.96
2018-05-02,6644.48
2018-05-03,6643.48
2018-05-04,6769.12
2018-05-07,6821.87
2018-05-08,6815.48
2018-05-09,6893.21
2018-05-10,6963.55
2018-05-11,6952.56
2018-05-14,6964.37
2018-05-15,6888.54
2018-05-16,6929.97
2018-05-17,6901.63
2018-05-18,6866.25
2018-05-21,6905.53
2018-05-22,6893.62
2018-05-23,6953.63
2018-05-24,6949.7
2018-05-25,6960.92
2018-05-29,6926.54
2018-05-30,6976.37
2018-05-31,6967.73
2018-06-01,7083.93
2018-06-04,7143.57
2018-06-05,7166.75
2018-06-06,7210.08
2018-06-07,7152.83
2018-06-08,7152.62
2018-06-11,7168.48
2018-06-12,7209.18
2018-06-13,7205.26
2018-06-14,7279.59
2018-06-15,7255.76
2018-06-18,7251.41
2018-06-19,7228.04
2018-06-20,7280.7
2018-06-21,7217.49
2018-06-22,7197.51
2018-06-25,7038.17
2018-06-26,7068.19
2018-06-27,6969.67
2018-06-28,7031.6
2018-06-29,7040.8
2018-07-02,7097.82
2018-07-03,7014.55
2018-07-05,7101.05
2018-07-06,7207.33
2018-07-09,7276.0
2018-07-10,7282.6
2018-07-11,7243.98
2018-07-12,7366.25
2018-07-13,7375.82
2018-07-16,7357.9
2018-07-17,7403.89
2018-07-18,7390.13
2018-07-19,7352.36
2018-07-20,7350.23
2018-07-23,7371.78
2018-07-24,7406.25
2018-07-25,7508.59
2018-07-26,7400.75
2018-07-27,7296.78
2018-07-30,7193.1
2018-07-31,7231.98
2018-08-01,7272.89
2018-08-02,7372.15
2018-08-03,7395.49
2018-08-06,7438.99
2018-08-07,7462.65
2018-08-08,7469.55
2018-08-09,7466.96
2018-08-10,7408.3
2018-08-13,7401.17
2018-08-14,7447.17
2018-08-15,7354.66
2018-08-16,7374.3
2018-08-17,7377.54
2018-08-20,7371.42
2018-08-21,7397.23
2018-08-22,7424.6
2018-08-23,7413.84
2018-08-24,7485.4
2018-08-27,7559.13
2018-08-28,7570.25
2018-08-29,7660.18
2018-08-30,7642.67
2018-08-31,7654.55
2018-09-04,7622.32
2018-09-05,7523.26
2018-09-06,7453.17
2018-09-07,7430.26
2018-09-10,7447.68
2018-09-11,7507.87
2018-09-12,7488.06
2018-09-13,7561.69
2018-09-14,7545.5
2018-09-17,7434.73
2018-09-18,7494.4
2018-09-19,7490.32
2018-09-20,7569.03
2018-09-21,7531.07
2018-09-24,7548.75
2018-09-25,7563.19
2018-09-26,7563.09
2018-09-27,7629.57
2018-09-28,7627.65
2018-10-01,7645.45
2018-10-02,7628.28
2018-10-03,7637.43
2018-10-04,7490.0
2018-10-05,7399.01
2018-10-08,7352.82
2018-10-09,7371.61
2018-10-10,7044.5
2018-10-11,6964.03
2018-10-12,7157.21
2018-10-15,7068.67
2018-10-16,7276.43
2018-10-17,7278.63
2018-10-18,7116.09
2018-10-19,7107.23
2018-10-22,7141.21
2018-10-23,7118.67
2018-10-24,6789.15
2018-10-25,7016.39
2018-10-26,6852.4
2018-10-29,6713.9
2018-10-30,6810.12
2018-10-31,6967.1
2018-11-01,7069.17
2018-11-02,6965.29
2018-11-05,6937.09
2018-11-06,6988.85
2018-11-07,7203.13
2018-11-08,7158.59
2018-11-09,7039.15
2018-11-12,6829.1
2018-11-13,6830.91
2018-11-14,6769.87
2018-11-15,6890.45
2018-11-16,6867.02
2018-11-19,6642.92
2018-11-20,6526.96
2018-11-21,6575.66
2018-11-23,6527.35
2018-11-26,6678.34
2018-11-27,6701.04
2018-11-28,6913.33
2018-11-29,6892.4
2018-11-30,6949.01
2018-12-03,7062.13
2018-12-04,6795.21
2018-12-06,6838.85
2018-12-07,6613.27
2018-12-10,6682.74
2018-12-11,6704.24
2018-12-12,6763.96
2018-12-13,6767.97
2018-12-14,6594.96
2018-12-17,6448.39
2018-12-18,6491.52
2018-12-19,6342.97
2018-12-20,6243.19
2018-12-21,6046.56
2018-12-24,5899.35
2018-12-26,6262.77
2018-12-27,6288.3
2018-12-28,6285.27
2018-12-31,6329.97
2019-01-02,6360.87
2019-01-03,6147.13
2019-01-04,6422.67
2019-01-07,6488.25
2019-01-08,6551.85
2019-01-09,6600.69
2019-01-10,6620.94
2019-01-11,6601.4
2019-01-14,6541.04
2019-01-15,6669.64
2019-01-16,6668.56
2019-01-17,6718.45
2019-01-18,6784.61
2019-01-22,6646.81
2019-01-23,6658.76
2019-01-24,6702.55
2019-01-25,6787.37
2019-01-28,6697.09
2019-01-29,6632.79
2019-01-30,6807.91
2019-01-31,6906.84
2019-02-01,6875.52
2019-02-04,6959.96
2019-02-05,7023.52
2019-02-06,6997.62
2019-02-07,6904.98
2019-02-08,6913.13
2019-02-11,6909.19
2019-02-12,7014.67
2019-02-13,7015.88
2019-02-14,7022.42
2019-02-15,7055.18
2019-02-19,7066.61
2019-02-20,7062.34
2019-02-21,7035.16
2019-02-22,7090.62
2019-02-25,7115.43
2019-02-26,7123.22
2019-02-27,7117.01
2019-02-28,7097.52
2019-03-01,7151.57
2019-03-04,7150.83
2019-03-05,7156.78
2019-03-06,7112.47
2019-03-07,7026.88
2019-03-08,7015.69
2019-03-11,7164.02
2019-03-12,7201.28
2019-03-13,7256.98
2019-03-14,7243.01
2019-03-15,7306.99
2019-03-18,7326.28
2019-03-19,7349.28
2019-03-20,7380.75
2019-03-21,7493.27
2019-03-22,7326.06
2019-03-25,7316.96
2019-03-26,7351.15
2019-03-27,7308.19
2019-03-28,7320.47
2019-03-29,7378.77
2019-04-01,7478.42
2019-04-02,7499.64
2019-04-03,7544.97
2019-04-04,7540.57
2019-04-05,7578.84
2019-04-08,7599.74
2019-04-09,7568.49
2019-04-10,7611.49
2019-04-11,7594.89
2019-04-12,7628.15
2019-04-15,7629.12
2019-04-16,7654.73
2019-04-17,7680.72
2019-04-18,7689.72
2019-04-22,7713.49
2019-04-23,7810.71
2019-04-24,7784.41
2019-04-25,7816.92
2019-04-26,7826.68
2019-04-29,7839.04
2019-04-30,7781.46
2019-05-01,7751.85
2019-05-02,7724.06
2019-05-03,7845.73
2019-05-06,7794.09
2019-05-07,7640.15
2019-05-08,7617.55
2019-05-09,7582.75
2019-05-10,7586.53
2019-05-13,7324.13
2019-05-14,7401.88
2019-05-15,7503.25
2019-05-16,7580.14
2019-05-17,7503.68
2019-05-20,7376.7
2019-05-21,7451.02
2019-05-22,7420.66
2019-05-23,7307.93
2019-05-24,7300.96
2019-05-28,7278.38
2019-05-29,7216.86
2019-05-30,7245.4
2019-05-31,7127.96
2019-06-03,6978.02
2019-06-04,7166.75
2019-06-05,7220.9
2019-06-06,7275.93
2019-06-07,7417.29
2019-06-10,7501.93
2019-06-11,7513.85
2019-06-12,7472.29
2019-06-13,7510.68
2019-06-14,7479.11
2019-06-17,7526.52
2019-06-18,7635.4
2019-06-19,7667.74
2019-06-20,7738.06
2019-06-21,7728.78
2019-06-24,7723.02
2019-06-25,7591.54
2019-06-26,7627.05
2019-06-27,7657.05
2019-06-28,7671.07
2019-07-01,7768.14
2019-07-02,7799.82
2019-07-03,7857.69
2019-07-05,7841.3
2019-07-08,7785.79
2019-07-09,7826.86
2019-07-10,7903.4
2019-07-11,7896.78
2019-07-12,7943.24
2019-07-15,7966.93
2019-07-16,7927.08
2019-07-17,7888.76
2019-07-18,7904.13
2019-07-19,7834.9
2019-07-22,7905.12
2019-07-23,7954.56
2019-07-24,8010.6
2019-07-25,7929.87
2019-07-26,8016.95
2019-07-29,7989.08
2019-07-30,7952.47
2019-07-31,7848.78
2019-08-01,7801.15
2019-08-02,7692.8
2019-08-05,7415.69
2019-08-06,7521.32
2019-08-07,7551.9
2019-08-08,7724.83
2019-08-09,7646.27
2019-08-12,7561.68
2019-08-13,7728.15
2019-08-14,7490.13
2019-08-15,7484.89
2019-08-16,7604.11
2019-08-19,7719.32
2019-08-20,7664.47
2019-08-21,7733.22
2019-08-22,7707.43
2019-08-23,7464.99
2019-08-26,7575.02
2019-08-27,7566.03
2019-08-28,7587.9
2019-08-29,7702.31
2019-08-30,7691.0
2019-09-03,7609.51
2019-09-04,7719.25
2019-09-05,7862.54
2019-09-06,7852.54
2019-09-09,7832.4
2019-09-10,7814.74
2019-09-11,7887.58
2019-09-12,7917.34
2019-09-13,7892.95
2019-09-16,7852.41
2019-09-17,7888.79
2019-09-18,7888.56
2019-09-19,7901.79
2019-09-20,7823.55
2019-09-23,7818.61
2019-09-24,7710.04
2019-09-25,7803.54
2019-09-26,7771.99
2019-09-27,7681.58
2019-09-30,7749.45
2019-10-01,7684.14
2019-10-02,7550.79
2019-10-03,7638.4
2019-10-04,7754.1
2019-10-07,7725.13
2019-10-08,7604.27
2019-10-09,7690.53
2019-10-10,7740.36
2019-10-11,7843.88
2019-10-14,7842.33
2019-10-15,7942.85
2019-10-16,7920.21
2019-10-17,7942.14
2019-10-18,7868.49
2019-10-21,7940.33
2019-10-22,7874.62
2019-10-23,7889.47
2019-10-24,7966.72
2019-10-25,8029.22
2019-10-28,8110.67
2019-10-29,8047.51
2019-10-30,8083.11
2019-10-31,8083.83
2019-11-01,8161.17
2019-11-04,8210.66
2019-11-05,8210.17
2019-11-06,8196.03
2019-11-07,8219.65
2019-11-08,8255.89
2019-11-11,8241.91
2019-11-12,8263.79
2019-11-13,8259.81
2019-11-14,8257.83
2019-11-15,8315.52
2019-11-18,8328.48
2019-11-19,8338.74
2019-11-20,8283.75
2019-11-21,8265.62
2019-11-22,8272.05
2019-11-25,8371.93
2019-11-26,8385.75
2019-11-27,8444.71
2019-11-29,8403.68
2019-12-02,8309.26
2019-12-03,8254.74
2019-12-04,8296.53
2019-12-05,8308.4
2019-12-06,8397.37
2019-12-09,8362.74
2019-12-10,8354.29
2019-12-11,8402.61
2019-12-12,8466.89
2019-12-13,8487.71
2019-12-16,8570.33
2019-12-17,8575.7
2019-12-18,8580.62
2019-12-19,8641.29
2019-12-20,8678.49
2019-12-23,8696.01
2019-12-24,8699.51
2019-12-26,8778.31
2019-12-27,8770.98
2019-12-30,8709.73
2019-12-31,8733.07
2020-01-02,8872.22
2020-01-03,8793.9
2020-01-06,8848.51
2020-01-07,8846.45
2020-01-08,8912.37
2020-01-09,8989.63
2020-01-10,8966.64
2020-01-13,9070.65
2020-01-14,9033.42
2020-01-15,9035.67
2020-01-16,9125.0
2020-01-17,9173.73
2020-01-21,9166.63
2020-01-22,9188.58
2020-01-23,9216.98
2020-01-24,9141.47
2020-01-27,8952.18
2020-01-28,9090.93
2020-01-29,9101.61
2020-01-30,9136.09
2020-01-31,8991.51
2020-02-03,9126.23
2020-02-04,9334.06
2020-02-05,9367.48
2020-02-06,9445.92
2020-02-07,9401.1
2020-02-10,9516.84
2020-02-11,9517.86
2020-02-12,9613.2
2020-02-13,9595.7
2020-02-14,9623.58
2020-02-18,9629.8
2020-02-19,9718.73
2020-02-20,9627.83
2020-02-21,9446.69
2020-02-24,9079.63
2020-02-25,8834.86
2020-02-26,8873.76
2020-02-27,8436.67
2020-02-28,8461.83
2020-03-02,8877.98
2020-03-03,8594.49
2020-03-04,8949.28
2020-03-05,8671.66
2020-03-06,8530.34
2020-03-09,7948.03
2020-03-10,8372.26
2020-03-11,8006.12
2020-03-12,7263.65
2020-03-13,7995.26
2020-03-16,7020.38
2020-03-17,7473.95
2020-03-18,7175.18
2020-03-19,7288.52
2020-03-20,6994.29
2020-03-23,7006.92
2020-03-24,7553.82
2020-03-25,7469.61
2020-03-26,7897.13
2020-03-27,7588.37
2020-03-30,7889.01
2020-03-31,7813.5
2020-04-01,7486.29
2020-04-02,7635.66
2020-04-03,7528.11
2020-04-06,8081.66
2020-04-07,8049.31
2020-04-08,8229.54
2020-04-09,8238.53
2020-04-13,8332.74
2020-04-14,8692.16
2020-04-15,8591.96
2020-04-16,8757.83
2020-04-17,8832.41
2020-04-20,8726.51
2020-04-21,8403.0
2020-04-22,8664.64
2020-04-23,8641.5
2020-04-24,8786.6
2020-04-27,8837.66
2020-04-28,8677.6
2020-04-29,8982.76
2020-04-30,9000.51
2020-05-01,8718.18
2020-05-04,8834.11
2020-05-05,8930.62
2020-05-06,8984.86
2020-05-07,9101.88
2020-05-08,9220.35
2020-05-11,9298.92
2020-05-12,9112.45
2020-05-13,9000.08
2020-05-14,9094.42
2020-05-15,9152.64
2020-05-18,9331.93
2020-05-19,9298.54
2020-05-20,9485.02
2020-05-21,9377.99
2020-05-22,9413.99
2020-05-26,9389.98
2020-05-27,9442.05
2020-05-28,9416.71
2020-05-29,9555.52
2020-06-01,9598.89
2020-06-02,9657.31
2020-06-03,9704.69
2020-06-04,9629.66
2020-06-05,9824.39
2020-06-08,9901.52
2020-06-09,9967.17
2020-06-10,10094.26
2020-06-11,9588.48
2020-06-12,9663.77
2020-06-15,9776.89
2020-06-16,9949.37
2020-06-17,9982.48
2020-06-18,10012.05
2020-06-19,10008.64
2020-06-22,10130.33
2020-06-23,10209.82
2020-06-24,10002.7
2020-06-25,10101.83
2020-06-26,9849.36
2020-06-29,9961.16
2020-06-30,10156.85
2020-07-01,10279.25
2020-07-02,10341.89
2020-07-06,10604.06
2020-07-07,10524.01
2020-07-08,10666.7
2020-07-09,10754.59
2020-07-10,10836.33
2020-07-13,10602.21
2020-07-14,10689.52
2020-07-15,10701.68
2020-07-16,10626.46
2020-07-17,10645.22
2020-07-20,10952.08
2020-07-21,10833.07
2020-07-22,10870.75
2020-07-23,10580.59
2020-07-24,10483.13
2020-07-27,10674.38
2020-07-28,10532.5
2020-07-29,10662.98
2020-07-30,10715.51
2020-07-31,10905.88
2020-08-03,11055.08
2020-08-04,11096.54
2020-08-05,11125.44
2020-08-06,11267.08
2020-08-07,11139.39
2020-08-10,11085.17
2020-08-11,10876.08
2020-08-12,11157.72
2020-08-13,11178.37
2020-08-14,11164.45
2020-08-17,11288.57
2020-08-18,11399.03
2020-08-19,11318.64
2020-08-20,11477.05
2020-08-21,11555.16
2020-08-24,11626.17
2020-08-25,11721.81
2020-08-26,11971.94
2020-08-27,11926.16
2020-08-28,11995.85
2020-08-31,12110.7
2020-09-01,12292.86
2020-09-02,12420.54
2020-09-03,11771.36
2020-09-04,11622.13
2020-09-08,11068.26
2020-09-09,11395.85
2020-09-10,11154.12
2020-09-11,11087.4
2020-09-14,11277.76
2020-09-15,11438.87
2020-09-16,11247.6
2020-09-17,11080.95
2020-09-18,10936.98
2020-09-21,10980.22
2020-09-22,11186.37
2020-09-23,10833.33
2020-09-24,10896.47
2020-09-25,11151.13
2020-09-28,11364.45
2020-09-29,11322.95
2020-09-30,11418.06
2020-10-01,11583.2
2020-10-02,11255.69
2020-10-05,11509.06
2020-10-06,11291.27
2020-10-07,11503.19
2020-10-08,11550.94
2020-10-09,11725.85
2020-10-12,12088.11
2020-10-13,12083.17
2020-10-14,11985.36
2020-10-15,11898.57
2020-10-16,11852.17
2020-10-19,11634.35
2020-10-20,11677.84
2020-10-21,11665.37
2020-10-22,11662.91
2020-10-23,11692.57
2020-10-26,11504.52
2020-10-27,11598.94
2020-10-28,11142.76
2020-10-29,11350.74
2020-10-30,11052.95
2020-11-02,11084.76
2020-11-03,11279.91
2020-11-04,11777.02
2020-11-05,12078.07
2020-11-06,12091.35
2020-11-09,11830.39
2020-11-10,11624.29
2020-11-11,11892.93
2020-11-12,11827.14
2020-11-13,11937.84
2020-11-16,12013.39
2020-11-17,11977.49
2020-11-18,11894.71
2020-11-19,11985.43
2020-11-20,11906.44
2020-11-23,11905.94
2020-11-24,12079.81
2020-11-25,12152.22
2020-11-27,12258.21
2020-11-30,12268.32
2020-12-01,12455.33
2020-12-02,12456.41
2020-12-03,12467.13
2020-12-04,12528.48
2020-12-07,12596.47
2020-12-08,12635.72
2020-12-09,12364.64
2020-12-10,12401.74
2020-12-11,12375.41
2020-12-14,12462.21
2020-12-15,12595.92
2020-12-16,12668.16
2020-12-17,12752.06
2020-12-18,12738.18
2020-12-21,12690.26
2020-12-22,12717.56
2020-12-23,12653.14
2020-12-24,12711.01
2020-12-28,12838.86
2020-12-29,12843.49
2020-12-30,12845.36
2020-12-31,12888.28
2021-01-04,12694.67
2021-01-05,12802.38
2021-01-06,12623.35
2021-01-07,12939.57
2021-01-08,13105.2
2021-01-11,12902.49
2021-01-12,12892.09
2021-01-13,12973.63
2021-01-14,12898.69
2021-01-15,12803.93
2021-01-19,12996.54
2021-01-20,13296.45
2021-01-21,13404.99
2021-01-22,13366.4
2021-01-25,13483.29
2021-01-26,13490.19
2021-01-27,13112.65
2021-01-28,13201.53
2021-01-29,12925.38
2021-02-01,13248.9
2021-02-02,13456.12
2021-02-03,13402.37
2021-02-04,13560.89
2021-02-05,13603.96
2021-02-08,13695.02
2021-02-09,13687.08
2021-02-10,13655.27
2021-02-11,13734.35
2021-02-12,13807.7
2021-02-16,13773.77
2021-02-17,13699.71
2021-02-18,13637.51
2021-02-19,13580.78
2021-02-22,13223.74
2021-02-23,13194.71
2021-02-24,13302.19
2021-02-25,12828.31
2021-02-26,12909.44
2021-03-01,13282.95
2021-03-02,13059.95
2021-03-03,12683.33
2021-03-04,12464.0
2021-03-05,12668.51
2021-03-08,12299.08
2021-03-09,12794.49
2021-03-10,12752.07
2021-03-11,13052.9
2021-03-12,12937.29
2021-03-15,13082.54
2021-03-16,13152.28
2021-03-17,13202.38
2021-03-18,12789.14
2021-03-19,12866.99
2021-03-22,13086.51
2021-03-23,13017.79
2021-03-24,12798.88
2021-03-25,12780.51
2021-03-26,12979.12
2021-03-29,12965.74
2021-03-30,12896.53
2021-03-31,13091.44
2021-04-01,13329.51
2021-04-05,13598.16
2021-04-06,13578.46
2021-04-07,13616.7
2021-04-08,13758.5
2021-04-09,13845.06
2021-04-12,13819.35
2021-04-13,13986.49
2021-04-14,13803.91
2021-04-15,14026.19
2021-04-16,14041.91
2021-04-19,13907.67
2021-04-20,13809.3
2021-04-21,13935.15
2021-04-22,13762.36
2021-04-23,13941.44
2021-04-26,14026.16
2021-04-27,13960.28
2021-04-28,13901.62
2021-04-29,13970.2
2021-04-30,13860.76
2021-05-03,13799.72
2021-05-04,13544.67
2021-05-05,13503.37
2021-05-06,13613.73
2021-05-07,13719.63
2021-05-10,13359.08
2021-05-11,13351.27
2021-05-12,13001.63
2021-05-13,13109.15
2021-05-14,13393.11
2021-05-17,13312.91
2021-05-18,13217.68
2021-05-19,13237.91
2021-05-20,13494.09
2021-05-21,13411.74
2021-05-24,13641.75
2021-05-25,13657.73
2021-05-26,13702.74
2021-05-27,13657.85
2021-05-28,13686.51
2021-06-01,13654.59
2021-06-02,13675.79
2021-06-03,13529.68
2021-06-04,13770.77
2021-06-07,13802.89
2021-06-08,13810.86
2021-06-09,13814.94
2021-06-10,13960.35
2021-06-11,13998.3
2021-06-14,14128.2
2021-06-15,14030.41
2021-06-16,13983.01
2021-06-17,14163.81
2021-06-18,14049.58
2021-06-21,14137.23
2021-06-22,14270.42
2021-06-23,14274.24
2021-06-24,14365.96
2021-06-25,14345.18
2021-06-28,14524.98
2021-06-29,14572.75
2021-06-30,14554.8
2021-07-01,14560.05
2021-07-02,14727.63
2021-07-06,14786.36
2021-07-07,14810.53
2021-07-08,14722.14
2021-07-09,14826.09
2021-07-12,14877.89
2021-07-13,14874.54
2021-07-14,14900.44
2021-07-15,14794.69
2021-07-16,14681.38
2021-07-19,14549.09
2021-07-20,14728.21
2021-07-21,14842.63
2021-07-22,14940.17
2021-07-23,15111.79
2021-07-26,15125.95
2021-07-27,14956.97
2021-07-28,15018.1
2021-07-29,15048.36
2021-07-30,14959.9
2021-08-02,14963.62
2021-08-03,15061.42
2021-08-04,15083.39
2021-08-05,15181.64
2021-08-06,15109.36
2021-08-09,15133.11
2021-08-10,15053.58
2021-08-11,15027.76
2021-08-12,15088.98
2021-08-13,15136.68
2021-08-16,15140.77
2021-08-17,15002.83
2021-08-18,14857.92
2021-08-19,14933.93
2021-08-20,15092.57
2021-08-23,15312.82
2021-08-24,15357.68
2021-08-25,15368.92
2021-08-26,15278.52
2021-08-27,15432.95
2021-08-30,15605.09
2021-08-31,15582.51
2021-09-01,15611.57
2021-09-02,15604.25
2021-09-03,15652.86
2021-09-07,15675.76
2021-09-08,15620.85
2021-09-09,15561.05
2021-09-10,15440.75
2021-09-13,15434.5
2021-09-14,15382.9
2021-09-15,15503.53
2021-09-16,15515.91
2021-09-17,15333.47
2021-09-20,15012.18
2021-09-21,15027.77
2021-09-22,15176.51
2021-09-23,15316.58
2021-09-24,15329.68
2021-09-27,15204.83
2021-09-28,14770.3
2021-09-29,14752.89
2021-09-30,14689.62
2021-10-01,14791.87
2021-10-04,14472.12
2021-10-05,14674.15
2021-10-06,14766.75
2021-10-07,14897.13
2021-10-08,14820.75
2021-10-11,14713.73
2021-10-12,14662.11
2021-10-13,14774.6
2021-10-14,15052.42
2021-10-15,15146.92
2021-10-18,15300.89
2021-10-19,15410.72
2021-10-20,15388.71
2021-10-21,15489.59
2021-10-22,15355.07
2021-10-25,15514.19
2021-10-26,15559.49
2021-10-27,15598.39
2021-10-28,15778.16
2021-10-29,15850.47
2021-11-01,15905.28
2021-11-02,15972.49
2021-11-03,16144.5
2021-11-04,16346.24
2021-11-05,16359.38
2021-11-08,16336.03
2021-11-09,16219.93
2021-11-10,15985.57
2021-11-11,16032.47
2021-11-12,16199.89
2021-11-15,16189.11
2021-11-16,16309.77
2021-11-17,16308.07
2021-11-18,16482.97
2021-11-19,16573.34
2021-11-22,16380.98
2021-11-23,16306.72
2021-11-24,16367.81
2021-11-26,16025.58
2021-11-29,16399.24
2021-11-30,16135.92
2021-12-01,15877.72
2021-12-02,15990.76
2021-12-03,15712.04
2021-12-06,15846.16
2021-12-07,16325.66
2021-12-08,16394.34
2021-12-09,16149.57
2021-12-10,16331.98
2021-12-13,16082.55
2021-12-14,15914.9
2021-12-15,16289.59
2021-12-16,15863.94
2021-12-17,15801.46
2021-12-20,15627.64
2021-12-21,15986.28
2021-12-22,16180.14
2021-12-23,16308.21
2021-12-27,16567.5
2021-12-28,16488.66
2021-12-29,16491.01
2021-12-30,16429.1
2021-12-31,16320.08
2022-01-03,16501.77
2022-01-04,16279.73
2022-01-05,15771.77
2022-01-06,15765.36
2022-01-07,15592.19
2022-01-10,15614.43
2022-01-11,15844.12
2022-01-12,15905.1
2022-01-13,15495.62
2022-01-14,15611.59
2022-01-18,15210.76
2022-01-19,15047.84
2022-01-20,14846.46
2022-01-21,14438.4
2022-01-24,14509.58
2022-01-25,14149.12
2022-01-26,14172.76
2022-01-27,14003.11
2022-01-28,14454.61
2022-01-31,14930.05
2022-02-01,15019.68
2022-02-02,15139.74
2022-02-03,14501.11
2022-02-04,14694.35
2022-02-07,14571.25
2022-02-08,14747.03
2022-02-09,15056.96
2022-02-10,14705.64
2022-02-11,14253.84
2022-02-14,14268.59
2022-02-15,14620.82
2022-02-16,14603.64
2022-02-17,14171.74
2022-02-18,14009.54
2022-02-22,13870.53
2022-02-23,13509.43
2022-02-24,13974.67
2022-02-25,14189.16
2022-02-28,14237.81
2022-03-01,14005.99
2022-03-02,14243.69
2022-03-03,14035.21
2022-03-04,13837.83
2022-03-07,13319.38
2022-03-08,13267.6
2022-03-09,13742.2
2022-03-10,13591.0
2022-03-11,13301.83
2022-03-14,13046.64
2022-03-15,13458.56
2022-03-16,13956.78
2022-03-17,14118.6
2022-03-18,14420.08
2022-03-21,14376.09
2022-03-22,14654.33
2022-03-23,14447.55
2022-03-24,14765.69
2022-03-25,14754.31
2022-03-28,14987.4
2022-03-29,15239.32
2022-03-30,15071.55
2022-03-31,14838.49
2022-04-01,14861.21
2022-04-04,15159.58
2022-04-05,14820.64
2022-04-06,14498.89
2022-04-07,14531.81
2022-04-08,14327.26
2022-04-11,13990.2
2022-04-12,13940.24
2022-04-13,14217.29
2022-04-14,13893.22
2022-04-18,13910.76
2022-04-19,14210.26
2022-04-20,13998.53
2022-04-21,13720.45
2022-04-22,13356.87
2022-04-25,13533.22
2022-04-26,13009.71
2022-04-27,13003.36
2022-04-28,13456.06
2022-04-29,12854.8
2022-05-02,13075.85
2022-05-03,13089.9
2022-05-04,13535.71
2022-05-05,12850.55
2022-05-06,12693.53
2022-05-09,12187.72
2022-05-10,12345.86
2022-05-11,11967.56
2022-05-12,11945.5
2022-05-13,12387.4
2022-05-16,12243.58
2022-05-17,12564.1
2022-05-18,11928.31
2022-05-19,11875.63
2022-05-20,11835.62
2022-05-23,12034.28
2022-05-24,11769.84
2022-05-25,11943.93
2022-05-26,12276.79
2022-05-27,12681.42
2022-05-31,12642.1
2022-06-01,12548.36
2022-06-02,12892.89
2022-06-03,12548.02
2022-06-06,12599.63
2022-06-07,12711.67
2022-06-08,12615.13
2022-06-09,12269.78
2022-06-10,11832.82
2022-06-13,11288.32
2022-06-14,11311.69
2022-06-15,11593.77
2022-06-16,11127.57
2022-06-17,11265.99
2022-06-21,11546.76
2022-06-22,11527.71
2022-06-23,11697.68
2022-06-24,12105.85
2022-06-27,12008.24
2022-06-28,11637.77
2022-06-29,11658.26
2022-06-30,11503.72
2022-07-01,11585.68
2022-07-05,11779.91
2022-07-06,11852.59
2022-07-07,12109.05
2022-07-08,12125.69
2022-07-11,11860.28
2022-07-12,11744.99
2022-07-13,11728.53
2022-07-14,11768.4
2022-07-15,11983.62
2022-07-18,11877.5
2022-07-19,12249.42
2022-07-20,12439.68
2022-07-21,12619.41
2022-07-22,12396.47
2022-07-25,12328.41
2022-07-26,12086.9
2022-07-27,12601.47
2022-07-28,12717.87
2022-07-29,12947.98
2022-08-01,12940.78
2022-08-02,12901.6
2022-08-03,13253.26
2022-08-04,13311.04
2022-08-05,13207.69
2022-08-08,13159.16
2022-08-09,13008.17
2022-08-10,13378.32
2022-08-11,13291.99
2022-08-12,13565.87
2022-08-15,13667.18
2022-08-16,13635.21
2022-08-17,13470.86
2022-08-18,13505.99
2022-08-19,13242.9
2022-08-22,12890.54
2022-08-23,12881.79
2022-08-24,12917.86
2022-08-25,13143.58
2022-08-26,12605.17
2022-08-29,12484.32
2022-08-30,12342.7
2022-08-31,12272.03
2022-09-01,12274.62
2022-09-02,12098.44
2022-09-06,12011.31
2022-09-07,12259.39
2022-09-08,12321.19
2022-09-09,12588.29
2022-09-12,12739.72
2022-09-13,12033.62
2022-09-14,12134.4
2022-09-15,11927.49
2022-09-16,11861.38
2022-09-19,11953.27
2022-09-20,11851.54
2022-09-21,11637.79
2022-09-22,11501.65
2022-09-23,11311.24
2022-09-26,11254.11
2022-09-27,11271.75
2022-09-28,11493.83
2022-09-29,11164.78
2022-09-30,10971.22
2022-10-03,11229.73
2022-10-04,11582.54
2022-10-05,11573.18
2022-10-06,11485.5
2022-10-07,11039.47
2022-10-10,10926.97
2022-10-11,10791.35
2022-10-12,10785.61
2022-10-13,11033.58
2022-10-14,10692.06
2022-10-17,11062.53
2022-10-18,11147.74
2022-10-19,11103.38
2022-10-20,11046.71
2022-10-21,11310.33
2022-10-24,11430.26
2022-10-25,11669.99
2022-10-26,11405.9
2022-10-27,11191.63
2022-10-28,11546.21
2022-10-31,11405.57
2022-11-01,11288.95
2022-11-02,10906.34
2022-11-03,10690.6
2022-11-04,10857.03
2022-11-07,10977.0
2022-11-08,11059.5
2022-11-09,10797.55
2022-11-10,11605.96
2022-11-11,11817.01
2022-11-14,11700.94
2022-11-15,11871.15
2022-11-16,11699.09
2022-11-17,11676.86
2022-11-18,11677.02
2022-11-21,11553.45
2022-11-22,11724.84
2022-11-23,11838.72
2022-11-25,11756.03
2022-11-28,11587.75
2022-11-29,11503.45
2022-11-30,12030.06
2022-12-01,12041.9
2022-12-02,11994.26
2022-12-05,11786.8
2022-12-06,11549.68
2022-12-07,11497.39
2022-12-08,11637.5
2022-12-09,11563.33
2022-12-12,11706.44
2022-12-13,11834.21
2022-12-14,11740.92
2022-12-15,11345.22
2022-12-16,11243.72
2022-12-19,11084.59
2022-12-20,11072.42
2022-12-21,11235.88
2022-12-22,10956.14
2022-12-23,10985.45
2022-12-27,10822.51
2022-12-28,10679.34
2022-12-29,10951.05
2022-12-30,10939.76
2023-01-03,10862.64
2023-01-04,10914.8
2023-01-05,10741.22
2023-01-06,11040.35
2023-01-09,11108.45
2023-01-10,11205.78
2023-01-11,11402.53
2023-01-12,11459.61
2023-01-13,11541.48
2023-01-17,11557.19
2023-01-18,11410.29
2023-01-19,11295.67
2023-01-20,11619.03
2023-01-23,11872.54
2023-01-24,11846.64
2023-01-25,11814.69
2023-01-26,12051.48
2023-01-27,12166.6
2023-01-30,11912.39
2023-01-31,12101.93
2023-02-01,12363.1
2023-02-02,12803.14
2023-02-03,12573.36
2023-02-06,12464.51
2023-02-07,12728.27
2023-02-08,12495.38
2023-02-09,12381.17
2023-02-10,12304.92
2023-02-13,12502.31
2023-02-14,12590.89
2023-02-15,12687.89
2023-02-16,12442.48
2023-02-17,12358.18
2023-02-21,12060.3
2023-02-22,12066.27
2023-02-23,12180.14
2023-02-24,11969.65
2023-02-27,12057.79
2023-02-28,12042.12
2023-03-01,11938.57
2023-03-02,12044.87
2023-03-03,12290.81
2023-03-06,12302.48
2023-03-07,12152.17
2023-03-08,12215.33
2023-03-09,11995.88
2023-03-10,11830.28
2023-03-13,11923.17
2023-03-14,12199.79
2023-03-15,12251.32
2023-03-16,12581.39
2023-03-17,12519.88
2023-03-20,12562.61
2023-03-21,12741.44
2023-03-22,12567.15
2023-03-23,12729.23
2023-03-24,12767.05
2023-03-27,12673.07
2023-03-28,12610.57
2023-03-29,12846.03
2023-03-30,12963.14
2023-03-31,13181.35
2023-04-03,13148.35
2023-04-04,13100.08
2023-04-05,12967.2
2023-04-06,13062.6
2023-04-10,13051.23
2023-04-11,12964.16
2023-04-12,12848.35
2023-04-13,13109.39
2023-04-14,13079.52
2023-04-17,13087.71
2023-04-18,13091.79
2023-04-19,13088.71
2023-04-20,12985.98
2023-04-21,13000.77
2023-04-24,12969.76
2023-04-25,12725.11
2023-04-26,12806.49
2023-04-27,13160.03
2023-04-28,13245.99
2023-05-01,13231.47
2023-05-02,13113.66
2023-05-03,13030.21
2023-05-04,12982.48
2023-05-05,13259.13
2023-05-08,13291.64
2023-05-09,13201.11
2023-05-10,13347.83
2023-05-11,13389.78
2023-05-12,13340.17
2023-05-15,13413.51
2023-05-16,13426.01
2023-05-17,13589.26
2023-05-18,13834.62
2023-05-19,13803.49
2023-05-22,13849.74
2023-05-23,13672.54
2023-05-24,13604.48
2023-05-25,13938.53
2023-05-26,14298.41
2023-05-30,14354.99
2023-05-31,14254.09
2023-06-01,14441.51
2023-06-02,14546.64
2023-06-05,14556.5
2023-06-06,14558.09
2023-06-07,14303.29
2023-06-08,14484.54
2023-06-09,14528.36
2023-06-12,14784.3
2023-06-13,14900.85
2023-06-14,15005.69
2023-06-15,15185.48
2023-06-16,15083.92
2023-06-20,15070.15
2023-06-21,14867.45
2023-06-22,15042.32
2023-06-23,14891.48
2023-06-26,14689.02
2023-06-27,14945.91
2023-06-28,14964.58
2023-06-29,14939.95
2023-06-30,15179.21
2023-07-03,15208.69
2023-07-05,15203.78
2023-07-06,15089.45
2023-07-07,15036.85
2023-07-10,15045.64
2023-07-11,15119.06
2023-07-12,15307.23
2023-07-13,15571.98
2023-07-14,15565.6
2023-07-17,15713.28
2023-07-18,15841.35
2023-07-19,15826.35
2023-07-20,15466.09
2023-07-21,15425.67
2023-07-24,15448.02
2023-07-25,15561.42
2023-07-26,15499.26
2023-07-27,15464.93
2023-07-28,15750.93
2023-07-31,15757.0
2023-08-01,15718.01
2023-08-02,15370.74
2023-08-03,15353.54
2023-08-04,15274.92
2023-08-07,15407.85
2023-08-08,15273.05
2023-08-09,15101.71
2023-08-10,15128.84
2023-08-11,15028.07
2023-08-14,15205.58
2023-08-15,15037.65
2023-08-16,14876.47
2023-08-17,14715.81
2023-08-18,14694.84
2023-08-21,14936.69
2023-08-22,14908.96
2023-08-23,15148.06
2023-08-24,14816.44
2023-08-25,14941.83
2023-08-28,15052.46
2023-08-29,15376.55
2023-08-30,15462.43
2023-08-31,15501.07
2023-09-01,15490.86
2023-09-05,15508.24
2023-09-06,15371.44
2023-09-07,15258.52
2023-09-08,15280.23
2023-09-11,15461.87
2023-09-12,15289.74
2023-09-13,15348.53
2023-09-14,15473.89
2023-09-15,15202.4
2023-09-18,15225.37
2023-09-19,15191.23
2023-09-20,14969.92
2023-09-21,14694.24
2023-09-22,14701.1
2023-09-25,14768.89
2023-09-26,14545.83
2023-09-27,14580.16
2023-09-28,14702.77
2023-09-29,14715.24
2023-10-02,14837.57
2023-10-03,14565.62
2023-10-04,14776.25
2023-10-05,14723.22
2023-10-06,14973.24
2023-10-09,15047.16
2023-10-10,15131.52
2023-10-11,15241.12
2023-10-12,15184.1
2023-10-13,14995.12
2023-10-16,15172.73
2023-10-17,15122.01
2023-10-18,14909.26
2023-10-19,14783.13
2023-10-20,14560.88
2023-10-23,14604.85
2023-10-24,14745.86
2023-10-25,14381.64
2023-10-26,14109.57
2023-10-27,14180.42
2023-10-30,14335.51
2023-10-31,14409.78
2023-11-01,14664.91
2023-11-02,14919.54
2023-11-03,15099.49
2023-11-06,15154.93
2023-11-07,15296.02
2023-11-08,15313.24
2023-11-09,15187.9
2023-11-10,15529.12
2023-11-13,15482.79
2023-11-14,15812.47
2023-11-15,15817.18
2023-11-16,15833.17
2023-11-17,15837.99
2023-11-20,16027.06
2023-11-21,15933.62
2023-11-22,16001.39
2023-11-24,15982.01
2023-11-27,15961.98
2023-11-28,16010.43
2023-11-29,15987.6
2023-11-30,15947.87
2023-12-01,15997.58
2023-12-04,15839.67
2023-12-05,15877.71
2023-12-06,15788.05
2023-12-07,16022.49
2023-12-08,16084.69
2023-12-11,16221.74
2023-12-12,16354.25
2023-12-13,16562.37
2023-12-14,16537.83
2023-12-15,16623.45
2023-12-18,16729.8
2023-12-19,16811.86
2023-12-20,16554.16
2023-12-21,16757.41
2023-12-22,16777.4
2023-12-26,16878.46
2023-12-27,16906.8
2023-12-28,16898.47
2023-12-29,16825.93
2024-01-02,16543.94
2024-01-03,16368.49
2024-01-04,16282.01
2024-01-05,16305.98
2024-01-08,16649.87
2024-01-09,16678.7
2024-01-10,16793.04
2024-01-11,16820.9
2024-01-12,16832.92
2024-01-16,16830.71
2024-01-17,16736.28
2024-01-18,16982.29
2024-01-19,17314.01
2024-01-22,17330.38
2024-01-23,17404.21
2024-01-24,17499.3
2024-01-25,17516.99
2024-01-26,17421.01
2024-01-29,17596.27
2024-01-30,17476.71
2024-01-31,17137.24
2024-02-01,17344.71
2024-02-02,17642.73
2024-02-05,17613.04
2024-02-06,17572.73
2024-02-07,17755.07
2024-02-08,17783.17
2024-02-09,17962.4
2024-02-12,17882.66
2024-02-13,17600.42
2024-02-14,17807.63
2024-02-15,17845.72
2024-02-16,17685.98
2024-02-20,17546.1
2024-02-21,17478.91
2024-02-22,18004.7
2024-02-23,17937.61
2024-02-26,17933.33
2024-02-27,17971.05
2024-02-28,17874.5
2024-02-29,18043.85
2024-03-01,18302.91
2024-03-04,18226.48
2024-03-05,17897.87
2024-03-06,18017.57
2024-03-07,18297.99
2024-03-08,18018.45
2024-03-11,17951.69
2024-03-12,18219.12
2024-03-13,18068.47
2024-03-14,18014.81
2024-03-15,17808.25
2024-03-18,17985.01
2024-03-19,18032.21
2024-03-20,18240.11
2024-03-21,18320.38
2024-03-22,18339.44
2024-03-25,18277.06
2024-03-26,18210.54
2024-03-27,18280.84
2024-03-28,18254.69
2024-04-01,18293.2
2024-04-02,18121.78
2024-04-03,18160.19
2024-04-04,17878.78
2024-04-05,18108.46
2024-04-08,18100.19
2024-04-09,18169.9
2024-04-10,18011.65
2024-04-11,18307.98
2024-04-12,18003.49
2024-04-15,17706.83
2024-04-16,17713.66
2024-04-17,17493.62
2024-04-18,17394.31
2024-04-19,17037.65
2024-04-22,17210.89
2024-04-23,17471.47
2024-04-24,17526.8
2024-04-25,17430.5
2024-04-26,17718.3
2024-04-29,17782.71
2024-04-30,17440.69
2024-05-01,17318.55
2024-05-02,17541.54
2024-05-03,17890.79
2024-05-06,18093.57
2024-05-07,18091.45
2024-05-08,18085.01
2024-05-09,18113.46
2024-05-10,18161.18
2024-05-13,18198.61
2024-05-14,18322.77
2024-05-15,18596.65
2024-05-16,18557.96
2024-05-17,18546.23
2024-05-20,18674.19
2024-05-21,18713.8
2024-05-22,18705.2
2024-05-23,18623.39
2024-05-24,18808.35
2024-05-28,18869.44
2024-05-29,18736.76
2024-05-30,18538.66
2024-05-31,18536.65
2024-06-03,18600.97
2024-06-04,18654.84
2024-06-05,19035.05
2024-06-06,19021.19
2024-06-07,19000.95
2024-06-10,19074.68
2024-06-11,19210.19
2024-06-12,19465.18
2024-06-13,19576.92
2024-06-14,19659.8
2024-06-17,19902.75
2024-06-18,19908.86
2024-06-20,19752.3
2024-06-21,19700.43
2024-06-24,19474.62
2024-06-25,19701.13
2024-06-26,19751.05
2024-06-27,19789.03
2024-06-28,19682.87
2024-07-01,19812.22
2024-07-02,20011.89
2024-07-03,20186.63
2024-07-05,20391.97
2024-07-08,20439.54
2024-07-09,20453.02
2024-07-10,20675.38
2024-07-11,20211.36
2024-07-12,20331.49
2024-07-15,20386.88
2024-07-16,20398.62
2024-07-17,19799.14
2024-07-18,19705.09
2024-07-19,19522.62
2024-07-22,19822.87
2024-07-23,19754.34
2024-07-24,19032.39
2024-07-25,18830.59
2024-07-26,19023.66
2024-07-29,19059.49
2024-07-30,18796.27
2024-07-31,19362.43
2024-08-01,18890.39
2024-08-02,18440.85
2024-08-05,17895.15
2024-08-06,18077.92
2024-08-07,17867.37
2024-08-08,18413.82
2024-08-09,18513.1
2024-08-12,18542.03
2024-08-13,19006.43
2024-08-14,19022.68
2024-08-15,19490.15
2024-08-16,19508.52
2024-08-19,19766.48
2024-08-20,19719.82
2024-08-21,19824.84
2024-08-22,19491.84
2024-08-23,19720.87
2024-08-26,19516.44
2024-08-27,19581.52
2024-08-28,19350.78
2024-08-29,19325.45
2024-08-30,19574.64
2024-09-03,18958.73
2024-09-04,18921.4
2024-09-05,18930.33
2024-09-06,18421.31
2024-09-09,18660.78
2024-09-10,18829.14
2024-09-11,19237.3
2024-09-12,19423.07
2024-09-13,19514.59
2024-09-16,19423.06
2024-09-17,19432.4
2024-09-18,19344.49
2024-09-19,19839.83
2024-09-20,19791.49
2024-09-23,19852.2
2024-09-24,19944.84
2024-09-25,19972.61
2024-09-26,20115.54
2024-09-27,20008.62
2024-09-30,20060.69
2024-10-01,19773.3
2024-10-02,19802.59
2024-10-03,19793.34
2024-10-04,20035.02
2024-10-07,19800.74
2024-10-08,20107.78
2024-10-09,20268.86
2024-10-10,20241.76
2024-10-11,20271.97
2024-10-14,20439.05
2024-10-15,20159.83
2024-10-16,20174.05
2024-10-17,20190.42
2024-10-18,20324.04
2024-10-21,20361.47
2024-10-22,20383.64
2024-10-23,20066.96
2024-10-24,20232.87
2024-10-25,20352.02
2024-10-28,20351.07
2024-10-29,20550.65
2024-10-30,20387.7
2024-10-31,19890.41
2024-11-01,20033.14
2024-11-04,19963.6
2024-11-05,20227.46
2024-11-06,20781.33
2024-11-07,21101.57
2024-11-08,21117.18
2024-11-11,21106.59
2024-11-12,21070.79
2024-11-13,21036.16
2024-11-14,20896.67
2024-11-15,20394.13
2024-11-18,20539.19
2024-11-19,20684.59
2024-11-20,20667.1
2024-11-21,20740.78
2024-11-22,20776.23
2024-11-25,20804.89
2024-11-26,20922.9
2024-11-27,20744.49
2024-11-29,20930.37
2024-12-02,21164.6
2024-12-03,21229.32
2024-12-04,21492.36
2024-12-05,21425.22
2024-12-06,21622.25
2024-12-09,21440.82
2024-12-10,21368.18
2024-12-11,21763.98
2024-12-12,21615.27
2024-12-13,21780.25
2024-12-16,22096.66
2024-12-17,22001.08
2024-12-18,21209.31
2024-12-19,21110.51
2024-12-20,21289.15
2024-12-23,21503.17
2024-12-24,21797.65
2024-12-26,21768.31
2024-12-27,21473.02
2024-12-30,21197.09
2024-12-31,21012.17
2025-01-02,20975.62
2025-01-03,21326.16
2025-01-06,21559.5
2025-01-07,21173.04
2025-01-08,21180.96
2025-01-10,20847.58
2025-01-13,20784.72
2025-01-14,20757.41
2025-01-15,21237.85
2025-01-16,21091.25
2025-01-17,21441.15
2025-01-21,21566.51
2025-01-22,21853.0
2025-01-23,21900.93
2025-01-24,21774.01
2025-01-27,21127.28
2025-01-28,21463.04
2025-01-29,21411.46
2025-01-30,21508.12
2025-01-31,21478.05
2025-02-03,21297.58
2025-02-04,21566.92
2025-02-05,21658.16
2025-02-06,21774.06
2025-02-07,21491.31
2025-02-10,21756.73
2025-02-11,21693.52
2025-02-12,21719.26
2025-02-13,22030.71
2025-02-14,22114.69
2025-02-18,22164.61
2025-02-19,22175.6
2025-02-20,22068.06
2025-02-21,21614.08
2025-02-24,21352.08
2025-02-25,21087.24
2025-02-26,21132.92
2025-02-27,20550.95
2025-02-28,20884.41015625
2025-03-03,20425.580078125
2025-03-04,20352.529296875
2025-03-05,20628.4609375
2025-03-06,20052.630859375
2025-03-07,20201.369140625
2025-03-10,19430.94921875
2025-03-11,19376.9609375
2025-03-12,19596.01953125
2025-03-13,19225.48046875
2025-03-14,19704.640625
2025-03-17,19812.240234375
2025-03-18,19483.359375
2025-03-19,19736.66015625
2025-03-20,19677.609375
2025-03-21,19753.970703125
2025-03-24,20180.44921875
2025-03-25,20287.830078125
2025-03-26,19916.990234375
2025-03-27,19798.619140625
2025-03-28,19281.400390625
2025-03-31,19278.44921875
2025-04-01,19436.419921875
2025-04-02,19581.779296875
2025-04-03,18521.470703125
2025-04-04,17397.69921875
2025-04-07,17430.6796875
2025-04-08,17090.400390625
2025-04-09,19145.060546875
2025-04-10,18343.5703125
2025-04-11,18690.05078125
2025-04-14,18796.01953125
2025-04-15,18830.23046875
2025-04-16,18257.640625
2025-04-17,18258.08984375
2025-04-21,17808.30078125
2025-04-22,18276.41015625
2025-04-23,18693.259765625
2025-04-24,19214.400390625
2025-04-25,19432.560546875
2025-04-28,19427.2890625
2025-04-29,19544.94921875
2025-04-30,19571.01953125
2025-05-01,19786.7109375
2025-05-02,20102.609375
2025-05-05,19967.939453125
2025-05-06,19791.349609375
2025-05-07,19867.970703125
2025-05-08,20063.560546875
2025-05-09,20061.44921875
2025-05-12,20868.150390625
2025-05-13,21197.69921875
2025-05-14,21319.2109375
2025-05-15,21335.8203125
2025-05-16,21427.939453125
2025-05-19,21447.05078125
2025-05-20,21367.369140625
2025-05-21,21080.359375
2025-05-22,21112.470703125
2025-05-23,20915.66015625
2025-05-27,21414.990234375
2025-05-28,21318.169921875
2025-05-29,21363.94921875
2025-05-30,21340.990234375
2025-06-02,21491.75
2025-06-03,21662.580078125
2025-06-04,21721.919921875
2025-06-05,21547.4296875
2025-06-06,21761.7890625
2025-06-09,21797.869140625
2025-06-10,21941.919921875
2025-06-11,21860.80078125
2025-06-12,21913.3203125
2025-06-13,21631.0390625
2025-06-16,21937.5703125
2025-06-17,21719.080078125
2025-06-18,21719.689453125
2025-06-20,21626.390625
2025-06-23,21856.330078125
2025-06-24,22190.51953125
2025-06-25,22237.740234375
2025-06-26,22447.2890625
2025-06-27,22534.19921875
2025-06-30,22679.009765625
2025-07-01,22478.130859375
2025-07-02,22641.890625
2025-07-03,22866.970703125
2025-07-07,22685.5703125
2025-07-08,22702.25
2025-07-09,22864.91015625
2025-07-10,22829.259765625
2025-07-11,22780.599609375
2025-07-14,22855.630859375
2025-07-15,22884.58984375
2025-07-16,22907.970703125
2025-07-17,23081.05078125
2025-07-18,23065.470703125
2025-07-21,23180.060546875
2025-07-22,23063.580078125
2025-07-23,23162.41015625
2025-07-24,23219.869140625
2025-07-25,23272.25
2025-07-28,23356.26953125
2025-07-29,23308.30078125
2025-07-30,23345.41015625
2025-07-31,23218.119140625
2025-08-01,22763.310546875
2025-08-04,23188.609375
2025-08-05,23018.560546875
2025-08-06,23315.0390625
2025-08-07,23389.529296875
2025-08-08,23611.26953125
2025-08-11,23526.630859375
2025-08-12,23839.19921875
2025-08-13,23849.0390625
2025-08-14,23832.439453125
2025-08-15,23712.0703125
2025-08-18,23713.759765625
2025-08-19,23384.76953125
2025-08-20,23249.5703125
2025-08-21,23142.580078125
2025-08-22,23498.119140625
2025-08-25,23425.609375
2025-08-26,23525.2890625
2025-08-27,23565.849609375
2025-08-28,23703.44921875
2025-08-29,23415.419921875
2025-09-02,23231.109375
2025-09-03,23414.83984375
2025-09-04,23633.009765625
2025-09-05,23652.439453125
2025-09-08,23762.30078125
2025-09-09,23839.80078125
2025-09-10,23849.26953125
2025-09-11,23992.560546875
2025-09-12,24092.189453125
2025-09-15,24293.779296875
2025-09-16,24274.25
2025-09-17,24223.689453125
2025-09-18,24454.890625
2025-09-19,24626.25
2025-09-22,24761.0703125
2025-09-23,24580.169921875
2025-09-24,24503.5703125
2025-09-25,24397.310546875
2025-09-26,24503.849609375
2025-09-29,24611.349609375
2025-09-30,24679.990234375
2025-10-01,24800.859375
2025-10-02,24892.759765625
2025-10-03,24785.51953125
2025-10-06,24978.560546875
2025-10-07,24840.23046875
2025-10-08,25136.619140625
2025-10-09,25098.1796875
2025-10-10,24221.740234375
2025-10-13,24750.25
2025-10-14,24579.3203125
2025-10-15,24745.359375
2025-10-16,24657.240234375
2025-10-17,24817.94921875
2025-10-20,25141.01953125
2025-10-21,25127.130859375
2025-10-22,24879.009765625
2025-10-23,25097.41015625
2025-10-24,25358.16015625
2025-10-27,25821.55078125
2025-10-28,26012.150390625
2025-10-29,26119.849609375
2025-10-30,25734.810546875
2025-10-31,25858.130859375
2025-11-03,25972.939453125
2025-11-04,25435.69921875
2025-11-05,25620.029296875
2025-11-06,25130.0390625
2025-11-07,25059.810546875
2025-11-10,25611.740234375
2025-11-11,25533.490234375
2025-11-12,25517.330078125
2025-11-13,24993.4609375
2025-11-14,25008.240234375
2025-11-17,24799.919921875
2025-11-18,24503.099609375
2025-11-19,24640.51953125
2025-11-20,24054.380859375
2025-11-21,24239.5703125
2025-11-24,24873.849609375
2025-11-25,25018.359375
2025-11-26,25236.939453125
2025-11-28,25434.890625
2025-12-01,25342.849609375
2025-12-02,25555.859375
2025-12-03,25606.5390625
2025-12-04,25581.69921875
2025-12-05,25692.05078125
2025-12-08,25627.94921875
2025-12-09,25668.689453125
2025-12-10,25776.439453125
2025-12-11,25686.689453125
2025-12-12,25196.73046875
2025-12-15,25067.26953125
2025-12-16,25132.939453125
2025-12-17,24647.609375
2025-12-18,25019.369140625
2025-12-19,25346.1796875
2025-12-22,25461.69921875
2025-12-23,25587.830078125
2025-12-24,25656.150390625
2025-12-26,25644.390625
2025-12-29,25525.560546875
2025-12-30,25462.560546875
2025-12-31,25249.849609375
2026-01-02,25206.169921875
2026-01-05,25401.3203125
2026-01-06,25639.7109375
2026-01-07,25653.900390625
2026-01-08,25507.099609375
2026-01-09,25766.259765625
2026-01-12,25787.66015625
2026-01-13,25741.94921875
2026-01-14,25465.939453125
2026-01-15,25547.0703125
2026-01-16,25529.259765625
2026-01-20,24987.5703125
2026-01-21,25326.580078125
2026-01-22,25518.349609375
2026-01-23,25605.470703125
2026-01-26,25713.2109375
2026-01-27,25939.740234375
2026-01-28,26022.7890625
2026-01-29,25884.30078125
2026-01-30,25552.390625
2026-02-02,25738.609375
2026-02-03,25338.619140625
2026-02-04,24891.240234375
2026-02-05,24548.689453125
2026-02-06,25075.76953125
2026-02-09,25268.140625
2026-02-10,25127.640625
2026-02-11,25201.259765625
2026-02-12,24687.609375
2026-02-13,24732.73046875
2026-02-17,24701.599609375
2026-02-18,24898.869140625
2026-02-19,24797.33984375
2026-02-20,25012.619140625
2026-02-23,24708.939453125
2026-02-24,24977.0390625
2026-02-25,25329.0390625
2026-02-26,25034.369140625
2026-02-27,24960.0390625
2026-03-02,24992.599609375
2026-03-03,24720.080078125
2026-03-04,25093.6796875
2026-03-05,25020.41015625
2026-03-06,24643.01953125
2026-03-09,24967.25
2026-03-10,24956.470703125
2026-03-11,24965.009765625
2026-03-12,24533.580078125
2026-03-13,24380.73046875
2026-03-16,24655.33984375
2026-03-17,24780.419921875
2026-03-18,24425.08984375
2026-03-19,24355.279296875
2026-03-20,23898.150390625
2026-03-23,24188.58984375
2026-03-24,24002.44921875
2026-03-25,24162.98046875
2026-03-26,23586.990234375
2026-03-27,23132.76953125
2026-03-30,22953.380859375
2026-03-31,23740.189453125
2026-04-01,24019.990234375
2026-04-02,24045.529296875
2026-04-06,24192.169921875
2026-04-07,24202.369140625
2026-04-08,24903.169921875
2026-04-09,25082.08984375
2026-04-10,25116.33984375
2026-04-13,25383.720703125
2026-04-14,25842.0
2026-04-15,26204.580078125
2026-04-16,26333.0
2026-04-17,26672.4296875
2026-04-20,26590.33984375
2026-04-21,26479.470703125
2026-04-22,26937.279296875
2026-04-23,26782.630859375
2026-04-24,27303.669921875
2026-04-27,27305.6796875
2026-04-28,26959.271484375
2026-04-29,27186.98046875
2026-04-30,27452.119140625
2026-05-01,27710.359375
2026-05-04,27651.8203125
2026-05-05,28015.060546875
2026-05-06,28599.169921875
2026-05-07,28541.693359375
2026-05-08,29234.990234375
2026-05-11,29320.66015625
2026-05-12,29064.80078125
2026-05-13,29366.939453125
2026-05-14,29580.30078125
2026-05-15,29125.19921875
2026-05-18,28994.369140625
2026-05-19,28818.83984375
2026-05-20,29297.69921875
2026-05-21,29357.26953125
2026-05-22,29481.640625
2026-05-26,30001.3203125
2026-05-27,29973.5703125
2026-05-28,30223.890625
2026-05-29,30333.1796875
2026-06-01,30513.859375
2026-06-02,30660.599609375
2026-06-03,30571.240234375
2026-06-04,30519.869140625
2026-06-05,28957.599609375
2026-06-08,29414.259765625
2026-06-09,29084.5
2026-06-10,28508.029296875
2026-06-11,29446.1796875
2026-06-12,29635.94921875
2026-06-15,30543.919921875
2026-06-16,29968.130859375
2026-06-17,29670.94921875
2026-06-18,30406.189453125
2026-06-22,30347.080078125
2026-06-23,29347.26953125
2026-06-24,29220.060546875
2026-06-25,29440.3203125
2026-06-26,29118.240234375
2026-06-29,29774.75
2026-06-30,30276.349609375
2026-07-01,29809.130859375
2026-07-02,29329.2109375
2026-07-06,29697.869140625
2026-07-07,29173.01953125
2026-07-08,29252.560546875
2026-07-09,29742.791015625
2026-07-10,29825.109375
2026-07-13,29264.099609375
2026-07-14,29586.2890625
2026-07-15,29502.599609375
2026-07-16,29025.76953125
2026-07-17,28592.66015625
2026-07-20,28604.23046875
2026-07-21,29155.1796875
2026-07-22,28998.099609375
2026-07-23,28454.810546875
2026-07-24,28128.33984375
2026-07-27,28039.2109375
2026-07-28,27763.130859375
2026-07-29,27192.310546875
2026-07-30,28106.349609375
2026-07-31,28274.19921875
2026-08-03,28776.80078125
2026-08-04,29733.16015625
2026-08-05,29487.7890625
2026-08-06,29373.330078125
2026-08-07,29722.30078125
2026-08-10,29621.80078125
2026-08-11,29525.48046875
2026-08-12,29742.599609375
2026-08-13,30084.5
2026-08-14,30046.140625
2026-08-17,29995.380859375
2026-08-18,29490.9609375
2026-08-19,29426.01953125
2026-08-20,29213.16015625
2026-08-21,29308.859375
2026-08-24,29023.1796875
2026-08-25,29209.23046875
2026-08-26,29224.51953125
2026-08-27,29641.560546875
2026-08-28,29433.4296875
2026-08-31,29456.970703125
2026-09-01,29077.220703125
2026-09-02,29143.330078125
2026-09-03,29482.3203125
2026-09-04,29544.150390625
2026-09-08,29507.69921875
2026-09-09,29421.55078125
2026-09-10,29103.509765625
2026-09-11,29368.439453125
2026-09-14,29127.16015625
2026-09-15,28937.83984375
2026-09-16,28945.060546875
2026-09-17,29446.98046875
2026-09-18,29644.169921875
2026-09-21,30482.349609375
2026-09-22,30637.203125
2026-09-23,30470.2890625
2026-09-24,30478.859375
2026-09-25,30608.130859375
